Tlin11583-RA	GO:0006123
Tlin11583-RA	GO:0005751
Tlin11583-RA	GO:0006123
Tlin11583-RA	GO:0005751
Tlin09239-RA	GO:0051560
Tlin13713-RA	GO:0005506
Tlin13713-RA	GO:0016705
Tlin13713-RA	GO:0020037
Tlin13713-RA	GO:0004497
Tlin13713-RA	GO:0005506
Tlin13713-RA	GO:0016705
Tlin13713-RA	GO:0020037
Tlin13713-RA	GO:0004497
Tlin13713-RA	GO:0005506
Tlin13713-RA	GO:0016705
Tlin13713-RA	GO:0020037
Tlin13713-RA	GO:0004497
Tlin05950-RA	GO:0007186
Tlin05950-RA	GO:0016020
Tlin05950-RA	GO:0004930
Tlin05950-RA	GO:0007186
Tlin05950-RA	GO:0016020
Tlin05950-RA	GO:0004930
Tlin00099-RA	GO:0070072
Tlin12121-RA	GO:0003676
Tlin13034-RA	GO:0000045
Tlin13034-RA	GO:1990316
Tlin13034-RA	GO:0006914
Tlin10275-RA	GO:0005524
Tlin10275-RA	GO:0003676
Tlin12250-RA	GO:0003677
Tlin12250-RA	GO:0003677
Tlin09938-RA	GO:0016868
Tlin09938-RA	GO:0006096
Tlin09938-RA	GO:0003824
Tlin12097-RA	GO:0003678
Tlin12097-RA	GO:0005524
Tlin12097-RA	GO:0003677
Tlin12097-RA	GO:0004386
Tlin12097-RA	GO:0005524
Tlin12097-RA	GO:0006139
Tlin12097-RA	GO:0016818
Tlin12097-RA	GO:0003676
Tlin07988-RA	GO:0030677
Tlin07988-RA	GO:0001682
Tlin01156-RA	GO:0004471
Tlin01156-RA	GO:0004471
Tlin01156-RA	GO:0051287
Tlin01156-RA	GO:0004471
Tlin02595-RA	GO:0016791
Tlin02595-RA	GO:0016311
Tlin02595-RA	GO:0016311
Tlin02595-RA	GO:0008138
Tlin04998-RA	GO:0016779
Tlin04998-RA	GO:0031123
Tlin04998-RA	GO:0003723
Tlin04998-RA	GO:1990817
Tlin04998-RA	GO:0043631
Tlin04998-RA	GO:0016779
Tlin04998-RA	GO:0043631
Tlin04998-RA	GO:0003723
Tlin04998-RA	GO:0043631
Tlin04998-RA	GO:0003723
Tlin07770-RA	GO:0005549
Tlin07770-RA	GO:0008270
Tlin07770-RA	GO:0006355
Tlin07770-RA	GO:0006355
Tlin07770-RA	GO:0008270
Tlin07770-RA	GO:0043565
Tlin07770-RA	GO:0003700
Tlin07770-RA	GO:0005515
Tlin07770-RA	GO:0005524
Tlin07770-RA	GO:0016459
Tlin07770-RA	GO:0003774
Tlin07770-RA	GO:0006355
Tlin07770-RA	GO:0008270
Tlin07770-RA	GO:0043565
Tlin07770-RA	GO:0003700
Tlin07770-RA	GO:0005549
Tlin07770-RA	GO:0005856
Tlin07770-RA	GO:0005856
Tlin07770-RA	GO:0005515
Tlin07770-RA	GO:0005549
Tlin13587-RA	GO:0016192
Tlin13587-RA	GO:0016020
Tlin13587-RA	GO:0006886
Tlin13587-RA	GO:0016020
Tlin13587-RA	GO:0005484
Tlin13587-RA	GO:0048193
Tlin13587-RA	GO:0016020
Tlin03885-RA	GO:0007264
Tlin03885-RA	GO:0005085
Tlin03885-RA	GO:0007264
Tlin03885-RA	GO:0005085
Tlin03885-RA	GO:0007264
Tlin03885-RA	GO:0005085
Tlin03885-RA	GO:0007264
Tlin03885-RA	GO:0005085
Tlin03885-RA	GO:0007264
Tlin03885-RA	GO:0005085
Tlin10452-RA	GO:0005524
Tlin10452-RA	GO:0016459
Tlin10452-RA	GO:0003774
Tlin10452-RA	GO:0016459
Tlin10452-RA	GO:0003774
Tlin01577-RA	GO:0005515
Tlin01577-RA	GO:0005515
Tlin14596-RA	GO:0016887
Tlin14596-RA	GO:0005524
Tlin03552-RA	GO:0005515
Tlin03552-RA	GO:0005515
Tlin13991-RA	GO:0003676
Tlin13991-RA	GO:0015074
Tlin04146-RA	GO:0020037
Tlin04146-RA	GO:0009055
Tlin04146-RA	GO:0020037
Tlin04146-RA	GO:0009055
Tlin04146-RA	GO:0020037
Tlin04146-RA	GO:0009055
Tlin04146-RA	GO:0020037
Tlin04146-RA	GO:0009055
Tlin06372-RA	GO:0004386
Tlin07958-RA	GO:0003676
Tlin06976-RA	GO:0006542
Tlin06976-RA	GO:0006807
Tlin06976-RA	GO:0004356
Tlin06976-RA	GO:0003824
Tlin06976-RA	GO:0006542
Tlin06976-RA	GO:0006807
Tlin06976-RA	GO:0004356
Tlin06976-RA	GO:0006542
Tlin06976-RA	GO:0006807
Tlin06976-RA	GO:0004356
Tlin06976-RA	GO:0006807
Tlin06976-RA	GO:0004356
Tlin00550-RA	GO:0005515
Tlin00550-RA	GO:0005515
Tlin00550-RA	GO:0005515
Tlin00550-RA	GO:0005515
Tlin00550-RA	GO:0005515
Tlin00550-RA	GO:0005515
Tlin00550-RA	GO:0000398
Tlin00550-RA	GO:0005515
Tlin05866-RA	GO:0008061
Tlin05866-RA	GO:0005576
Tlin05866-RA	GO:0008061
Tlin00188-RA	GO:0005886
Tlin00188-RA	GO:0005261
Tlin00188-RA	GO:0006811
Tlin00188-RA	GO:0016020
Tlin00188-RA	GO:0055085
Tlin00188-RA	GO:0005216
Tlin00188-RA	GO:0006811
Tlin00188-RA	GO:0016020
Tlin00188-RA	GO:0055085
Tlin00188-RA	GO:0005216
Tlin01122-RA	GO:0016020
Tlin01122-RA	GO:0019829
Tlin01122-RA	GO:0140358
Tlin01122-RA	GO:0006812
Tlin01122-RA	GO:0000166
Tlin01122-RA	GO:0000166
Tlin00905-RA	GO:0003676
Tlin08223-RA	GO:0006355
Tlin08223-RA	GO:0005634
Tlin08223-RA	GO:0006355
Tlin08223-RA	GO:0005634
Tlin08728-RA	GO:0005515
Tlin08728-RA	GO:0005515
Tlin08283-RA	GO:0016020
Tlin08283-RA	GO:0016020
Tlin05880-RA	GO:0005515
Tlin14393-RA	GO:0003676
Tlin09668-RA	GO:0005515
Tlin09668-RA	GO:0005515
Tlin00506-RA	GO:0016598
Tlin00506-RA	GO:0004057
Tlin00506-RA	GO:0016598
Tlin00506-RA	GO:0004057
Tlin08117-RA	GO:0005515
Tlin08117-RA	GO:0005515
Tlin08117-RA	GO:0005515
Tlin08449-RA	GO:0005515
Tlin08449-RA	GO:0005515
Tlin08449-RA	GO:0005515
Tlin08449-RA	GO:0005515
Tlin13662-RA	GO:0003352
Tlin09208-RA	GO:0070006
Tlin09208-RA	GO:0006508
Tlin10863-RA	GO:0043087
Tlin10863-RA	GO:0043087
Tlin10863-RA	GO:0035556
Tlin10863-RA	GO:0043087
Tlin08739-RA	GO:0004812
Tlin08739-RA	GO:0005524
Tlin08739-RA	GO:0006418
Tlin08739-RA	GO:0000166
Tlin03791-RA	GO:0005730
Tlin03791-RA	GO:0006355
Tlin03791-RA	GO:0008134
Tlin03791-RA	GO:0003677
Tlin03791-RA	GO:0005730
Tlin03791-RA	GO:0006355
Tlin03791-RA	GO:0008134
Tlin03791-RA	GO:0003677
Tlin06635-RA	GO:0005524
Tlin06635-RA	GO:0016459
Tlin06635-RA	GO:0003774
Tlin05035-RA	GO:0005515
Tlin05035-RA	GO:0007165
Tlin05035-RA	GO:0005515
Tlin05035-RA	GO:0005515
Tlin05035-RA	GO:0005515
Tlin05035-RA	GO:0005515
Tlin05035-RA	GO:0005515
Tlin05035-RA	GO:0005515
Tlin05035-RA	GO:0005515
Tlin05035-RA	GO:0005515
Tlin05035-RA	GO:0005515
Tlin05035-RA	GO:0005515
Tlin05035-RA	GO:0005515
Tlin11714-RA	GO:0003676
Tlin11714-RA	GO:0005515
Tlin11714-RA	GO:0005515
Tlin11714-RA	GO:0005515
Tlin11714-RA	GO:0005515
Tlin11714-RA	GO:0005515
Tlin11714-RA	GO:0005515
Tlin12769-RA	GO:0003676
Tlin01171-RA	GO:0005198
Tlin01171-RA	GO:0019028
Tlin01171-RA	GO:0005198
Tlin01171-RA	GO:0005198
Tlin05178-RA	GO:0008641
Tlin07906-RA	GO:0005840
Tlin07906-RA	GO:0006412
Tlin07906-RA	GO:0003735
Tlin07906-RA	GO:0005840
Tlin07906-RA	GO:0006412
Tlin07906-RA	GO:0003735
Tlin07906-RA	GO:0005840
Tlin07906-RA	GO:0006412
Tlin07906-RA	GO:0003735
Tlin00450-RA	GO:0003824
Tlin00450-RA	GO:0019752
Tlin00450-RA	GO:0030170
Tlin00450-RA	GO:0016830
Tlin00246-RA	GO:0031267
Tlin00246-RA	GO:0006886
Tlin00246-RA	GO:0006611
Tlin00246-RA	GO:0005049
Tlin12881-RA	GO:0046961
Tlin12881-RA	GO:1902600
Tlin12881-RA	GO:0033179
Tlin12881-RA	GO:0046961
Tlin12881-RA	GO:1902600
Tlin12881-RA	GO:0033179
Tlin08659-RA	GO:0008083
Tlin08659-RA	GO:0008083
Tlin08659-RA	GO:0005576
Tlin06515-RA	GO:0016579
Tlin06515-RA	GO:0043161
Tlin06515-RA	GO:0004843
Tlin06515-RA	GO:0016579
Tlin06515-RA	GO:0004843
Tlin06515-RA	GO:0006511
Tlin06515-RA	GO:0004843
Tlin06515-RA	GO:0006511
Tlin06515-RA	GO:0004843
Tlin13583-RA	GO:0005515
Tlin13583-RA	GO:0004402
Tlin13583-RA	GO:0005669
Tlin13583-RA	GO:0006366
Tlin13583-RA	GO:0017025
Tlin13583-RA	GO:0001091
Tlin13583-RA	GO:0005515
Tlin13583-RA	GO:0005515
Tlin13583-RA	GO:0005515
Tlin13583-RA	GO:0005515
Tlin13583-RA	GO:0005515
Tlin12160-RA	GO:0050661
Tlin12160-RA	GO:0016491
Tlin13750-RA	GO:0005515
Tlin13750-RA	GO:0005515
Tlin13750-RA	GO:0005515
Tlin13750-RA	GO:0005515
Tlin13750-RA	GO:0005515
Tlin13750-RA	GO:0005515
Tlin13750-RA	GO:0005515
Tlin13750-RA	GO:0005515
Tlin13750-RA	GO:0005515
Tlin13750-RA	GO:0005515
Tlin13750-RA	GO:0005515
Tlin13750-RA	GO:0006508
Tlin13750-RA	GO:0004252
Tlin13750-RA	GO:0005515
Tlin13750-RA	GO:0005515
Tlin04532-RA	GO:0005524
Tlin04532-RA	GO:0003676
Tlin01867-RA	GO:0061630
Tlin01867-RA	GO:0072487
Tlin01867-RA	GO:0061630
Tlin00852-RA	GO:0050909
Tlin00852-RA	GO:0016020
Tlin00852-RA	GO:0050909
Tlin00852-RA	GO:0016020
Tlin06287-RA	GO:0008374
Tlin14229-RA	GO:0016020
Tlin14229-RA	GO:0016485
Tlin14229-RA	GO:0004190
Tlin14229-RA	GO:0016020
Tlin14229-RA	GO:0016485
Tlin14229-RA	GO:0004190
Tlin07724-RA	GO:0005737
Tlin07724-RA	GO:0005852
Tlin07724-RA	GO:0003743
Tlin07724-RA	GO:0008233
Tlin07724-RA	GO:0008237
Tlin07724-RA	GO:0005515
Tlin00459-RA	GO:0016020
Tlin11625-RA	GO:0005524
Tlin11625-RA	GO:0006468
Tlin11625-RA	GO:0004672
Tlin03341-RA	GO:0000179
Tlin03341-RA	GO:0008649
Tlin03341-RA	GO:0000154
Tlin05791-RA	GO:0035091
Tlin05791-RA	GO:0035091
Tlin05791-RA	GO:0035091
Tlin00634-RA	GO:0090090
Tlin02190-RA	GO:0005515
Tlin02330-RA	GO:0006355
Tlin05308-RA	GO:0005515
Tlin05308-RA	GO:0005515
Tlin10447-RA	GO:0008113
Tlin10447-RA	GO:0008113
Tlin10447-RA	GO:0008113
Tlin14100-RA	GO:0003677
Tlin14100-RA	GO:0030527
Tlin14100-RA	GO:0000786
Tlin14100-RA	GO:0046982
Tlin14100-RA	GO:0003677
Tlin14100-RA	GO:0030527
Tlin14100-RA	GO:0000786
Tlin14100-RA	GO:0003677
Tlin14100-RA	GO:0046982
Tlin03095-RA	GO:0016298
Tlin03095-RA	GO:0006629
Tlin03095-RA	GO:0016298
Tlin00564-RA	GO:0016020
Tlin11895-RA	GO:0006629
Tlin11895-RA	GO:0016787
Tlin11895-RA	GO:0016042
Tlin14713-RA	GO:0048193
Tlin14713-RA	GO:0043087
Tlin14713-RA	GO:0048193
Tlin14713-RA	GO:0043087
Tlin09086-RA	GO:0016020
Tlin09086-RA	GO:0015276
Tlin04768-RA	GO:0005634
Tlin04768-RA	GO:0006260
Tlin04768-RA	GO:0006281
Tlin04768-RA	GO:0006310
Tlin04768-RA	GO:0003677
Tlin04768-RA	GO:0005634
Tlin04768-RA	GO:0006260
Tlin04768-RA	GO:0003677
Tlin04768-RA	GO:0003676
Tlin14199-RA	GO:0006310
Tlin14199-RA	GO:0015074
Tlin14199-RA	GO:0003677
Tlin14199-RA	GO:0003677
Tlin14199-RA	GO:0006310
Tlin14199-RA	GO:0015074
Tlin14199-RA	GO:0003677
Tlin02299-RA	GO:0008146
Tlin07311-RA	GO:0007156
Tlin07311-RA	GO:0016020
Tlin07311-RA	GO:0005509
Tlin07311-RA	GO:0016020
Tlin07311-RA	GO:0005509
Tlin07311-RA	GO:0016020
Tlin07311-RA	GO:0005509
Tlin07311-RA	GO:0016020
Tlin07311-RA	GO:0005509
Tlin07311-RA	GO:0016020
Tlin07311-RA	GO:0005509
Tlin00731-RA	GO:0008194
Tlin00731-RA	GO:0008194
Tlin00731-RA	GO:0008194
Tlin00731-RA	GO:0008194
Tlin03960-RA	GO:0003824
Tlin03960-RA	GO:0003824
Tlin03960-RA	GO:0030170
Tlin03960-RA	GO:0008483
Tlin03852-RA	GO:0016887
Tlin03852-RA	GO:0006302
Tlin02929-RA	GO:0005506
Tlin02929-RA	GO:0016705
Tlin02929-RA	GO:0020037
Tlin02929-RA	GO:0004497
Tlin02929-RA	GO:0004359
Tlin02929-RA	GO:0005737
Tlin02929-RA	GO:0009435
Tlin02929-RA	GO:0003952
Tlin02929-RA	GO:0005506
Tlin02929-RA	GO:0016705
Tlin02929-RA	GO:0020037
Tlin02929-RA	GO:0004497
Tlin02929-RA	GO:0005506
Tlin02929-RA	GO:0016705
Tlin02929-RA	GO:0020037
Tlin02929-RA	GO:0004497
Tlin02929-RA	GO:0005506
Tlin02929-RA	GO:0016705
Tlin02929-RA	GO:0020037
Tlin02929-RA	GO:0004497
Tlin02929-RA	GO:0006807
Tlin02929-RA	GO:0004359
Tlin02929-RA	GO:0005737
Tlin02929-RA	GO:0009435
Tlin02929-RA	GO:0003952
Tlin14148-RA	GO:0003678
Tlin14148-RA	GO:0006281
Tlin14148-RA	GO:0000723
Tlin04754-RA	GO:0005524
Tlin04754-RA	GO:0003676
Tlin08044-RA	GO:0003723
Tlin08044-RA	GO:0003723
Tlin08044-RA	GO:0003676
Tlin06715-RA	GO:0016747
Tlin03523-RA	GO:0006865
Tlin03523-RA	GO:0005975
Tlin06631-RA	GO:0006886
Tlin06631-RA	GO:0016020
Tlin06631-RA	GO:0006605
Tlin06631-RA	GO:0006886
Tlin06631-RA	GO:0016020
Tlin06631-RA	GO:0006605
Tlin08156-RA	GO:0000049
Tlin08156-RA	GO:0004812
Tlin08156-RA	GO:0005524
Tlin08156-RA	GO:0006418
Tlin08156-RA	GO:0000166
Tlin06040-RA	GO:0005515
Tlin06040-RA	GO:0005515
Tlin06040-RA	GO:0005515
Tlin06040-RA	GO:0005515
Tlin12843-RA	GO:0006811
Tlin12843-RA	GO:0016020
Tlin12843-RA	GO:0055085
Tlin12843-RA	GO:0005216
Tlin12843-RA	GO:0006813
Tlin12843-RA	GO:0016020
Tlin12843-RA	GO:0005249
Tlin02479-RA	GO:0016758
Tlin02479-RA	GO:0004100
Tlin12543-RA	GO:0016020
Tlin12543-RA	GO:0072546
Tlin12543-RA	GO:0005783
Tlin06993-RA	GO:0003824
Tlin06993-RA	GO:0003824
Tlin06993-RA	GO:0003824
Tlin06539-RA	GO:0005975
Tlin06539-RA	GO:0004553
Tlin06539-RA	GO:0005975
Tlin06539-RA	GO:0004553
Tlin06539-RA	GO:0005975
Tlin06539-RA	GO:0004553
Tlin06539-RA	GO:0005975
Tlin06539-RA	GO:0004553
Tlin07885-RA	GO:0005506
Tlin07885-RA	GO:0016705
Tlin07885-RA	GO:0020037
Tlin07885-RA	GO:0004497
Tlin07885-RA	GO:0005506
Tlin07885-RA	GO:0016705
Tlin07885-RA	GO:0020037
Tlin07885-RA	GO:0004497
Tlin07885-RA	GO:0005506
Tlin07885-RA	GO:0016705
Tlin07885-RA	GO:0020037
Tlin07885-RA	GO:0004497
Tlin00120-RA	GO:0016020
Tlin00120-RA	GO:0055085
Tlin00120-RA	GO:0016020
Tlin00120-RA	GO:0008272
Tlin00120-RA	GO:0008271
Tlin02215-RA	GO:0005975
Tlin02215-RA	GO:0005975
Tlin02215-RA	GO:0005975
Tlin02215-RA	GO:0005737
Tlin02215-RA	GO:0006098
Tlin02215-RA	GO:0004801
Tlin02215-RA	GO:0005975
Tlin10526-RA	GO:0016887
Tlin10526-RA	GO:0005524
Tlin10526-RA	GO:0005515
Tlin10526-RA	GO:0005515
Tlin10526-RA	GO:0016887
Tlin10526-RA	GO:0005524
Tlin10526-RA	GO:0008237
Tlin10526-RA	GO:0008241
Tlin10526-RA	GO:0016020
Tlin10526-RA	GO:0006508
Tlin10526-RA	GO:0008237
Tlin10526-RA	GO:0008241
Tlin10526-RA	GO:0016020
Tlin10526-RA	GO:0006508
Tlin10526-RA	GO:0005515
Tlin01074-RA	GO:0007160
Tlin07409-RA	GO:0022857
Tlin07409-RA	GO:0055085
Tlin07409-RA	GO:0016020
Tlin02654-RA	GO:0005515
Tlin11844-RA	GO:0005506
Tlin11844-RA	GO:0016705
Tlin11844-RA	GO:0020037
Tlin11844-RA	GO:0004497
Tlin11844-RA	GO:0005506
Tlin11844-RA	GO:0016705
Tlin11844-RA	GO:0020037
Tlin11844-RA	GO:0004497
Tlin11844-RA	GO:0016705
Tlin11844-RA	GO:0005506
Tlin11844-RA	GO:0005506
Tlin11844-RA	GO:0016705
Tlin11844-RA	GO:0020037
Tlin11844-RA	GO:0004497
Tlin12056-RA	GO:0006813
Tlin12056-RA	GO:0016020
Tlin12056-RA	GO:0005242
Tlin09733-RA	GO:0006646
Tlin09733-RA	GO:0004306
Tlin09733-RA	GO:0009058
Tlin09733-RA	GO:0003824
Tlin09733-RA	GO:0009058
Tlin09733-RA	GO:0003824
Tlin10588-RA	GO:0045261
Tlin10588-RA	GO:0046933
Tlin10588-RA	GO:0015986
Tlin10588-RA	GO:0045261
Tlin10588-RA	GO:0046933
Tlin10588-RA	GO:0015986
Tlin10588-RA	GO:0015986
Tlin12484-RA	GO:0005840
Tlin12484-RA	GO:0006412
Tlin12484-RA	GO:0003735
Tlin12484-RA	GO:0005840
Tlin12484-RA	GO:0006412
Tlin12484-RA	GO:0003735
Tlin12484-RA	GO:0005840
Tlin12484-RA	GO:0006412
Tlin12484-RA	GO:0003735
Tlin07177-RA	GO:0048193
Tlin07177-RA	GO:0030008
Tlin07177-RA	GO:0048193
Tlin07177-RA	GO:0030008
Tlin12053-RA	GO:0030515
Tlin12053-RA	GO:0042254
Tlin12053-RA	GO:0001522
Tlin12053-RA	GO:0030515
Tlin12053-RA	GO:0042254
Tlin12053-RA	GO:0001522
Tlin12053-RA	GO:0030515
Tlin12053-RA	GO:0042254
Tlin12053-RA	GO:0001522
Tlin14375-RA	GO:0007165
Tlin14375-RA	GO:0005515
Tlin00512-RA	GO:0016020
Tlin00732-RA	GO:0008194
Tlin00732-RA	GO:0008194
Tlin08903-RA	GO:0003723
Tlin08903-RA	GO:0003676
Tlin14848-RA	GO:0000166
Tlin12564-RA	GO:0005874
Tlin12564-RA	GO:0007017
Tlin12564-RA	GO:0005525
Tlin12564-RA	GO:0007017
Tlin12564-RA	GO:0005874
Tlin12564-RA	GO:0005525
Tlin00823-RA	GO:0006508
Tlin00823-RA	GO:0004252
Tlin00823-RA	GO:0006508
Tlin00823-RA	GO:0004252
Tlin00823-RA	GO:0006508
Tlin00823-RA	GO:0004252
Tlin09795-RA	GO:0008061
Tlin09795-RA	GO:0008061
Tlin09795-RA	GO:0005576
Tlin14054-RA	GO:0016887
Tlin14054-RA	GO:0005524
Tlin14054-RA	GO:0035494
Tlin14054-RA	GO:0016887
Tlin14054-RA	GO:0016887
Tlin14054-RA	GO:0005524
Tlin14054-RA	GO:0016887
Tlin14054-RA	GO:0005524
Tlin10331-RA	GO:0000922
Tlin10331-RA	GO:0005815
Tlin10331-RA	GO:0007020
Tlin10331-RA	GO:0043015
Tlin10331-RA	GO:0000226
Tlin10331-RA	GO:0043015
Tlin00212-RA	GO:0051056
Tlin00212-RA	GO:0005096
Tlin00212-RA	GO:0005634
Tlin00212-RA	GO:0043547
Tlin00212-RA	GO:0005096
Tlin00212-RA	GO:0051056
Tlin00212-RA	GO:0005096
Tlin00212-RA	GO:0051056
Tlin00212-RA	GO:0005096
Tlin00212-RA	GO:0043547
Tlin00212-RA	GO:0005096
Tlin12389-RA	GO:0016020
Tlin12389-RA	GO:0005524
Tlin12389-RA	GO:0016020
Tlin12389-RA	GO:0055085
Tlin12389-RA	GO:0140359
Tlin12389-RA	GO:0005524
Tlin12389-RA	GO:0016020
Tlin12389-RA	GO:0055085
Tlin12389-RA	GO:0140359
Tlin12389-RA	GO:0005524
Tlin12389-RA	GO:0016020
Tlin12389-RA	GO:0005524
Tlin12389-RA	GO:0016887
Tlin12389-RA	GO:0005524
Tlin12389-RA	GO:0016020
Tlin12389-RA	GO:0005524
Tlin12389-RA	GO:0005524
Tlin12389-RA	GO:0005524
Tlin12389-RA	GO:0016020
Tlin12389-RA	GO:0005524
Tlin07291-RA	GO:0005515
Tlin07291-RA	GO:0000062
Tlin07291-RA	GO:0000062
Tlin09035-RA	GO:0055085
Tlin09035-RA	GO:0016020
Tlin09035-RA	GO:0016020
Tlin02497-RA	GO:0008176
Tlin02497-RA	GO:0006400
Tlin02497-RA	GO:0008176
Tlin02497-RA	GO:0006400
Tlin04598-RA	GO:0005975
Tlin04598-RA	GO:0004553
Tlin02885-RA	GO:0006355
Tlin02885-RA	GO:0000981
Tlin02885-RA	GO:0003677
Tlin02885-RA	GO:0003677
Tlin08456-RA	GO:0008289
Tlin10076-RA	GO:0050909
Tlin10076-RA	GO:0016020
Tlin00247-RA	GO:0006511
Tlin00247-RA	GO:0004843
Tlin00247-RA	GO:0016579
Tlin00247-RA	GO:0004843
Tlin00344-RA	GO:0008270
Tlin00344-RA	GO:0019789
Tlin00344-RA	GO:0030915
Tlin00344-RA	GO:0000724
Tlin00344-RA	GO:0008270
Tlin04307-RA	GO:0080019
Tlin04152-RA	GO:0030174
Tlin04152-RA	GO:0071163
Tlin04152-RA	GO:0003677
Tlin08233-RA	GO:0005515
Tlin08233-RA	GO:0005515
Tlin01468-RA	GO:0005515
Tlin01468-RA	GO:0005515
Tlin07828-RA	GO:0003677
Tlin07828-RA	GO:0006355
Tlin07828-RA	GO:0003677
Tlin00789-RA	GO:0005515
Tlin00789-RA	GO:0005515
Tlin00789-RA	GO:0005515
Tlin00789-RA	GO:0005515
Tlin00789-RA	GO:0005515
Tlin11411-RA	GO:0003899
Tlin11411-RA	GO:0006351
Tlin11411-RA	GO:0003677
Tlin11411-RA	GO:0003899
Tlin11411-RA	GO:0006351
Tlin11411-RA	GO:0003677
Tlin11411-RA	GO:0003899
Tlin11411-RA	GO:0006351
Tlin11411-RA	GO:0003677
Tlin11411-RA	GO:0006351
Tlin11411-RA	GO:0003899
Tlin11411-RA	GO:0003899
Tlin11411-RA	GO:0006351
Tlin11411-RA	GO:0003677
Tlin11411-RA	GO:0003899
Tlin11411-RA	GO:0006351
Tlin11411-RA	GO:0003677
Tlin07273-RA	GO:0006260
Tlin07273-RA	GO:0003677
Tlin07273-RA	GO:0016887
Tlin07273-RA	GO:0005524
Tlin02745-RA	GO:0000956
Tlin02745-RA	GO:0000398
Tlin02745-RA	GO:0006396
Tlin07207-RA	GO:0016192
Tlin07207-RA	GO:0016020
Tlin07207-RA	GO:0006886
Tlin07207-RA	GO:0016020
Tlin07207-RA	GO:0005484
Tlin07207-RA	GO:0016020
Tlin10467-RA	GO:0005509
Tlin10467-RA	GO:0005509
Tlin10467-RA	GO:0005509
Tlin10467-RA	GO:0005509
Tlin10467-RA	GO:0005509
Tlin05119-RA	GO:0006508
Tlin05119-RA	GO:0004198
Tlin05119-RA	GO:0006508
Tlin05119-RA	GO:0004198
Tlin13590-RA	GO:0005515
Tlin13590-RA	GO:0005515
Tlin13590-RA	GO:0005515
Tlin13590-RA	GO:0005515
Tlin13590-RA	GO:0005515
Tlin13590-RA	GO:0005515
Tlin13590-RA	GO:0005515
Tlin13590-RA	GO:0005515
Tlin13590-RA	GO:0005515
Tlin11176-RA	GO:0006511
Tlin11176-RA	GO:0004843
Tlin11176-RA	GO:0006511
Tlin11176-RA	GO:0004843
Tlin11176-RA	GO:0006511
Tlin11176-RA	GO:0004843
Tlin04982-RA	GO:0016579
Tlin04982-RA	GO:0004843
Tlin04982-RA	GO:0006511
Tlin04982-RA	GO:0004843
Tlin02317-RA	GO:0003676
Tlin02317-RA	GO:0003676
Tlin05188-RA	GO:0003676
Tlin05188-RA	GO:0003723
Tlin05188-RA	GO:0003723
Tlin05188-RA	GO:0000398
Tlin05188-RA	GO:0003676
Tlin12909-RA	GO:0005869
Tlin10291-RA	GO:0006811
Tlin10291-RA	GO:0016020
Tlin10291-RA	GO:0005230
Tlin10291-RA	GO:0005216
Tlin10291-RA	GO:0016020
Tlin10291-RA	GO:0034220
Tlin10291-RA	GO:0004888
Tlin10291-RA	GO:0006811
Tlin10291-RA	GO:0016020
Tlin10291-RA	GO:0005230
Tlin10291-RA	GO:0006811
Tlin10291-RA	GO:0016020
Tlin10291-RA	GO:0005230
Tlin04824-RA	GO:0016747
Tlin05289-RA	GO:0006816
Tlin10658-RA	GO:0005751
Tlin10658-RA	GO:0006123
Tlin10658-RA	GO:0005743
Tlin10658-RA	GO:0005751
Tlin10658-RA	GO:0006123
Tlin10658-RA	GO:0005743
Tlin10658-RA	GO:0005751
Tlin10658-RA	GO:0006123
Tlin10658-RA	GO:0005743
Tlin10658-RA	GO:0005751
Tlin10658-RA	GO:0006123
Tlin10658-RA	GO:0005743
Tlin10658-RA	GO:0005751
Tlin10658-RA	GO:0006123
Tlin10658-RA	GO:0005743
Tlin00193-RA	GO:0016020
Tlin00193-RA	GO:0004252
Tlin13975-RA	GO:0046983
Tlin13928-RA	GO:0015914
Tlin13928-RA	GO:0005548
Tlin13928-RA	GO:0015914
Tlin13928-RA	GO:0005548
Tlin10838-RA	GO:0008270
Tlin02837-RA	GO:0005515
Tlin02837-RA	GO:0005515
Tlin02837-RA	GO:0005515
Tlin02837-RA	GO:0005515
Tlin02837-RA	GO:0005515
Tlin02837-RA	GO:0005515
Tlin02837-RA	GO:0005515
Tlin02837-RA	GO:0005515
Tlin02837-RA	GO:0005515
Tlin02837-RA	GO:0005515
Tlin02837-RA	GO:0005515
Tlin02837-RA	GO:0005515
Tlin02837-RA	GO:0005515
Tlin02837-RA	GO:0005515
Tlin02837-RA	GO:0005515
Tlin00775-RA	GO:0003725
Tlin00775-RA	GO:0003725
Tlin04562-RA	GO:0005975
Tlin04562-RA	GO:0004553
Tlin04562-RA	GO:0015929
Tlin05442-RA	GO:0005515
Tlin05442-RA	GO:0005515
Tlin12357-RA	GO:0035494
Tlin12357-RA	GO:0016887
Tlin12357-RA	GO:0016887
Tlin12357-RA	GO:0005524
Tlin12357-RA	GO:0016887
Tlin12357-RA	GO:0005524
Tlin12357-RA	GO:0016887
Tlin12357-RA	GO:0005524
Tlin12357-RA	GO:0016887
Tlin12357-RA	GO:0005524
Tlin12357-RA	GO:0016887
Tlin12357-RA	GO:0005524
Tlin12357-RA	GO:0016887
Tlin12357-RA	GO:0005524
Tlin09178-RA	GO:0007283
Tlin13335-RA	GO:0006508
Tlin13335-RA	GO:0004252
Tlin13335-RA	GO:0006508
Tlin13335-RA	GO:0004252
Tlin13335-RA	GO:0006508
Tlin13335-RA	GO:0004252
Tlin08521-RA	GO:0007165
Tlin08521-RA	GO:0019888
Tlin08521-RA	GO:0000159
Tlin08521-RA	GO:0007165
Tlin08521-RA	GO:0019888
Tlin08521-RA	GO:0000159
Tlin10854-RA	GO:0005509
Tlin10854-RA	GO:0005509
Tlin10854-RA	GO:0005509
Tlin07677-RA	GO:0008237
Tlin07677-RA	GO:0005515
Tlin07677-RA	GO:0005515
Tlin07677-RA	GO:0008237
Tlin07502-RA	GO:0051015
Tlin07502-RA	GO:0030036
Tlin07502-RA	GO:0005515
Tlin07502-RA	GO:0005515
Tlin09262-RA	GO:0055085
Tlin09262-RA	GO:0022857
Tlin12835-RA	GO:0005509
Tlin12835-RA	GO:0005509
Tlin12835-RA	GO:0005509
Tlin12835-RA	GO:0005509
Tlin12835-RA	GO:0005509
Tlin12835-RA	GO:0005509
Tlin12835-RA	GO:0005509
Tlin12835-RA	GO:0005509
Tlin12835-RA	GO:0005509
Tlin12835-RA	GO:0005509
Tlin04048-RA	GO:0006468
Tlin04048-RA	GO:0004672
Tlin04048-RA	GO:0005524
Tlin04048-RA	GO:0005524
Tlin04048-RA	GO:0006468
Tlin04048-RA	GO:0004672
Tlin07675-RA	GO:0008299
Tlin07675-RA	GO:0008299
Tlin11147-RA	GO:0005506
Tlin11147-RA	GO:0016705
Tlin11147-RA	GO:0020037
Tlin11147-RA	GO:0004497
Tlin11147-RA	GO:0005506
Tlin11147-RA	GO:0016705
Tlin11147-RA	GO:0020037
Tlin11147-RA	GO:0004497
Tlin11147-RA	GO:0005506
Tlin11147-RA	GO:0016705
Tlin11147-RA	GO:0020037
Tlin11147-RA	GO:0004497
Tlin10078-RA	GO:0005515
Tlin10078-RA	GO:0005515
Tlin10078-RA	GO:0005515
Tlin10078-RA	GO:0005515
Tlin10078-RA	GO:0005515
Tlin10078-RA	GO:0005515
Tlin10078-RA	GO:0005515
Tlin10078-RA	GO:0005515
Tlin10078-RA	GO:0005515
Tlin10078-RA	GO:0005515
Tlin10078-RA	GO:0005515
Tlin10078-RA	GO:0005515
Tlin05530-RA	GO:0008270
Tlin01056-RA	GO:0016747
Tlin00394-RA	GO:0005549
Tlin00394-RA	GO:0007608
Tlin00394-RA	GO:0016020
Tlin00394-RA	GO:0004984
Tlin07419-RA	GO:0005515
Tlin07419-RA	GO:0005515
Tlin11450-RA	GO:0005525
Tlin01884-RA	GO:0031267
Tlin01884-RA	GO:0030833
Tlin01884-RA	GO:0031267
Tlin01884-RA	GO:0030833
Tlin07055-RA	GO:0005515
Tlin08999-RA	GO:0005515
Tlin08999-RA	GO:0005515
Tlin12086-RA	GO:0035256
Tlin12086-RA	GO:0035256
Tlin12086-RA	GO:0007216
Tlin02490-RA	GO:1990542
Tlin09286-RA	GO:0005515
Tlin09286-RA	GO:0005515
Tlin09286-RA	GO:0005515
Tlin09286-RA	GO:0005515
Tlin09286-RA	GO:0005515
Tlin09286-RA	GO:0005515
Tlin09286-RA	GO:0005515
Tlin09286-RA	GO:0005515
Tlin09286-RA	GO:0097361
Tlin09286-RA	GO:0016226
Tlin09286-RA	GO:0005515
Tlin08315-RA	GO:0006397
Tlin08315-RA	GO:0035145
Tlin08315-RA	GO:0003729
Tlin08315-RA	GO:0006397
Tlin08315-RA	GO:0035145
Tlin08315-RA	GO:0003723
Tlin01928-RA	GO:0006468
Tlin01928-RA	GO:0004672
Tlin01928-RA	GO:0006468
Tlin01928-RA	GO:0004672
Tlin04680-RA	GO:0016020
Tlin04680-RA	GO:0009922
Tlin04680-RA	GO:0016020
Tlin04680-RA	GO:0009922
Tlin08438-RA	GO:0016020
Tlin00963-RA	GO:0140662
Tlin00963-RA	GO:0005524
Tlin00963-RA	GO:0140662
Tlin00963-RA	GO:0005524
Tlin03348-RA	GO:0005840
Tlin03348-RA	GO:0006412
Tlin03348-RA	GO:0003735
Tlin03348-RA	GO:0005840
Tlin03348-RA	GO:0006412
Tlin03348-RA	GO:0003735
Tlin03348-RA	GO:0016020
Tlin03348-RA	GO:0016020
Tlin03348-RA	GO:0005840
Tlin03348-RA	GO:0006412
Tlin03348-RA	GO:0003735
Tlin03348-RA	GO:0005840
Tlin03348-RA	GO:0006412
Tlin03348-RA	GO:0003735
Tlin01272-RA	GO:0016779
Tlin11466-RA	GO:0042765
Tlin11466-RA	GO:0016255
Tlin11466-RA	GO:0042765
Tlin11466-RA	GO:0016255
Tlin11466-RA	GO:0042765
Tlin11466-RA	GO:0016255
Tlin03772-RA	GO:0032422
Tlin03772-RA	GO:0000977
Tlin03772-RA	GO:0032422
Tlin03772-RA	GO:0000977
Tlin00758-RA	GO:0006979
Tlin00758-RA	GO:0020037
Tlin00758-RA	GO:0004601
Tlin00758-RA	GO:0006979
Tlin00758-RA	GO:0020037
Tlin00758-RA	GO:0004601
Tlin00758-RA	GO:0006979
Tlin00758-RA	GO:0020037
Tlin00758-RA	GO:0004601
Tlin00758-RA	GO:0006979
Tlin00758-RA	GO:0020037
Tlin00758-RA	GO:0004601
Tlin05280-RA	GO:0016887
Tlin05280-RA	GO:0005524
Tlin05280-RA	GO:0005524
Tlin05280-RA	GO:0016020
Tlin05280-RA	GO:0005524
Tlin05280-RA	GO:0016887
Tlin05280-RA	GO:0005524
Tlin05280-RA	GO:0016020
Tlin05280-RA	GO:0055085
Tlin05280-RA	GO:0140359
Tlin05280-RA	GO:0005524
Tlin05280-RA	GO:0016020
Tlin05280-RA	GO:0055085
Tlin05280-RA	GO:0140359
Tlin05280-RA	GO:0005524
Tlin05280-RA	GO:0005524
Tlin05280-RA	GO:0016020
Tlin05280-RA	GO:0005524
Tlin05280-RA	GO:0016020
Tlin05280-RA	GO:0005524
Tlin06328-RA	GO:0006511
Tlin06328-RA	GO:0061630
Tlin06328-RA	GO:0005783
Tlin05365-RA	GO:0005524
Tlin05365-RA	GO:0006468
Tlin05365-RA	GO:0004672
Tlin05365-RA	GO:0005524
Tlin13486-RA	GO:0006508
Tlin13486-RA	GO:0004252
Tlin13486-RA	GO:0006508
Tlin13486-RA	GO:0004252
Tlin13486-RA	GO:0006508
Tlin13486-RA	GO:0004252
Tlin04769-RA	GO:0005739
Tlin04769-RA	GO:0005840
Tlin04769-RA	GO:0006412
Tlin04769-RA	GO:0003735
Tlin04769-RA	GO:0003735
Tlin02319-RA	GO:0000166
Tlin02319-RA	GO:0000166
Tlin01247-RA	GO:0005576
Tlin11061-RA	GO:0006469
Tlin11061-RA	GO:0004862
Tlin01626-RA	GO:0003676
Tlin07745-RA	GO:0004812
Tlin07745-RA	GO:0005524
Tlin07745-RA	GO:0006418
Tlin07745-RA	GO:0000166
Tlin07745-RA	GO:0005524
Tlin07745-RA	GO:0005737
Tlin07745-RA	GO:0004812
Tlin07745-RA	GO:0004812
Tlin07745-RA	GO:0005524
Tlin07745-RA	GO:0006418
Tlin07745-RA	GO:0000166
Tlin07745-RA	GO:0005524
Tlin07745-RA	GO:0005737
Tlin07745-RA	GO:0004812
Tlin00015-RA	GO:0046872
Tlin00015-RA	GO:0046872
Tlin08390-RA	GO:0005515
Tlin08390-RA	GO:0005515
Tlin04659-RA	GO:0005515
Tlin04659-RA	GO:0005515
Tlin04659-RA	GO:0005515
Tlin04659-RA	GO:0005515
Tlin04659-RA	GO:0005515
Tlin04659-RA	GO:0005515
Tlin04659-RA	GO:0005515
Tlin04659-RA	GO:0005515
Tlin04659-RA	GO:0005515
Tlin04659-RA	GO:0005515
Tlin04659-RA	GO:0005515
Tlin04659-RA	GO:0005515
Tlin04659-RA	GO:0003682
Tlin04659-RA	GO:0003682
Tlin04659-RA	GO:0016586
Tlin04659-RA	GO:0006338
Tlin04659-RA	GO:0005515
Tlin04659-RA	GO:0005515
Tlin04659-RA	GO:0005515
Tlin04659-RA	GO:0005515
Tlin04659-RA	GO:0005515
Tlin08089-RA	GO:0005515
Tlin08089-RA	GO:0005515
Tlin08089-RA	GO:0005515
Tlin08962-RA	GO:0005524
Tlin08962-RA	GO:0006468
Tlin08962-RA	GO:0004672
Tlin08962-RA	GO:0006468
Tlin08962-RA	GO:0004672
Tlin08962-RA	GO:0006914
Tlin06003-RA	GO:0140359
Tlin06003-RA	GO:0016020
Tlin06003-RA	GO:0016887
Tlin06003-RA	GO:0005524
Tlin06003-RA	GO:0005524
Tlin07722-RA	GO:0005515
Tlin06396-RA	GO:0043565
Tlin00682-RA	GO:0005751
Tlin00682-RA	GO:0006123
Tlin00682-RA	GO:0005740
Tlin00682-RA	GO:0005751
Tlin00682-RA	GO:0006123
Tlin00682-RA	GO:0005740
Tlin00682-RA	GO:0005751
Tlin00682-RA	GO:0006123
Tlin00682-RA	GO:0005740
Tlin14856-RA	GO:0006508
Tlin14856-RA	GO:0004252
Tlin13122-RA	GO:0005525
Tlin13122-RA	GO:0003924
Tlin04542-RA	GO:0006465
Tlin04542-RA	GO:0016020
Tlin04542-RA	GO:0005787
Tlin04542-RA	GO:0006465
Tlin04542-RA	GO:0016020
Tlin04542-RA	GO:0005787
Tlin06256-RA	GO:0045017
Tlin06256-RA	GO:0008374
Tlin04303-RA	GO:0045127
Tlin12942-RA	GO:0016020
Tlin12942-RA	GO:0004970
Tlin07783-RA	GO:0005549
Tlin07783-RA	GO:0005549
Tlin07783-RA	GO:0005549
Tlin07316-RA	GO:0030015
Tlin07316-RA	GO:0006355
Tlin07316-RA	GO:0006355
Tlin07316-RA	GO:0005634
Tlin03374-RA	GO:0005515
Tlin03374-RA	GO:0005515
Tlin03374-RA	GO:0005515
Tlin03374-RA	GO:0005515
Tlin03374-RA	GO:0005515
Tlin03374-RA	GO:0005515
Tlin03374-RA	GO:0005515
Tlin03374-RA	GO:0005515
Tlin10872-RA	GO:0005525
Tlin10872-RA	GO:0003924
Tlin10872-RA	GO:0007264
Tlin10872-RA	GO:0005525
Tlin03280-RA	GO:0006508
Tlin03280-RA	GO:0004252
Tlin03280-RA	GO:0006508
Tlin03280-RA	GO:0004252
Tlin07252-RA	GO:0043139
Tlin07252-RA	GO:0003697
Tlin05080-RA	GO:0008277
Tlin11405-RA	GO:0006355
Tlin11405-RA	GO:0000981
Tlin11405-RA	GO:0003677
Tlin11405-RA	GO:0003677
Tlin00330-RA	GO:0016301
Tlin00330-RA	GO:0044877
Tlin00330-RA	GO:0044877
Tlin00330-RA	GO:0016301
Tlin00330-RA	GO:0055085
Tlin00330-RA	GO:0022857
Tlin00330-RA	GO:0005515
Tlin00330-RA	GO:0005515
Tlin00330-RA	GO:0005515
Tlin00330-RA	GO:0004674
Tlin00330-RA	GO:0044877
Tlin00330-RA	GO:0005515
Tlin10273-RA	GO:0004807
Tlin10273-RA	GO:0004807
Tlin10273-RA	GO:0004807
Tlin10273-RA	GO:0004807
Tlin10273-RA	GO:0004807
Tlin03748-RA	GO:0005515
Tlin03748-RA	GO:0005515
Tlin03748-RA	GO:0005515
Tlin09465-RA	GO:0016758
Tlin09465-RA	GO:0016758
Tlin02681-RA	GO:0016020
Tlin02681-RA	GO:0071805
Tlin02681-RA	GO:0005267
Tlin09633-RA	GO:0005515
Tlin09633-RA	GO:0008194
Tlin09633-RA	GO:0005515
Tlin09633-RA	GO:0008194
Tlin09633-RA	GO:0031267
Tlin09633-RA	GO:0005085
Tlin09422-RA	GO:0006508
Tlin09422-RA	GO:0004252
Tlin09422-RA	GO:0006508
Tlin09422-RA	GO:0004252
Tlin09422-RA	GO:0006508
Tlin09422-RA	GO:0004252
Tlin01044-RA	GO:0016887
Tlin01044-RA	GO:0005524
Tlin01044-RA	GO:0016020
Tlin01044-RA	GO:0055085
Tlin01044-RA	GO:0140359
Tlin01044-RA	GO:0005524
Tlin01044-RA	GO:0016020
Tlin01044-RA	GO:0005524
Tlin01044-RA	GO:0016020
Tlin01044-RA	GO:0005524
Tlin01044-RA	GO:0005524
Tlin12606-RA	GO:0008233
Tlin12606-RA	GO:0016020
Tlin12606-RA	GO:0006465
Tlin12606-RA	GO:0016020
Tlin12606-RA	GO:0004252
Tlin12606-RA	GO:0016020
Tlin12606-RA	GO:0004252
Tlin12606-RA	GO:0006465
Tlin12606-RA	GO:0004252
Tlin09164-RA	GO:0022857
Tlin09164-RA	GO:0055085
Tlin09164-RA	GO:0016020
Tlin09164-RA	GO:0055085
Tlin09164-RA	GO:0022857
Tlin07094-RA	GO:0043547
Tlin07094-RA	GO:1902936
Tlin07094-RA	GO:0005096
Tlin07094-RA	GO:0005096
Tlin07094-RA	GO:0043547
Tlin07094-RA	GO:1902936
Tlin07094-RA	GO:0005096
Tlin09566-RA	GO:0022857
Tlin09566-RA	GO:0055085
Tlin09566-RA	GO:0016020
Tlin09566-RA	GO:0022857
Tlin09566-RA	GO:0055085
Tlin09566-RA	GO:0016020
Tlin09566-RA	GO:0022857
Tlin09566-RA	GO:0055085
Tlin09566-RA	GO:0016020
Tlin03455-RA	GO:0018216
Tlin03455-RA	GO:0016274
Tlin06323-RA	GO:0005524
Tlin06323-RA	GO:0006468
Tlin06323-RA	GO:0004672
Tlin06323-RA	GO:0005524
Tlin02802-RA	GO:0006457
Tlin02802-RA	GO:0016887
Tlin02802-RA	GO:0051082
Tlin02802-RA	GO:0005524
Tlin02802-RA	GO:0008146
Tlin02802-RA	GO:0006457
Tlin02802-RA	GO:0016887
Tlin02802-RA	GO:0051082
Tlin02802-RA	GO:0005524
Tlin02802-RA	GO:0006457
Tlin02802-RA	GO:0016887
Tlin02802-RA	GO:0051082
Tlin02802-RA	GO:0005524
Tlin02802-RA	GO:0140662
Tlin02802-RA	GO:0005524
Tlin02802-RA	GO:0006457
Tlin02802-RA	GO:0016887
Tlin02802-RA	GO:0051082
Tlin02802-RA	GO:0005524
Tlin07613-RA	GO:0035091
Tlin07613-RA	GO:0035091
Tlin07613-RA	GO:0035091
Tlin07613-RA	GO:0006886
Tlin07613-RA	GO:0035091
Tlin05571-RA	GO:0019752
Tlin05571-RA	GO:0030170
Tlin05571-RA	GO:0016830
Tlin05571-RA	GO:0003824
Tlin08674-RA	GO:0006400
Tlin08674-RA	GO:0008193
Tlin08674-RA	GO:0000287
Tlin08674-RA	GO:0006400
Tlin08674-RA	GO:0008193
Tlin08674-RA	GO:0000287
Tlin00619-RA	GO:0007165
Tlin00619-RA	GO:0004143
Tlin00619-RA	GO:0007205
Tlin00619-RA	GO:0004143
Tlin00619-RA	GO:0016301
Tlin06274-RA	GO:0022857
Tlin06274-RA	GO:0055085
Tlin06274-RA	GO:0016020
Tlin01424-RA	GO:0005509
Tlin01424-RA	GO:0005509
Tlin11651-RA	GO:0005549
Tlin11651-RA	GO:0005549
Tlin11651-RA	GO:0005549
Tlin11651-RA	GO:0005549
Tlin11651-RA	GO:0005549
Tlin11651-RA	GO:0005549
Tlin02832-RA	GO:0004525
Tlin02832-RA	GO:0006364
Tlin02832-RA	GO:0003723
Tlin02832-RA	GO:0006396
Tlin02832-RA	GO:0004525
Tlin02832-RA	GO:0006396
Tlin02832-RA	GO:0004525
Tlin02832-RA	GO:0006396
Tlin02832-RA	GO:0004525
Tlin02832-RA	GO:0006396
Tlin02832-RA	GO:0004525
Tlin02832-RA	GO:0006396
Tlin02832-RA	GO:0004525
Tlin02832-RA	GO:0006396
Tlin02832-RA	GO:0004525
Tlin02832-RA	GO:0006396
Tlin02832-RA	GO:0004525
Tlin02832-RA	GO:0031054
Tlin02832-RA	GO:0003723
Tlin02832-RA	GO:0006396
Tlin02832-RA	GO:0004525
Tlin02832-RA	GO:0006396
Tlin02832-RA	GO:0004525
Tlin02832-RA	GO:0005840
Tlin02832-RA	GO:0006412
Tlin02832-RA	GO:0003735
Tlin05060-RA	GO:0006979
Tlin05060-RA	GO:0004602
Tlin05060-RA	GO:0006979
Tlin05060-RA	GO:0004602
Tlin01356-RA	GO:0005515
Tlin01356-RA	GO:0005515
Tlin01356-RA	GO:0005515
Tlin01356-RA	GO:0005515
Tlin01356-RA	GO:0005515
Tlin01356-RA	GO:0005515
Tlin01356-RA	GO:0005515
Tlin12766-RA	GO:0005763
Tlin04714-RA	GO:0006879
Tlin04714-RA	GO:0008199
Tlin04714-RA	GO:0006826
Tlin04714-RA	GO:0008199
Tlin11898-RA	GO:0006357
Tlin11898-RA	GO:0016592
Tlin11898-RA	GO:0003712
Tlin11898-RA	GO:0016592
Tlin08656-RA	GO:0005634
Tlin08656-RA	GO:0003700
Tlin08656-RA	GO:0003677
Tlin08656-RA	GO:0006355
Tlin08656-RA	GO:0000981
Tlin08656-RA	GO:0003677
Tlin08781-RA	GO:0003824
Tlin08781-RA	GO:0003824
Tlin08781-RA	GO:0003824
Tlin08781-RA	GO:0003824
Tlin08781-RA	GO:0003824
Tlin08781-RA	GO:0018344
Tlin08781-RA	GO:0004663
Tlin08781-RA	GO:0008318
Tlin12899-RA	GO:0003676
Tlin11787-RA	GO:0016311
Tlin11787-RA	GO:0008138
Tlin11787-RA	GO:0016791
Tlin11787-RA	GO:0016311
Tlin11787-RA	GO:0004721
Tlin11787-RA	GO:0004721
Tlin06062-RA	GO:0005515
Tlin06062-RA	GO:0005515
Tlin06062-RA	GO:0005515
Tlin06062-RA	GO:0005515
Tlin06062-RA	GO:0005515
Tlin06062-RA	GO:0005515
Tlin06062-RA	GO:0005515
Tlin06062-RA	GO:0005515
Tlin05730-RA	GO:0005515
Tlin05730-RA	GO:0005515
Tlin05730-RA	GO:0005515
Tlin01399-RA	GO:0022857
Tlin01399-RA	GO:0055085
Tlin01399-RA	GO:0016020
Tlin01399-RA	GO:0022857
Tlin01399-RA	GO:0055085
Tlin01399-RA	GO:0016020
Tlin13220-RA	GO:0016020
Tlin13220-RA	GO:0016020
Tlin13220-RA	GO:0008521
Tlin13218-RA	GO:0000974
Tlin13218-RA	GO:0000398
Tlin00796-RA	GO:0005515
Tlin00796-RA	GO:0005515
Tlin00796-RA	GO:0005515
Tlin00796-RA	GO:0005515
Tlin05933-RA	GO:0005515
Tlin05933-RA	GO:0005886
Tlin05933-RA	GO:0007155
Tlin05933-RA	GO:0007411
Tlin05933-RA	GO:0005515
Tlin05933-RA	GO:0005515
Tlin05933-RA	GO:0005515
Tlin05933-RA	GO:0005515
Tlin05933-RA	GO:0005515
Tlin05933-RA	GO:0005515
Tlin05933-RA	GO:0005515
Tlin05933-RA	GO:0005515
Tlin05933-RA	GO:0005515
Tlin05933-RA	GO:0005515
Tlin05933-RA	GO:0005515
Tlin05933-RA	GO:0005515
Tlin05933-RA	GO:0005515
Tlin05933-RA	GO:0005515
Tlin05933-RA	GO:0005515
Tlin07604-RA	GO:0003677
Tlin07604-RA	GO:0003677
Tlin07604-RA	GO:0006355
Tlin07604-RA	GO:0000981
Tlin00362-RA	GO:0003677
Tlin00362-RA	GO:0003677
Tlin00362-RA	GO:0006355
Tlin00362-RA	GO:0000981
Tlin03073-RA	GO:0006508
Tlin03073-RA	GO:0004252
Tlin03073-RA	GO:0006508
Tlin03073-RA	GO:0004252
Tlin03073-RA	GO:0006508
Tlin03073-RA	GO:0004252
Tlin00152-RA	GO:0005515
Tlin00152-RA	GO:0005737
Tlin00152-RA	GO:0007266
Tlin00152-RA	GO:0005094
Tlin00152-RA	GO:0005515
Tlin00152-RA	GO:0005737
Tlin00152-RA	GO:0007266
Tlin00152-RA	GO:0005094
Tlin13077-RA	GO:0003677
Tlin00186-RA	GO:0005975
Tlin00186-RA	GO:0005975
Tlin03168-RA	GO:0005840
Tlin03168-RA	GO:0006412
Tlin03168-RA	GO:0003735
Tlin03168-RA	GO:0006412
Tlin03168-RA	GO:0005840
Tlin03168-RA	GO:0006412
Tlin03168-RA	GO:0003735
Tlin03168-RA	GO:0005840
Tlin03168-RA	GO:0006412
Tlin03168-RA	GO:0003735
Tlin01057-RA	GO:0016020
Tlin05392-RA	GO:0005085
Tlin05392-RA	GO:0005085
Tlin13914-RA	GO:0003755
Tlin13914-RA	GO:0000413
Tlin13914-RA	GO:0005515
Tlin13914-RA	GO:0005515
Tlin13914-RA	GO:0005515
Tlin03109-RA	GO:0070063
Tlin03109-RA	GO:0003712
Tlin06195-RA	GO:0005096
Tlin06195-RA	GO:0005096
Tlin08507-RA	GO:0007186
Tlin08507-RA	GO:0019001
Tlin08507-RA	GO:0031683
Tlin08507-RA	GO:0003924
Tlin08507-RA	GO:0007186
Tlin08507-RA	GO:0019001
Tlin08507-RA	GO:0031683
Tlin08507-RA	GO:0003924
Tlin08507-RA	GO:0007186
Tlin08507-RA	GO:0019001
Tlin08507-RA	GO:0031683
Tlin08507-RA	GO:0003924
Tlin08507-RA	GO:0007165
Tlin08507-RA	GO:0007165
Tlin11852-RA	GO:0005515
Tlin11852-RA	GO:0005515
Tlin11852-RA	GO:0005515
Tlin13813-RA	GO:0005524
Tlin02160-RA	GO:0006508
Tlin02160-RA	GO:0004252
Tlin00478-RA	GO:0008417
Tlin00478-RA	GO:0016020
Tlin00478-RA	GO:0006486
Tlin00478-RA	GO:0008417
Tlin00478-RA	GO:0016020
Tlin00478-RA	GO:0006486
Tlin03629-RA	GO:0007266
Tlin03629-RA	GO:0051015
Tlin03629-RA	GO:0007155
Tlin03629-RA	GO:0051015
Tlin03629-RA	GO:0007155
Tlin03629-RA	GO:0051015
Tlin03629-RA	GO:0007155
Tlin10278-RA	GO:0005515
Tlin10278-RA	GO:0005515
Tlin10278-RA	GO:0005515
Tlin10278-RA	GO:0005515
Tlin06431-RA	GO:0005524
Tlin06431-RA	GO:0007018
Tlin06431-RA	GO:0003777
Tlin06431-RA	GO:0007018
Tlin06431-RA	GO:0003777
Tlin06431-RA	GO:0005524
Tlin06431-RA	GO:0007018
Tlin06431-RA	GO:0008017
Tlin06431-RA	GO:0003777
Tlin11683-RA	GO:0005549
Tlin11683-RA	GO:0005515
Tlin11683-RA	GO:0005549
Tlin08094-RA	GO:0005515
Tlin08094-RA	GO:0005515
Tlin08094-RA	GO:0005515
Tlin00956-RA	GO:0042981
Tlin00956-RA	GO:0042981
Tlin11363-RA	GO:0005840
Tlin11363-RA	GO:0006412
Tlin11363-RA	GO:0003735
Tlin11363-RA	GO:0005840
Tlin11363-RA	GO:0006412
Tlin11363-RA	GO:0003735
Tlin11363-RA	GO:0005840
Tlin11363-RA	GO:0006412
Tlin11363-RA	GO:0003735
Tlin06729-RA	GO:0005515
Tlin06729-RA	GO:0005515
Tlin06729-RA	GO:0046872
Tlin06729-RA	GO:0008270
Tlin00328-RA	GO:0006412
Tlin00328-RA	GO:0005840
Tlin00328-RA	GO:0006412
Tlin00328-RA	GO:0003735
Tlin00328-RA	GO:0005840
Tlin00328-RA	GO:0006412
Tlin00328-RA	GO:0003735
Tlin09487-RA	GO:0006869
Tlin09487-RA	GO:0005319
Tlin09487-RA	GO:0006869
Tlin09487-RA	GO:0005319
Tlin09487-RA	GO:0006869
Tlin09487-RA	GO:0005319
Tlin09487-RA	GO:0006869
Tlin09487-RA	GO:0005319
Tlin09487-RA	GO:0006869
Tlin09487-RA	GO:0005319
Tlin09487-RA	GO:0006869
Tlin09487-RA	GO:0005319
Tlin09487-RA	GO:0005319
Tlin12407-RA	GO:0006310
Tlin12407-RA	GO:0015074
Tlin12407-RA	GO:0003677
Tlin12407-RA	GO:0003677
Tlin06583-RA	GO:0055085
Tlin06583-RA	GO:0022857
Tlin04272-RA	GO:0006364
Tlin04272-RA	GO:0090730
Tlin04272-RA	GO:0004519
Tlin04272-RA	GO:0006364
Tlin04272-RA	GO:0090730
Tlin04272-RA	GO:0004519
Tlin07414-RA	GO:0005840
Tlin07414-RA	GO:0006412
Tlin07414-RA	GO:0003735
Tlin07414-RA	GO:0005840
Tlin07414-RA	GO:0006412
Tlin07414-RA	GO:0003735
Tlin03228-RA	GO:0005524
Tlin03228-RA	GO:0003676
Tlin13290-RA	GO:0055085
Tlin13290-RA	GO:0022857
Tlin02047-RA	GO:0006396
Tlin02047-RA	GO:0008173
Tlin02047-RA	GO:0003723
Tlin02047-RA	GO:0030488
Tlin02047-RA	GO:0016423
Tlin14578-RA	GO:0006313
Tlin14578-RA	GO:0004803
Tlin02892-RA	GO:0016020
Tlin02892-RA	GO:0016020
Tlin12079-RA	GO:0005506
Tlin12079-RA	GO:0016705
Tlin12079-RA	GO:0020037
Tlin12079-RA	GO:0004497
Tlin12079-RA	GO:1901135
Tlin12079-RA	GO:0097367
Tlin12079-RA	GO:0005506
Tlin12079-RA	GO:0016705
Tlin12079-RA	GO:0020037
Tlin12079-RA	GO:0004497
Tlin12079-RA	GO:0006094
Tlin12079-RA	GO:0006096
Tlin12079-RA	GO:0004347
Tlin12079-RA	GO:0006096
Tlin12079-RA	GO:0004347
Tlin12079-RA	GO:0016705
Tlin12079-RA	GO:0005506
Tlin12079-RA	GO:0006094
Tlin12079-RA	GO:0006096
Tlin12079-RA	GO:0004347
Tlin12079-RA	GO:0006094
Tlin12079-RA	GO:0006096
Tlin12079-RA	GO:0004347
Tlin12079-RA	GO:0005506
Tlin12079-RA	GO:0016705
Tlin12079-RA	GO:0020037
Tlin12079-RA	GO:0004497
Tlin12079-RA	GO:0006094
Tlin12079-RA	GO:0006096
Tlin12079-RA	GO:0004347
Tlin12831-RA	GO:0003824
Tlin12831-RA	GO:0030170
Tlin12831-RA	GO:0009058
Tlin12831-RA	GO:0003824
Tlin12831-RA	GO:0009058
Tlin12831-RA	GO:0030170
Tlin12831-RA	GO:0003824
Tlin12831-RA	GO:0008483
Tlin12831-RA	GO:0006520
Tlin08253-RA	GO:0003677
Tlin08253-RA	GO:0006355
Tlin08253-RA	GO:0000981
Tlin08253-RA	GO:0003677
Tlin02663-RA	GO:0005515
Tlin05126-RA	GO:0016301
Tlin05126-RA	GO:0004674
Tlin05126-RA	GO:0000184
Tlin05126-RA	GO:0005515
Tlin05126-RA	GO:0004674
Tlin05126-RA	GO:0016310
Tlin05126-RA	GO:0000184
Tlin10500-RA	GO:0005975
Tlin10500-RA	GO:0004553
Tlin10500-RA	GO:0030246
Tlin14530-RA	GO:0006508
Tlin14530-RA	GO:0004198
Tlin00005-RA	GO:0005515
Tlin05258-RA	GO:0006366
Tlin05258-RA	GO:0046982
Tlin05258-RA	GO:0006366
Tlin05258-RA	GO:0046982
Tlin05258-RA	GO:0006366
Tlin06893-RA	GO:0016887
Tlin06893-RA	GO:0005524
Tlin06893-RA	GO:0004222
Tlin06893-RA	GO:0005524
Tlin06893-RA	GO:0006508
Tlin06893-RA	GO:0004176
Tlin06893-RA	GO:0004222
Tlin06893-RA	GO:0005524
Tlin06893-RA	GO:0006508
Tlin06893-RA	GO:0004176
Tlin06893-RA	GO:0016887
Tlin06893-RA	GO:0005524
Tlin06893-RA	GO:0004222
Tlin06893-RA	GO:0005524
Tlin06893-RA	GO:0008270
Tlin06893-RA	GO:0016020
Tlin06893-RA	GO:0004176
Tlin06893-RA	GO:0004222
Tlin06893-RA	GO:0005524
Tlin06893-RA	GO:0006508
Tlin06893-RA	GO:0004176
Tlin10974-RA	GO:0022904
Tlin06888-RA	GO:0051260
Tlin12100-RA	GO:0018095
Tlin05634-RA	GO:0005515
Tlin05634-RA	GO:0005515
Tlin05634-RA	GO:0005515
Tlin05634-RA	GO:0005515
Tlin05634-RA	GO:0005515
Tlin05634-RA	GO:0005515
Tlin05634-RA	GO:0005515
Tlin05634-RA	GO:0005515
Tlin05634-RA	GO:0005515
Tlin05634-RA	GO:0005515
Tlin05634-RA	GO:0005515
Tlin05634-RA	GO:0005515
Tlin05634-RA	GO:0005515
Tlin05634-RA	GO:0005515
Tlin05634-RA	GO:0005515
Tlin05634-RA	GO:0005515
Tlin05634-RA	GO:0005515
Tlin05634-RA	GO:0005515
Tlin05634-RA	GO:0005515
Tlin05634-RA	GO:0008017
Tlin05634-RA	GO:0008017
Tlin05634-RA	GO:0005515
Tlin05634-RA	GO:0005515
Tlin05634-RA	GO:0045104
Tlin05634-RA	GO:0008017
Tlin00398-RA	GO:0032012
Tlin00398-RA	GO:0005085
Tlin00398-RA	GO:0032012
Tlin00398-RA	GO:0005085
Tlin00398-RA	GO:0032012
Tlin00398-RA	GO:0005085
Tlin11125-RA	GO:0009116
Tlin11125-RA	GO:0003824
Tlin11125-RA	GO:0009116
Tlin11125-RA	GO:0003824
Tlin11125-RA	GO:0006139
Tlin11125-RA	GO:0004731
Tlin11125-RA	GO:0006139
Tlin11125-RA	GO:0004731
Tlin11125-RA	GO:0009116
Tlin11125-RA	GO:0003824
Tlin07003-RA	GO:0006351
Tlin07003-RA	GO:0003899
Tlin07003-RA	GO:0003899
Tlin07003-RA	GO:0006351
Tlin07003-RA	GO:0003677
Tlin07003-RA	GO:0003899
Tlin07003-RA	GO:0006351
Tlin07003-RA	GO:0003677
Tlin07003-RA	GO:0003899
Tlin07003-RA	GO:0006351
Tlin07003-RA	GO:0003677
Tlin07003-RA	GO:0003899
Tlin07003-RA	GO:0006351
Tlin07003-RA	GO:0003677
Tlin04604-RA	GO:0005515
Tlin04604-RA	GO:0016192
Tlin04604-RA	GO:0016192
Tlin04604-RA	GO:0006886
Tlin00147-RA	GO:0005524
Tlin00147-RA	GO:0006468
Tlin00147-RA	GO:0004672
Tlin00147-RA	GO:0006468
Tlin00147-RA	GO:0004672
Tlin12852-RA	GO:0048011
Tlin12852-RA	GO:0032007
Tlin12852-RA	GO:0048011
Tlin12852-RA	GO:0032007
Tlin03973-RA	GO:0022857
Tlin03973-RA	GO:0055085
Tlin03973-RA	GO:0016020
Tlin03973-RA	GO:0022857
Tlin03973-RA	GO:0055085
Tlin03973-RA	GO:0016020
Tlin10508-RA	GO:0003682
Tlin07211-RA	GO:0016787
Tlin03043-RA	GO:0046983
Tlin03043-RA	GO:0046983
Tlin03043-RA	GO:0046983
Tlin04209-RA	GO:0016746
Tlin04209-RA	GO:0016746
Tlin02222-RA	GO:0006351
Tlin02222-RA	GO:0046983
Tlin02222-RA	GO:0003899
Tlin02222-RA	GO:0006351
Tlin02222-RA	GO:0003899
Tlin02222-RA	GO:0046983
Tlin02222-RA	GO:0006351
Tlin02222-RA	GO:0046983
Tlin02222-RA	GO:0006351
Tlin02222-RA	GO:0003899
Tlin02222-RA	GO:0006351
Tlin02222-RA	GO:0003677
Tlin05244-RA	GO:0016747
Tlin12718-RA	GO:0006313
Tlin12718-RA	GO:0004803
Tlin05529-RA	GO:0005515
Tlin05529-RA	GO:0005515
Tlin05529-RA	GO:0005515
Tlin13666-RA	GO:0016740
Tlin13666-RA	GO:0008033
Tlin13666-RA	GO:0016783
Tlin14143-RA	GO:0008270
Tlin14143-RA	GO:0003676
Tlin14143-RA	GO:0008270
Tlin14143-RA	GO:0003676
Tlin14143-RA	GO:0006508
Tlin14143-RA	GO:0004190
Tlin10609-RA	GO:0005515
Tlin10609-RA	GO:0007186
Tlin10609-RA	GO:0016020
Tlin10609-RA	GO:0004930
Tlin10609-RA	GO:0007186
Tlin10609-RA	GO:0016020
Tlin10609-RA	GO:0004930
Tlin12868-RA	GO:0004842
Tlin12868-RA	GO:0005515
Tlin12868-RA	GO:0005515
Tlin12868-RA	GO:0005515
Tlin12868-RA	GO:0004842
Tlin12868-RA	GO:0005515
Tlin12868-RA	GO:0005515
Tlin12868-RA	GO:0004842
Tlin12868-RA	GO:0005515
Tlin12868-RA	GO:0005515
Tlin02134-RA	GO:0005525
Tlin00997-RA	GO:0008061
Tlin00997-RA	GO:0008061
Tlin00997-RA	GO:0008061
Tlin00997-RA	GO:0008061
Tlin00997-RA	GO:0005576
Tlin00997-RA	GO:0008061
Tlin00997-RA	GO:0005576
Tlin00997-RA	GO:0008061
Tlin00997-RA	GO:0005576
Tlin11954-RA	GO:0005549
Tlin11954-RA	GO:0007608
Tlin11954-RA	GO:0016020
Tlin11954-RA	GO:0004984
Tlin11954-RA	GO:0005549
Tlin11954-RA	GO:0007608
Tlin11954-RA	GO:0016020
Tlin11954-RA	GO:0004984
Tlin08924-RA	GO:0005515
Tlin08924-RA	GO:0005515
Tlin08924-RA	GO:0005515
Tlin08924-RA	GO:0006364
Tlin08924-RA	GO:0005730
Tlin08924-RA	GO:0003899
Tlin08924-RA	GO:0006351
Tlin08924-RA	GO:0003677
Tlin08924-RA	GO:0003899
Tlin08924-RA	GO:0006351
Tlin08924-RA	GO:0003677
Tlin08924-RA	GO:0005515
Tlin08924-RA	GO:0003899
Tlin08924-RA	GO:0006351
Tlin08924-RA	GO:0003677
Tlin08924-RA	GO:0005515
Tlin08924-RA	GO:0005515
Tlin05908-RA	GO:0016757
Tlin04310-RA	GO:0005524
Tlin04310-RA	GO:0006468
Tlin04310-RA	GO:0004674
Tlin00482-RA	GO:0005515
Tlin00482-RA	GO:0005515
Tlin00482-RA	GO:0005515
Tlin04702-RA	GO:0035091
Tlin04702-RA	GO:0016020
Tlin04702-RA	GO:0035091
Tlin04702-RA	GO:0016020
Tlin04702-RA	GO:0035091
Tlin04702-RA	GO:0005515
Tlin04702-RA	GO:0016020
Tlin04702-RA	GO:0005515
Tlin13041-RA	GO:0005096
Tlin05924-RA	GO:0050909
Tlin05924-RA	GO:0016020
Tlin05924-RA	GO:0050909
Tlin05924-RA	GO:0016020
Tlin11213-RA	GO:0006106
Tlin11213-RA	GO:0045239
Tlin11213-RA	GO:0004333
Tlin11213-RA	GO:0003824
Tlin11213-RA	GO:0003824
Tlin11213-RA	GO:0016829
Tlin11213-RA	GO:0006099
Tlin11213-RA	GO:0006106
Tlin11213-RA	GO:0045239
Tlin11213-RA	GO:0004333
Tlin01546-RA	GO:0008270
Tlin01546-RA	GO:0004089
Tlin11580-RA	GO:0005515
Tlin11580-RA	GO:0042393
Tlin11580-RA	GO:0140658
Tlin11580-RA	GO:0005524
Tlin11580-RA	GO:0005515
Tlin11580-RA	GO:0005515
Tlin11580-RA	GO:0005515
Tlin12644-RA	GO:0005524
Tlin12644-RA	GO:0003676
Tlin12644-RA	GO:0005515
Tlin03001-RA	GO:0016020
Tlin03001-RA	GO:0016020
Tlin03001-RA	GO:0016020
Tlin03001-RA	GO:0016020
Tlin03001-RA	GO:0016020
Tlin03826-RA	GO:0006397
Tlin03826-RA	GO:0003676
Tlin03826-RA	GO:0003676
Tlin06600-RA	GO:0020037
Tlin07503-RA	GO:0005515
Tlin07503-RA	GO:0005515
Tlin07503-RA	GO:0005515
Tlin07503-RA	GO:0005515
Tlin07503-RA	GO:0005515
Tlin05556-RA	GO:0030014
Tlin05556-RA	GO:0030014
Tlin08086-RA	GO:0005525
Tlin08086-RA	GO:0003924
Tlin05802-RA	GO:0016301
Tlin05802-RA	GO:0048015
Tlin05802-RA	GO:0046854
Tlin05802-RA	GO:0016301
Tlin06241-RA	GO:0030906
Tlin06241-RA	GO:0042147
Tlin06241-RA	GO:0015031
Tlin06241-RA	GO:0030906
Tlin06241-RA	GO:0042147
Tlin06241-RA	GO:0015031
Tlin09789-RA	GO:0030515
Tlin09789-RA	GO:0000462
Tlin09789-RA	GO:0030515
Tlin09789-RA	GO:0000462
Tlin00060-RA	GO:0005634
Tlin09466-RA	GO:0005524
Tlin09466-RA	GO:0005737
Tlin09466-RA	GO:0008299
Tlin09466-RA	GO:0004496
Tlin09466-RA	GO:0005524
Tlin05570-RA	GO:0035556
Tlin05570-RA	GO:0009190
Tlin05570-RA	GO:0016849
Tlin05570-RA	GO:0035556
Tlin05570-RA	GO:0009190
Tlin05570-RA	GO:0035556
Tlin05570-RA	GO:0009190
Tlin05570-RA	GO:0035556
Tlin05570-RA	GO:0009190
Tlin05570-RA	GO:0035556
Tlin05570-RA	GO:0009190
Tlin04441-RA	GO:0003676
Tlin04441-RA	GO:0003723
Tlin05041-RA	GO:0005515
Tlin05041-RA	GO:0005515
Tlin05041-RA	GO:0016020
Tlin05041-RA	GO:0016020
Tlin05041-RA	GO:0005515
Tlin05041-RA	GO:0005515
Tlin02653-RA	GO:0006952
Tlin09246-RA	GO:0005515
Tlin09246-RA	GO:0005515
Tlin09246-RA	GO:0005515
Tlin09246-RA	GO:0005515
Tlin09246-RA	GO:0005515
Tlin12366-RA	GO:0055085
Tlin12366-RA	GO:0016020
Tlin12366-RA	GO:0055085
Tlin12366-RA	GO:0016020
Tlin10970-RA	GO:0005515
Tlin10121-RA	GO:0005874
Tlin10121-RA	GO:0008017
Tlin10121-RA	GO:0000226
Tlin09927-RA	GO:0005515
Tlin09927-RA	GO:0005515
Tlin09927-RA	GO:0005515
Tlin09927-RA	GO:0005515
Tlin09927-RA	GO:0005515
Tlin09927-RA	GO:0005515
Tlin09927-RA	GO:0005515
Tlin09927-RA	GO:0005515
Tlin09927-RA	GO:0005515
Tlin09927-RA	GO:0005515
Tlin09927-RA	GO:0005515
Tlin11755-RA	GO:0008236
Tlin11755-RA	GO:0006508
Tlin11755-RA	GO:0006508
Tlin08912-RA	GO:0006511
Tlin08912-RA	GO:0007275
Tlin08912-RA	GO:0005737
Tlin08912-RA	GO:0007275
Tlin08912-RA	GO:0006511
Tlin02655-RA	GO:0030246
Tlin02655-RA	GO:0005975
Tlin02655-RA	GO:0030246
Tlin02655-RA	GO:0003824
Tlin02655-RA	GO:0016853
Tlin02655-RA	GO:0005975
Tlin08418-RA	GO:0004620
Tlin08418-RA	GO:0006629
Tlin00210-RA	GO:0060090
Tlin00210-RA	GO:0007165
Tlin03188-RA	GO:0005525
Tlin03188-RA	GO:0003924
Tlin03188-RA	GO:0006886
Tlin03188-RA	GO:0005525
Tlin00828-RA	GO:0008168
Tlin00828-RA	GO:0001510
Tlin00996-RA	GO:0005525
Tlin00996-RA	GO:0005525
Tlin00996-RA	GO:0005525
Tlin00996-RA	GO:0003924
Tlin05003-RA	GO:0016020
Tlin05003-RA	GO:0015293
Tlin05003-RA	GO:0016020
Tlin05003-RA	GO:0015293
Tlin05003-RA	GO:0016020
Tlin05003-RA	GO:0015293
Tlin10598-RA	GO:0008180
Tlin10598-RA	GO:0010387
Tlin10598-RA	GO:0000338
Tlin06118-RA	GO:0006355
Tlin06118-RA	GO:0043565
Tlin06118-RA	GO:0003700
Tlin02920-RA	GO:0050660
Tlin02920-RA	GO:0016614
Tlin02920-RA	GO:0050660
Tlin02920-RA	GO:0016614
Tlin02920-RA	GO:0005549
Tlin02920-RA	GO:0007608
Tlin02920-RA	GO:0016020
Tlin02920-RA	GO:0004984
Tlin02920-RA	GO:0005549
Tlin02920-RA	GO:0007608
Tlin02920-RA	GO:0016020
Tlin02920-RA	GO:0004984
Tlin02920-RA	GO:0005549
Tlin02920-RA	GO:0007608
Tlin02920-RA	GO:0016020
Tlin02920-RA	GO:0004984
Tlin02920-RA	GO:0050660
Tlin02920-RA	GO:0016614
Tlin06296-RA	GO:0005515
Tlin06296-RA	GO:0005515
Tlin06296-RA	GO:0005515
Tlin03683-RA	GO:0015914
Tlin03683-RA	GO:0005548
Tlin03683-RA	GO:0015914
Tlin03683-RA	GO:0005548
Tlin03683-RA	GO:0015914
Tlin03683-RA	GO:0005548
Tlin06804-RA	GO:0016020
Tlin06804-RA	GO:1901642
Tlin06804-RA	GO:0005337
Tlin06804-RA	GO:0016020
Tlin06804-RA	GO:1901642
Tlin06804-RA	GO:0005337
Tlin10911-RA	GO:0016020
Tlin10911-RA	GO:0005509
Tlin10911-RA	GO:0007156
Tlin10911-RA	GO:0016020
Tlin10911-RA	GO:0005509
Tlin10911-RA	GO:0007156
Tlin10911-RA	GO:0016020
Tlin10911-RA	GO:0005509
Tlin10911-RA	GO:0007156
Tlin10911-RA	GO:0016020
Tlin10911-RA	GO:0005509
Tlin10911-RA	GO:0007156
Tlin10911-RA	GO:0016020
Tlin10911-RA	GO:0005509
Tlin10911-RA	GO:0007156
Tlin10911-RA	GO:0016020
Tlin10911-RA	GO:0005509
Tlin10911-RA	GO:0007155
Tlin10911-RA	GO:0005886
Tlin10911-RA	GO:0016020
Tlin10911-RA	GO:0005509
Tlin10911-RA	GO:0007156
Tlin10911-RA	GO:0005509
Tlin10911-RA	GO:0016020
Tlin10911-RA	GO:0005509
Tlin10911-RA	GO:0007155
Tlin10911-RA	GO:0005886
Tlin10911-RA	GO:0098609
Tlin10911-RA	GO:0016020
Tlin10911-RA	GO:0005509
Tlin10911-RA	GO:0016020
Tlin10911-RA	GO:0005509
Tlin10911-RA	GO:0007155
Tlin10911-RA	GO:0005886
Tlin10911-RA	GO:0016020
Tlin10911-RA	GO:0005509
Tlin10911-RA	GO:0016020
Tlin10911-RA	GO:0005509
Tlin09336-RA	GO:0016126
Tlin09336-RA	GO:0016628
Tlin09336-RA	GO:0016020
Tlin06987-RA	GO:0007165
Tlin06987-RA	GO:0005515
Tlin06987-RA	GO:0005515
Tlin06987-RA	GO:0005515
Tlin06987-RA	GO:0005515
Tlin06987-RA	GO:0005515
Tlin06987-RA	GO:0005515
Tlin06987-RA	GO:0005515
Tlin06987-RA	GO:0005515
Tlin06987-RA	GO:0005515
Tlin06987-RA	GO:0005515
Tlin06987-RA	GO:0005515
Tlin06987-RA	GO:0005515
Tlin01553-RA	GO:0046983
Tlin03701-RA	GO:0032580
Tlin03701-RA	GO:0008376
Tlin01715-RA	GO:0003950
Tlin06450-RA	GO:0003714
Tlin06450-RA	GO:0003714
Tlin13959-RA	GO:0005549
Tlin13959-RA	GO:0007608
Tlin13959-RA	GO:0016020
Tlin13959-RA	GO:0004984
Tlin13959-RA	GO:0005549
Tlin13959-RA	GO:0007608
Tlin13959-RA	GO:0016020
Tlin13959-RA	GO:0004984
Tlin05045-RA	GO:0003723
Tlin05045-RA	GO:0006397
Tlin05045-RA	GO:0031251
Tlin05045-RA	GO:0000289
Tlin02984-RA	GO:0005634
Tlin02984-RA	GO:0005634
Tlin02571-RA	GO:0006355
Tlin02571-RA	GO:0000981
Tlin02571-RA	GO:0003677
Tlin02571-RA	GO:0003677
Tlin04956-RA	GO:0005254
Tlin03155-RA	GO:0005515
Tlin12213-RA	GO:0003723
Tlin12213-RA	GO:0089701
Tlin12213-RA	GO:0000398
Tlin12213-RA	GO:0003676
Tlin07027-RA	GO:0003677
Tlin07027-RA	GO:0006355
Tlin07027-RA	GO:0003677
Tlin07027-RA	GO:0006355
Tlin07027-RA	GO:0003677
Tlin07027-RA	GO:0006355
Tlin07027-RA	GO:0003677
Tlin01981-RA	GO:0016020
Tlin01981-RA	GO:0015276
Tlin01686-RA	GO:0005515
Tlin01686-RA	GO:0005515
Tlin01686-RA	GO:0005515
Tlin11439-RA	GO:0005515
Tlin11439-RA	GO:0005515
Tlin00156-RA	GO:0016020
Tlin00156-RA	GO:0016020
Tlin12082-RA	GO:0005524
Tlin12082-RA	GO:0032559
Tlin12082-RA	GO:0015986
Tlin12082-RA	GO:0045261
Tlin12082-RA	GO:0046933
Tlin12082-RA	GO:0015986
Tlin12082-RA	GO:0015986
Tlin12082-RA	GO:1902600
Tlin12082-RA	GO:0046034
Tlin12082-RA	GO:0005524
Tlin12082-RA	GO:1902600
Tlin12082-RA	GO:0046034
Tlin04311-RA	GO:0030001
Tlin04311-RA	GO:0046873
Tlin04311-RA	GO:0016020
Tlin04311-RA	GO:0005524
Tlin04311-RA	GO:0004674
Tlin04311-RA	GO:0030001
Tlin04311-RA	GO:0046873
Tlin04311-RA	GO:0016020
Tlin05441-RA	GO:0005525
Tlin05441-RA	GO:0003924
Tlin05441-RA	GO:0003924
Tlin05441-RA	GO:0003924
Tlin12574-RA	GO:0016020
Tlin12574-RA	GO:0006488
Tlin12574-RA	GO:0016020
Tlin12574-RA	GO:0006488
Tlin04324-RA	GO:0003677
Tlin04324-RA	GO:0003677
Tlin04324-RA	GO:0006355
Tlin04324-RA	GO:0000981
Tlin00865-RA	GO:0007275
Tlin00865-RA	GO:0006511
Tlin02023-RA	GO:0005515
Tlin02023-RA	GO:0007165
Tlin02023-RA	GO:0005856
Tlin07678-RA	GO:0005515
Tlin01568-RA	GO:0016192
Tlin01568-RA	GO:0030117
Tlin01568-RA	GO:0006886
Tlin01568-RA	GO:0016192
Tlin04875-RA	GO:0005975
Tlin04875-RA	GO:0004553
Tlin04875-RA	GO:0005975
Tlin04875-RA	GO:0004553
Tlin02392-RA	GO:0005544
Tlin02392-RA	GO:0005509
Tlin02392-RA	GO:0005544
Tlin02392-RA	GO:0005509
Tlin02392-RA	GO:0005544
Tlin02392-RA	GO:0005509
Tlin02392-RA	GO:0005544
Tlin02392-RA	GO:0005509
Tlin02392-RA	GO:0005544
Tlin02392-RA	GO:0005509
Tlin02392-RA	GO:0005544
Tlin02392-RA	GO:0005509
Tlin02392-RA	GO:0005544
Tlin02392-RA	GO:0005509
Tlin02392-RA	GO:0005544
Tlin02392-RA	GO:0005509
Tlin02392-RA	GO:0005544
Tlin02392-RA	GO:0005509
Tlin02392-RA	GO:0005544
Tlin02392-RA	GO:0005509
Tlin02392-RA	GO:0005544
Tlin02392-RA	GO:0005509
Tlin05735-RA	GO:0003723
Tlin05735-RA	GO:0003723
Tlin05735-RA	GO:0003676
Tlin10408-RA	GO:0005515
Tlin10408-RA	GO:0005515
Tlin10408-RA	GO:0005515
Tlin10408-RA	GO:0005515
Tlin10408-RA	GO:0005515
Tlin10408-RA	GO:0005515
Tlin10408-RA	GO:0005515
Tlin10408-RA	GO:0005515
Tlin10408-RA	GO:0005515
Tlin10408-RA	GO:0005515
Tlin10408-RA	GO:0005515
Tlin10408-RA	GO:0005515
Tlin10408-RA	GO:0005515
Tlin10408-RA	GO:0005515
Tlin10408-RA	GO:0005515
Tlin02480-RA	GO:0005509
Tlin02480-RA	GO:0016020
Tlin02480-RA	GO:0004571
Tlin02480-RA	GO:0005509
Tlin02480-RA	GO:0016020
Tlin02480-RA	GO:0004571
Tlin02480-RA	GO:0005975
Tlin03993-RA	GO:0008270
Tlin03993-RA	GO:0003676
Tlin11096-RA	GO:0016020
Tlin11096-RA	GO:0071805
Tlin11096-RA	GO:0005267
Tlin06217-RA	GO:0007165
Tlin06217-RA	GO:0019888
Tlin06217-RA	GO:0000159
Tlin06217-RA	GO:0007165
Tlin06217-RA	GO:0019888
Tlin06217-RA	GO:0000159
Tlin11175-RA	GO:0046872
Tlin11175-RA	GO:0046872
Tlin01915-RA	GO:0016020
Tlin01915-RA	GO:0055085
Tlin01915-RA	GO:0015267
Tlin01915-RA	GO:0016020
Tlin01915-RA	GO:0055085
Tlin01915-RA	GO:0015267
Tlin11394-RA	GO:0006468
Tlin11394-RA	GO:0004672
Tlin11394-RA	GO:0005524
Tlin11394-RA	GO:0006468
Tlin11394-RA	GO:0004672
Tlin11394-RA	GO:0005524
Tlin07751-RA	GO:0005524
Tlin07751-RA	GO:0009229
Tlin07751-RA	GO:0004788
Tlin07751-RA	GO:0005524
Tlin07751-RA	GO:0009229
Tlin07751-RA	GO:0004788
Tlin07751-RA	GO:0009229
Tlin07751-RA	GO:0005524
Tlin07751-RA	GO:0009229
Tlin07751-RA	GO:0004788
Tlin07751-RA	GO:0005524
Tlin07751-RA	GO:0009229
Tlin07751-RA	GO:0004788
Tlin07751-RA	GO:0030975
Tlin07751-RA	GO:0009229
Tlin02872-RA	GO:0003677
Tlin02872-RA	GO:0003677
Tlin02872-RA	GO:0006355
Tlin02872-RA	GO:0000981
Tlin05652-RA	GO:0006470
Tlin05652-RA	GO:0004725
Tlin05652-RA	GO:0016791
Tlin05652-RA	GO:0016311
Tlin03563-RA	GO:0006555
Tlin03563-RA	GO:0004489
Tlin03563-RA	GO:0006555
Tlin03563-RA	GO:0004489
Tlin05860-RA	GO:0005524
Tlin05860-RA	GO:0006468
Tlin05860-RA	GO:0004672
Tlin05860-RA	GO:0005524
Tlin05860-RA	GO:0006468
Tlin05860-RA	GO:0004672
Tlin10267-RA	GO:0005515
Tlin10267-RA	GO:0005515
Tlin06845-RA	GO:0005515
Tlin06845-RA	GO:0035658
Tlin06845-RA	GO:0010506
Tlin00242-RA	GO:0008270
Tlin00242-RA	GO:0005515
Tlin11552-RA	GO:0016020
Tlin11552-RA	GO:0009922
Tlin11552-RA	GO:0016020
Tlin11552-RA	GO:0009922
Tlin01945-RA	GO:0005085
Tlin01945-RA	GO:0035556
Tlin01945-RA	GO:0005085
Tlin01945-RA	GO:0005515
Tlin01945-RA	GO:0005515
Tlin01945-RA	GO:0005085
Tlin09104-RA	GO:0005929
Tlin09104-RA	GO:0036158
Tlin09104-RA	GO:0003341
Tlin05668-RA	GO:0006396
Tlin05668-RA	GO:0016779
Tlin05668-RA	GO:0003723
Tlin05668-RA	GO:0016829
Tlin05668-RA	GO:0006396
Tlin05668-RA	GO:0016779
Tlin05668-RA	GO:0003723
Tlin06013-RA	GO:0005515
Tlin06013-RA	GO:0005096
Tlin06013-RA	GO:0007420
Tlin06013-RA	GO:0032012
Tlin06013-RA	GO:0005096
Tlin02727-RA	GO:0008234
Tlin02727-RA	GO:0006508
Tlin02727-RA	GO:0008234
Tlin11900-RA	GO:0043565
Tlin13941-RA	GO:0005975
Tlin13941-RA	GO:0004553
Tlin13941-RA	GO:0005975
Tlin13941-RA	GO:0004553
Tlin13941-RA	GO:0005975
Tlin13941-RA	GO:0004553
Tlin04783-RA	GO:0005737
Tlin04783-RA	GO:0000045
Tlin04783-RA	GO:0005737
Tlin04783-RA	GO:0000045
Tlin11810-RA	GO:0005634
Tlin01415-RA	GO:0006468
Tlin01415-RA	GO:0004672
Tlin01415-RA	GO:0005524
Tlin01415-RA	GO:0006468
Tlin01415-RA	GO:0004672
Tlin01415-RA	GO:0005524
Tlin05658-RA	GO:0005680
Tlin05658-RA	GO:0005680
Tlin10139-RA	GO:0005680
Tlin10139-RA	GO:0005680
Tlin07022-RA	GO:0045017
Tlin07022-RA	GO:0008374
Tlin11308-RA	GO:0006887
Tlin11308-RA	GO:0000145
Tlin11308-RA	GO:0006887
Tlin11308-RA	GO:0000145
Tlin07486-RA	GO:0017056
Tlin02214-RA	GO:0005524
Tlin02214-RA	GO:0006468
Tlin02214-RA	GO:0004672
Tlin00418-RA	GO:0051087
Tlin00418-RA	GO:0051087
Tlin05683-RA	GO:0006355
Tlin05683-RA	GO:0008270
Tlin05683-RA	GO:0005634
Tlin11281-RA	GO:0005783
Tlin11281-RA	GO:0032469
Tlin11281-RA	GO:0005509
Tlin11281-RA	GO:0005783
Tlin11281-RA	GO:0032469
Tlin11281-RA	GO:0005509
Tlin11701-RA	GO:0006611
Tlin11701-RA	GO:0005049
Tlin11701-RA	GO:0031267
Tlin11701-RA	GO:0006886
Tlin11701-RA	GO:0005049
Tlin13036-RA	GO:0003676
Tlin13036-RA	GO:0003676
Tlin13036-RA	GO:0003676
Tlin13036-RA	GO:0003723
Tlin13036-RA	GO:0003723
Tlin13036-RA	GO:0003723
Tlin13036-RA	GO:0003723
Tlin13036-RA	GO:0003676
Tlin09534-RA	GO:0016491
Tlin14636-RA	GO:0030148
Tlin14636-RA	GO:0042284
Tlin14636-RA	GO:0016020
Tlin14636-RA	GO:0006629
Tlin13397-RA	GO:0003676
Tlin02231-RA	GO:0016020
Tlin02231-RA	GO:0016020
Tlin02231-RA	GO:0016020
Tlin02231-RA	GO:0016020
Tlin07680-RA	GO:0007165
Tlin07680-RA	GO:0007165
Tlin14984-RA	GO:0006629
Tlin14923-RA	GO:0016787
Tlin14923-RA	GO:0016787
Tlin11187-RA	GO:0003755
Tlin11187-RA	GO:0000413
Tlin11187-RA	GO:0003755
Tlin11187-RA	GO:0000413
Tlin03533-RA	GO:0006357
Tlin03533-RA	GO:0003700
Tlin09932-RA	GO:0005975
Tlin09932-RA	GO:0004553
Tlin09932-RA	GO:0005975
Tlin09932-RA	GO:0004563
Tlin05611-RA	GO:0008270
Tlin05611-RA	GO:0008270
Tlin13050-RA	GO:0006282
Tlin13050-RA	GO:0004649
Tlin13745-RA	GO:0050660
Tlin13745-RA	GO:0016614
Tlin13745-RA	GO:0050660
Tlin13745-RA	GO:0050660
Tlin13745-RA	GO:0016614
Tlin13745-RA	GO:0050660
Tlin13745-RA	GO:0016614
Tlin13745-RA	GO:0016614
Tlin10996-RA	GO:0008270
Tlin10996-RA	GO:0008237
Tlin03602-RA	GO:0003676
Tlin06449-RA	GO:0005085
Tlin06449-RA	GO:0005515
Tlin06449-RA	GO:0005085
Tlin06449-RA	GO:0005515
Tlin00112-RA	GO:0072344
Tlin00112-RA	GO:0061630
Tlin05480-RA	GO:0035091
Tlin05480-RA	GO:0005524
Tlin05480-RA	GO:0006468
Tlin05480-RA	GO:0004672
Tlin05480-RA	GO:0035091
Tlin05480-RA	GO:0035091
Tlin11532-RA	GO:0005515
Tlin11532-RA	GO:0005515
Tlin08947-RA	GO:0051260
Tlin08947-RA	GO:0006811
Tlin08947-RA	GO:0016020
Tlin08947-RA	GO:0055085
Tlin08947-RA	GO:0005216
Tlin05159-RA	GO:0005506
Tlin05159-RA	GO:0016705
Tlin05159-RA	GO:0020037
Tlin05159-RA	GO:0004497
Tlin05159-RA	GO:0005506
Tlin05159-RA	GO:0016705
Tlin05159-RA	GO:0020037
Tlin05159-RA	GO:0004497
Tlin05159-RA	GO:0005506
Tlin05159-RA	GO:0016705
Tlin05159-RA	GO:0020037
Tlin05159-RA	GO:0004497
Tlin02573-RA	GO:0005524
Tlin02573-RA	GO:0005524
Tlin02573-RA	GO:0006468
Tlin02573-RA	GO:0004672
Tlin02573-RA	GO:0006468
Tlin02573-RA	GO:0004672
Tlin10437-RA	GO:0003824
Tlin09247-RA	GO:0016020
Tlin09247-RA	GO:0055085
Tlin09247-RA	GO:0015267
Tlin09247-RA	GO:0016020
Tlin09247-RA	GO:0055085
Tlin09247-RA	GO:0015267
Tlin00985-RA	GO:0006886
Tlin00985-RA	GO:0016020
Tlin00985-RA	GO:0005484
Tlin00985-RA	GO:0016020
Tlin00985-RA	GO:0016192
Tlin00985-RA	GO:0016020
Tlin03882-RA	GO:0007186
Tlin03882-RA	GO:0016020
Tlin03882-RA	GO:0004965
Tlin03882-RA	GO:0007186
Tlin03882-RA	GO:0016020
Tlin03882-RA	GO:0004930
Tlin06239-RA	GO:0071786
Tlin14357-RA	GO:0008270
Tlin14357-RA	GO:0003676
Tlin14639-RA	GO:0003824
Tlin14639-RA	GO:0030170
Tlin14639-RA	GO:0009058
Tlin14639-RA	GO:0003824
Tlin14639-RA	GO:0008483
Tlin14639-RA	GO:0006520
Tlin14278-RA	GO:0003824
Tlin14278-RA	GO:0030170
Tlin14278-RA	GO:0009058
Tlin14278-RA	GO:0003824
Tlin14278-RA	GO:0008483
Tlin14278-RA	GO:0006520
Tlin08254-RA	GO:0003677
Tlin08254-RA	GO:0006355
Tlin08254-RA	GO:0000981
Tlin08254-RA	GO:0003677
Tlin05635-RA	GO:0007005
Tlin05635-RA	GO:0007268
Tlin05635-RA	GO:0060271
Tlin05635-RA	GO:0005814
Tlin04741-RA	GO:0046416
Tlin04741-RA	GO:0071949
Tlin04741-RA	GO:0003884
Tlin04741-RA	GO:0016491
Tlin06749-RA	GO:0007034
Tlin06749-RA	GO:0007034
Tlin13259-RA	GO:0003676
Tlin12508-RA	GO:0003676
Tlin12508-RA	GO:0008270
Tlin12508-RA	GO:0003676
Tlin12508-RA	GO:0015074
Tlin13685-RA	GO:0046983
Tlin11085-RA	GO:0006412
Tlin11085-RA	GO:0006412
Tlin11085-RA	GO:0015935
Tlin11085-RA	GO:0003735
Tlin11085-RA	GO:0003735
Tlin11085-RA	GO:0006412
Tlin11085-RA	GO:0003723
Tlin08087-RA	GO:0000350
Tlin08087-RA	GO:0000350
Tlin08087-RA	GO:0000350
Tlin02966-RA	GO:0005515
Tlin10841-RA	GO:0006508
Tlin10841-RA	GO:0005515
Tlin10841-RA	GO:0005515
Tlin10841-RA	GO:0051560
Tlin10841-RA	GO:1990456
Tlin10841-RA	GO:0044233
Tlin05255-RA	GO:0004674
Tlin01362-RA	GO:0030060
Tlin01362-RA	GO:0006108
Tlin01362-RA	GO:0016616
Tlin01362-RA	GO:0003824
Tlin01362-RA	GO:0016491
Tlin01362-RA	GO:0016616
Tlin01362-RA	GO:0003824
Tlin01362-RA	GO:0016615
Tlin01362-RA	GO:0006108
Tlin01362-RA	GO:0016615
Tlin01362-RA	GO:0006108
Tlin01362-RA	GO:0016616
Tlin14057-RA	GO:0005524
Tlin14057-RA	GO:0006260
Tlin14057-RA	GO:0004748
Tlin10457-RA	GO:0006355
Tlin10457-RA	GO:0003700
Tlin10457-RA	GO:0006355
Tlin10457-RA	GO:0003677
Tlin10457-RA	GO:0003677
Tlin10457-RA	GO:0003677
Tlin10457-RA	GO:0003677
Tlin07290-RA	GO:0003723
Tlin07290-RA	GO:0003676
Tlin05426-RA	GO:0005515
Tlin05426-RA	GO:0005515
Tlin13135-RA	GO:0046982
Tlin13135-RA	GO:0003677
Tlin13135-RA	GO:0046982
Tlin13135-RA	GO:0003677
Tlin13135-RA	GO:0030527
Tlin13135-RA	GO:0000786
Tlin11397-RA	GO:0016020
Tlin11397-RA	GO:0016020
Tlin08599-RA	GO:0006629
Tlin06213-RA	GO:0005515
Tlin06213-RA	GO:0005515
Tlin06213-RA	GO:0005515
Tlin06213-RA	GO:0005515
Tlin06213-RA	GO:0003677
Tlin06213-RA	GO:0030527
Tlin06213-RA	GO:0000786
Tlin06213-RA	GO:0005515
Tlin06213-RA	GO:0005515
Tlin06213-RA	GO:0005515
Tlin06213-RA	GO:0046982
Tlin06213-RA	GO:0005515
Tlin06213-RA	GO:0003677
Tlin06213-RA	GO:0046982
Tlin06213-RA	GO:0005515
Tlin06213-RA	GO:0005515
Tlin06213-RA	GO:0005515
Tlin06213-RA	GO:0005515
Tlin11127-RA	GO:0005515
Tlin11127-RA	GO:0005515
Tlin11127-RA	GO:0005515
Tlin11127-RA	GO:0005515
Tlin09434-RA	GO:0006886
Tlin09434-RA	GO:0006886
Tlin05017-RA	GO:0008528
Tlin07464-RA	GO:0003677
Tlin07464-RA	GO:0003677
Tlin07464-RA	GO:0003677
Tlin07464-RA	GO:0003677
Tlin07464-RA	GO:0003677
Tlin10902-RA	GO:0016020
Tlin10902-RA	GO:0008146
Tlin10902-RA	GO:0016020
Tlin10902-RA	GO:0008146
Tlin03365-RA	GO:0003676
Tlin03365-RA	GO:0003723
Tlin03365-RA	GO:0003723
Tlin03365-RA	GO:0003676
Tlin03365-RA	GO:0003676
Tlin00300-RA	GO:0016020
Tlin00300-RA	GO:0042773
Tlin00300-RA	GO:0008137
Tlin00300-RA	GO:0051536
Tlin00300-RA	GO:0016020
Tlin00300-RA	GO:0042773
Tlin00300-RA	GO:0008137
Tlin00300-RA	GO:0051536
Tlin00300-RA	GO:0016491
Tlin00300-RA	GO:0051536
Tlin00300-RA	GO:0016651
Tlin00300-RA	GO:0016491
Tlin00300-RA	GO:0016020
Tlin00300-RA	GO:0042773
Tlin00300-RA	GO:0008137
Tlin03626-RA	GO:0016020
Tlin03626-RA	GO:0016051
Tlin03626-RA	GO:0008146
Tlin03626-RA	GO:0016020
Tlin03626-RA	GO:0008146
Tlin10710-RA	GO:0005525
Tlin10710-RA	GO:0003924
Tlin11649-RA	GO:0008236
Tlin11649-RA	GO:0006508
Tlin11649-RA	GO:0006508
Tlin09947-RA	GO:0005524
Tlin09947-RA	GO:0006468
Tlin09947-RA	GO:0004672
Tlin09947-RA	GO:0006468
Tlin09947-RA	GO:0004672
Tlin09947-RA	GO:0005524
Tlin01223-RA	GO:0006508
Tlin01223-RA	GO:0004222
Tlin01223-RA	GO:0071586
Tlin01223-RA	GO:0008233
Tlin14513-RA	GO:0035494
Tlin14513-RA	GO:0016887
Tlin12533-RA	GO:0007186
Tlin12533-RA	GO:0016020
Tlin12533-RA	GO:0004930
Tlin12533-RA	GO:0007186
Tlin12533-RA	GO:0016020
Tlin12533-RA	GO:0004930
Tlin12533-RA	GO:0007186
Tlin12533-RA	GO:0016020
Tlin12533-RA	GO:0004930
Tlin00301-RA	GO:0005549
Tlin00301-RA	GO:0007608
Tlin00301-RA	GO:0016020
Tlin00301-RA	GO:0004984
Tlin14895-RA	GO:0003677
Tlin14895-RA	GO:0046983
Tlin08307-RA	GO:0016020
Tlin08307-RA	GO:0005524
Tlin08307-RA	GO:0016020
Tlin08307-RA	GO:0005524
Tlin08307-RA	GO:0016887
Tlin08307-RA	GO:0005524
Tlin08307-RA	GO:0016020
Tlin08307-RA	GO:0055085
Tlin08307-RA	GO:0140359
Tlin08307-RA	GO:0005524
Tlin08307-RA	GO:0005524
Tlin01096-RA	GO:0005515
Tlin01096-RA	GO:0005515
Tlin01096-RA	GO:0005515
Tlin01096-RA	GO:0005515
Tlin01096-RA	GO:0005515
Tlin01096-RA	GO:0005515
Tlin01096-RA	GO:0005515
Tlin01096-RA	GO:0005515
Tlin03754-RA	GO:0050291
Tlin03754-RA	GO:0046513
Tlin12578-RA	GO:0006357
Tlin12578-RA	GO:0003700
Tlin02779-RA	GO:0007094
Tlin02779-RA	GO:0007094
Tlin00953-RA	GO:0000724
Tlin00953-RA	GO:0032266
Tlin00953-RA	GO:0000281
Tlin00953-RA	GO:0022857
Tlin00953-RA	GO:0055085
Tlin00953-RA	GO:0016020
Tlin00953-RA	GO:0051119
Tlin00953-RA	GO:0008643
Tlin00953-RA	GO:0046872
Tlin00953-RA	GO:0022857
Tlin00953-RA	GO:0055085
Tlin00953-RA	GO:0016020
Tlin14775-RA	GO:0003676
Tlin10895-RA	GO:0005525
Tlin10895-RA	GO:0005525
Tlin03961-RA	GO:0005524
Tlin03961-RA	GO:0005524
Tlin03961-RA	GO:0006468
Tlin03961-RA	GO:0004672
Tlin11969-RA	GO:0050660
Tlin11969-RA	GO:0016614
Tlin11969-RA	GO:0016614
Tlin11969-RA	GO:0050660
Tlin11969-RA	GO:0016614
Tlin11969-RA	GO:0050660
Tlin11969-RA	GO:0050660
Tlin11969-RA	GO:0016614
Tlin08291-RA	GO:0031179
Tlin08291-RA	GO:0005975
Tlin05674-RA	GO:0006511
Tlin05674-RA	GO:0004843
Tlin05674-RA	GO:0004843
Tlin05674-RA	GO:0008270
Tlin05674-RA	GO:0016579
Tlin05674-RA	GO:0004843
Tlin07667-RA	GO:0005506
Tlin07667-RA	GO:0016705
Tlin07667-RA	GO:0020037
Tlin07667-RA	GO:0004497
Tlin07667-RA	GO:0005506
Tlin07667-RA	GO:0016705
Tlin07667-RA	GO:0020037
Tlin07667-RA	GO:0004497
Tlin07667-RA	GO:0005506
Tlin07667-RA	GO:0016705
Tlin07667-RA	GO:0020037
Tlin07667-RA	GO:0004497
Tlin07667-RA	GO:0005506
Tlin07667-RA	GO:0016705
Tlin07667-RA	GO:0020037
Tlin07667-RA	GO:0004497
Tlin00234-RA	GO:0015035
Tlin00234-RA	GO:0016972
Tlin00234-RA	GO:0034975
Tlin00234-RA	GO:0071949
Tlin00234-RA	GO:0005783
Tlin00234-RA	GO:0015035
Tlin00234-RA	GO:0016972
Tlin00234-RA	GO:0034975
Tlin00234-RA	GO:0071949
Tlin00234-RA	GO:0005783
Tlin04773-RA	GO:0007023
Tlin04773-RA	GO:0043014
Tlin04773-RA	GO:0007021
Tlin04773-RA	GO:0005515
Tlin14140-RA	GO:0008270
Tlin14140-RA	GO:0003676
Tlin14140-RA	GO:0008270
Tlin14140-RA	GO:0003676
Tlin00596-RA	GO:0055085
Tlin00596-RA	GO:0022857
Tlin01588-RA	GO:0005737
Tlin01588-RA	GO:0005515
Tlin01588-RA	GO:0005515
Tlin01588-RA	GO:0005515
Tlin03199-RA	GO:0016020
Tlin03199-RA	GO:0016012
Tlin03199-RA	GO:0016012
Tlin03199-RA	GO:0016020
Tlin03199-RA	GO:0007517
Tlin06451-RA	GO:0060271
Tlin12149-RA	GO:0070286
Tlin12149-RA	GO:0005858
Tlin09128-RA	GO:0005515
Tlin08249-RA	GO:0046872
Tlin09637-RA	GO:0016192
Tlin09637-RA	GO:0005085
Tlin09637-RA	GO:0007165
Tlin02995-RA	GO:0030289
Tlin02995-RA	GO:0019888
Tlin02995-RA	GO:0030289
Tlin02995-RA	GO:0019888
Tlin06371-RA	GO:0006508
Tlin06371-RA	GO:0004252
Tlin06371-RA	GO:0006508
Tlin06371-RA	GO:0004252
Tlin06371-RA	GO:0006508
Tlin06371-RA	GO:0004252
Tlin00929-RA	GO:0030246
Tlin00929-RA	GO:0030246
Tlin11604-RA	GO:0005524
Tlin11604-RA	GO:0006468
Tlin11604-RA	GO:0004674
Tlin11604-RA	GO:0006468
Tlin11604-RA	GO:0004672
Tlin11604-RA	GO:0005524
Tlin11604-RA	GO:0006468
Tlin11604-RA	GO:0004672
Tlin11604-RA	GO:0005524
Tlin10723-RA	GO:0005549
Tlin10723-RA	GO:0007608
Tlin10723-RA	GO:0016020
Tlin10723-RA	GO:0004984
Tlin10723-RA	GO:0005549
Tlin10723-RA	GO:0007608
Tlin10723-RA	GO:0016020
Tlin10723-RA	GO:0004984
Tlin10723-RA	GO:0005549
Tlin10723-RA	GO:0007608
Tlin10723-RA	GO:0016020
Tlin10723-RA	GO:0004984
Tlin00388-RA	GO:0003677
Tlin00388-RA	GO:0006334
Tlin00388-RA	GO:0000786
Tlin00388-RA	GO:0006355
Tlin00388-RA	GO:0016573
Tlin00388-RA	GO:0004402
Tlin04921-RA	GO:0005515
Tlin04921-RA	GO:0005515
Tlin04921-RA	GO:0005515
Tlin04921-RA	GO:0005515
Tlin04921-RA	GO:0016020
Tlin04921-RA	GO:0006811
Tlin04921-RA	GO:0005515
Tlin04921-RA	GO:0006811
Tlin04921-RA	GO:0016020
Tlin04921-RA	GO:0005230
Tlin04921-RA	GO:0005515
Tlin04921-RA	GO:0005515
Tlin04921-RA	GO:0005515
Tlin04921-RA	GO:0005515
Tlin04921-RA	GO:0005509
Tlin04921-RA	GO:0005509
Tlin04921-RA	GO:0005515
Tlin04921-RA	GO:0005515
Tlin04921-RA	GO:0005515
Tlin04921-RA	GO:0005515
Tlin04921-RA	GO:0006811
Tlin04921-RA	GO:0016020
Tlin04921-RA	GO:0005230
Tlin04921-RA	GO:0005515
Tlin04921-RA	GO:0005515
Tlin04921-RA	GO:0006811
Tlin04921-RA	GO:0016020
Tlin04921-RA	GO:0005230
Tlin04921-RA	GO:0016020
Tlin04921-RA	GO:0006811
Tlin08718-RA	GO:0005739
Tlin08718-RA	GO:0003735
Tlin06215-RA	GO:0016020
Tlin06215-RA	GO:0006986
Tlin06215-RA	GO:0016020
Tlin06215-RA	GO:0006986
Tlin12083-RA	GO:0016746
Tlin12083-RA	GO:0016746
Tlin12083-RA	GO:0016746
Tlin12083-RA	GO:0016747
Tlin12083-RA	GO:0016747
Tlin12083-RA	GO:0016747
Tlin12083-RA	GO:0016746
Tlin12083-RA	GO:0016747
Tlin12083-RA	GO:0016747
Tlin12083-RA	GO:0016747
Tlin09365-RA	GO:0003723
Tlin09365-RA	GO:0003723
Tlin02567-RA	GO:0016746
Tlin02567-RA	GO:0044255
Tlin02567-RA	GO:0008374
Tlin00726-RA	GO:0016491
Tlin02682-RA	GO:0016020
Tlin02682-RA	GO:0071805
Tlin02682-RA	GO:0005267
Tlin03162-RA	GO:0004842
Tlin03162-RA	GO:0004842
Tlin03162-RA	GO:0004842
Tlin14304-RA	GO:0003677
Tlin14304-RA	GO:0003677
Tlin14304-RA	GO:0030527
Tlin14304-RA	GO:0000786
Tlin14304-RA	GO:0046982
Tlin14304-RA	GO:0003677
Tlin14304-RA	GO:0030527
Tlin14304-RA	GO:0000786
Tlin14304-RA	GO:0046982
Tlin14396-RA	GO:0003677
Tlin14396-RA	GO:0003677
Tlin14396-RA	GO:0030527
Tlin14396-RA	GO:0000786
Tlin14396-RA	GO:0046982
Tlin14396-RA	GO:0003677
Tlin14396-RA	GO:0030527
Tlin14396-RA	GO:0000786
Tlin14396-RA	GO:0046982
Tlin10754-RA	GO:0005525
Tlin10754-RA	GO:0005525
Tlin02291-RA	GO:0060294
Tlin03501-RA	GO:0000122
Tlin12314-RA	GO:0005515
Tlin12314-RA	GO:0005515
Tlin12314-RA	GO:0005515
Tlin12314-RA	GO:0005515
Tlin11435-RA	GO:0005515
Tlin11435-RA	GO:0005515
Tlin11435-RA	GO:0005515
Tlin11435-RA	GO:0005515
Tlin08753-RA	GO:0005758
Tlin11173-RA	GO:0006413
Tlin11173-RA	GO:0003743
Tlin11173-RA	GO:0006413
Tlin11173-RA	GO:0003743
Tlin11173-RA	GO:0003723
Tlin11173-RA	GO:0003743
Tlin11173-RA	GO:0001731
Tlin11219-RA	GO:0005515
Tlin10370-RA	GO:0005515
Tlin02441-RA	GO:0035556
Tlin02441-RA	GO:0005085
Tlin02441-RA	GO:0005515
Tlin02441-RA	GO:0005515
Tlin02441-RA	GO:0005085
Tlin02441-RA	GO:0005085
Tlin05835-RA	GO:0030837
Tlin05835-RA	GO:0003779
Tlin05835-RA	GO:0003779
Tlin05835-RA	GO:0003779
Tlin00159-RA	GO:0005515
Tlin00159-RA	GO:0005515
Tlin00159-RA	GO:0005515
Tlin00159-RA	GO:0005515
Tlin00159-RA	GO:0005515
Tlin00159-RA	GO:0005515
Tlin00159-RA	GO:0005515
Tlin11760-RA	GO:0006355
Tlin11760-RA	GO:0008270
Tlin11760-RA	GO:0005634
Tlin11760-RA	GO:0006355
Tlin11760-RA	GO:0008270
Tlin11760-RA	GO:0005634
Tlin11760-RA	GO:0006355
Tlin11760-RA	GO:0016573
Tlin11760-RA	GO:0004402
Tlin09355-RA	GO:0008452
Tlin09355-RA	GO:0006396
Tlin09355-RA	GO:0008452
Tlin09355-RA	GO:0006396
Tlin09355-RA	GO:0008452
Tlin09355-RA	GO:0006396
Tlin09355-RA	GO:0008452
Tlin09355-RA	GO:0006396
Tlin09355-RA	GO:0008452
Tlin09355-RA	GO:0006396
Tlin02868-RA	GO:0006355
Tlin02868-RA	GO:0000981
Tlin02868-RA	GO:0003677
Tlin02868-RA	GO:0003677
Tlin02522-RA	GO:0008289
Tlin10182-RA	GO:0006508
Tlin10182-RA	GO:0008270
Tlin10182-RA	GO:0004181
Tlin10842-RA	GO:0042073
Tlin10842-RA	GO:0042073
Tlin07141-RA	GO:0005524
Tlin07141-RA	GO:0006468
Tlin07141-RA	GO:0004672
Tlin07141-RA	GO:0005524
Tlin07141-RA	GO:0006468
Tlin07141-RA	GO:0004672
Tlin07141-RA	GO:0006468
Tlin07141-RA	GO:0004672
Tlin07141-RA	GO:0004674
Tlin02118-RA	GO:0005515
Tlin02118-RA	GO:0005515
Tlin10992-RA	GO:0016746
Tlin10992-RA	GO:0016747
Tlin10992-RA	GO:0016747
Tlin10992-RA	GO:0016747
Tlin10992-RA	GO:0016746
Tlin10992-RA	GO:0016747
Tlin10992-RA	GO:0016746
Tlin07251-RA	GO:0003979
Tlin07251-RA	GO:0051287
Tlin07251-RA	GO:0016616
Tlin07251-RA	GO:0051287
Tlin07251-RA	GO:0016616
Tlin03494-RA	GO:0000166
Tlin03494-RA	GO:0000166
Tlin12430-RA	GO:0043565
Tlin04160-RA	GO:0005524
Tlin04160-RA	GO:0005524
Tlin04160-RA	GO:0006468
Tlin04160-RA	GO:0004672
Tlin04160-RA	GO:0006468
Tlin04160-RA	GO:0004672
Tlin10506-RA	GO:0005525
Tlin10506-RA	GO:0003924
Tlin10506-RA	GO:0007165
Tlin10506-RA	GO:0016020
Tlin10506-RA	GO:0005525
Tlin05732-RA	GO:0016746
Tlin05732-RA	GO:0006644
Tlin01734-RA	GO:0006508
Tlin01734-RA	GO:0004252
Tlin01734-RA	GO:0006508
Tlin01734-RA	GO:0004252
Tlin01734-RA	GO:0006508
Tlin01734-RA	GO:0004252
Tlin12107-RA	GO:0055085
Tlin12107-RA	GO:0022857
Tlin03211-RA	GO:0003723
Tlin03211-RA	GO:0003676
Tlin03136-RA	GO:0042073
Tlin03136-RA	GO:0045503
Tlin03136-RA	GO:0045504
Tlin03136-RA	GO:0005868
Tlin03136-RA	GO:0005515
Tlin03136-RA	GO:0005515
Tlin03136-RA	GO:0005515
Tlin02383-RA	GO:0060271
Tlin02383-RA	GO:0060294
Tlin02383-RA	GO:0001534
Tlin02383-RA	GO:0060271
Tlin02383-RA	GO:0060294
Tlin02383-RA	GO:0001534
Tlin03953-RA	GO:0003723
Tlin03953-RA	GO:0003723
Tlin03953-RA	GO:0003676
Tlin03953-RA	GO:0003676
Tlin08967-RA	GO:0000922
Tlin08967-RA	GO:0005815
Tlin08967-RA	GO:0007020
Tlin08967-RA	GO:0043015
Tlin08967-RA	GO:0000226
Tlin08967-RA	GO:0043015
Tlin05810-RA	GO:0005525
Tlin05810-RA	GO:0003924
Tlin05810-RA	GO:0005525
Tlin05810-RA	GO:0005525
Tlin10270-RA	GO:0006366
Tlin10270-RA	GO:0046982
Tlin10270-RA	GO:0006366
Tlin10270-RA	GO:0046982
Tlin10270-RA	GO:0006366
Tlin09186-RA	GO:0055085
Tlin09186-RA	GO:0022857
Tlin10988-RA	GO:0016620
Tlin10988-RA	GO:0016491
Tlin10988-RA	GO:0016491
Tlin10988-RA	GO:0016491
Tlin10988-RA	GO:0016491
Tlin10988-RA	GO:0016491
Tlin13314-RA	GO:0007275
Tlin13314-RA	GO:0006511
Tlin14343-RA	GO:0008483
Tlin14343-RA	GO:0006520
Tlin14343-RA	GO:0003824
Tlin14343-RA	GO:0003824
Tlin14343-RA	GO:0030170
Tlin14343-RA	GO:0009058
Tlin04446-RA	GO:0005515
Tlin04446-RA	GO:0005515
Tlin04446-RA	GO:0005515
Tlin04446-RA	GO:0005515
Tlin04446-RA	GO:0005515
Tlin04446-RA	GO:0005515
Tlin04446-RA	GO:0005515
Tlin04446-RA	GO:0005515
Tlin04446-RA	GO:0005515
Tlin04446-RA	GO:0005515
Tlin04446-RA	GO:0005515
Tlin04446-RA	GO:0005515
Tlin10614-RA	GO:0006811
Tlin10614-RA	GO:0016020
Tlin10614-RA	GO:0055085
Tlin10614-RA	GO:0005216
Tlin09177-RA	GO:0005515
Tlin09177-RA	GO:0005515
Tlin12913-RA	GO:0005515
Tlin07426-RA	GO:0005515
Tlin08572-RA	GO:0005975
Tlin08572-RA	GO:0004560
Tlin08572-RA	GO:0005975
Tlin08572-RA	GO:0004560
Tlin08572-RA	GO:0005975
Tlin08572-RA	GO:0004560
Tlin06681-RA	GO:0016020
Tlin06681-RA	GO:1902600
Tlin06681-RA	GO:0015252
Tlin06681-RA	GO:0016020
Tlin06681-RA	GO:1902600
Tlin06681-RA	GO:0015252
Tlin04765-RA	GO:0000287
Tlin04765-RA	GO:0004634
Tlin04765-RA	GO:0006096
Tlin04765-RA	GO:0000015
Tlin04765-RA	GO:0000287
Tlin04765-RA	GO:0004634
Tlin04765-RA	GO:0006096
Tlin04765-RA	GO:0000015
Tlin10045-RA	GO:0055085
Tlin10045-RA	GO:0016020
Tlin10045-RA	GO:0055085
Tlin10045-RA	GO:0016020
Tlin10045-RA	GO:0016020
Tlin10045-RA	GO:0007154
Tlin10045-RA	GO:0016020
Tlin10045-RA	GO:0007154
Tlin05993-RA	GO:0016887
Tlin05993-RA	GO:0005524
Tlin05993-RA	GO:0016887
Tlin05993-RA	GO:0005524
Tlin05993-RA	GO:0016887
Tlin05993-RA	GO:0005524
Tlin05993-RA	GO:0016887
Tlin05993-RA	GO:0005524
Tlin05993-RA	GO:0016887
Tlin05993-RA	GO:0005524
Tlin11408-RA	GO:0055085
Tlin11408-RA	GO:0022857
Tlin07805-RA	GO:0008081
Tlin07805-RA	GO:0006629
Tlin07805-RA	GO:0008081
Tlin07805-RA	GO:0006629
Tlin07805-RA	GO:0030246
Tlin07805-RA	GO:2001070
Tlin07805-RA	GO:0008081
Tlin07805-RA	GO:0006629
Tlin14521-RA	GO:0006334
Tlin14521-RA	GO:0005634
Tlin14521-RA	GO:0006334
Tlin14521-RA	GO:0005634
Tlin14598-RA	GO:0006334
Tlin14598-RA	GO:0005634
Tlin14598-RA	GO:0006334
Tlin14598-RA	GO:0005634
Tlin14032-RA	GO:0006334
Tlin14032-RA	GO:0005634
Tlin14032-RA	GO:0006334
Tlin14032-RA	GO:0005634
Tlin13712-RA	GO:0005506
Tlin13712-RA	GO:0016705
Tlin13712-RA	GO:0020037
Tlin13712-RA	GO:0004497
Tlin13712-RA	GO:0005506
Tlin13712-RA	GO:0016705
Tlin13712-RA	GO:0020037
Tlin13712-RA	GO:0004497
Tlin13712-RA	GO:0005506
Tlin13712-RA	GO:0016705
Tlin13712-RA	GO:0020037
Tlin13712-RA	GO:0004497
Tlin11537-RA	GO:0016020
Tlin11537-RA	GO:0016020
Tlin03687-RA	GO:0005515
Tlin03687-RA	GO:0005515
Tlin03687-RA	GO:0005515
Tlin03687-RA	GO:0005515
Tlin03687-RA	GO:0005515
Tlin07647-RA	GO:0016887
Tlin07647-RA	GO:0005524
Tlin07647-RA	GO:0016887
Tlin07647-RA	GO:0005524
Tlin02810-RA	GO:0016787
Tlin02810-RA	GO:0016787
Tlin10035-RA	GO:0008312
Tlin10035-RA	GO:0048500
Tlin10035-RA	GO:0006614
Tlin10035-RA	GO:0006614
Tlin10035-RA	GO:0008312
Tlin10035-RA	GO:0030942
Tlin10035-RA	GO:0005786
Tlin10035-RA	GO:0006614
Tlin10035-RA	GO:0008312
Tlin10035-RA	GO:0030942
Tlin10035-RA	GO:0005786
Tlin10035-RA	GO:0008312
Tlin10035-RA	GO:0048500
Tlin10035-RA	GO:0006614
Tlin12590-RA	GO:0006313
Tlin12590-RA	GO:0004803
Tlin01641-RA	GO:0003756
Tlin11745-RA	GO:0005515
Tlin11745-RA	GO:0005515
Tlin11745-RA	GO:0097027
Tlin11745-RA	GO:1904668
Tlin11745-RA	GO:0010997
Tlin11745-RA	GO:0005524
Tlin11745-RA	GO:0006468
Tlin11745-RA	GO:0004674
Tlin11745-RA	GO:0005515
Tlin11745-RA	GO:0005515
Tlin11745-RA	GO:0005515
Tlin00593-RA	GO:0003677
Tlin04874-RA	GO:0006979
Tlin04874-RA	GO:0020037
Tlin04874-RA	GO:0004601
Tlin01601-RA	GO:0006508
Tlin01601-RA	GO:0004252
Tlin01601-RA	GO:0006508
Tlin01601-RA	GO:0004252
Tlin01285-RA	GO:0003676
Tlin01285-RA	GO:0003755
Tlin01285-RA	GO:0000413
Tlin01285-RA	GO:0003723
Tlin01285-RA	GO:0003723
Tlin06651-RA	GO:0015631
Tlin06651-RA	GO:0007023
Tlin10896-RA	GO:0008270
Tlin10896-RA	GO:0004089
Tlin10896-RA	GO:0008270
Tlin10896-RA	GO:0004089
Tlin10896-RA	GO:0008270
Tlin10896-RA	GO:0004089
Tlin10896-RA	GO:0008270
Tlin10896-RA	GO:0004089
Tlin05644-RA	GO:0031124
Tlin05644-RA	GO:0051731
Tlin05644-RA	GO:0006396
Tlin01874-RA	GO:0071203
Tlin06483-RA	GO:0005840
Tlin06483-RA	GO:0006412
Tlin06483-RA	GO:0003735
Tlin06483-RA	GO:0003735
Tlin06483-RA	GO:0005840
Tlin06483-RA	GO:0006412
Tlin06483-RA	GO:0003723
Tlin06483-RA	GO:0003735
Tlin06483-RA	GO:0005840
Tlin06483-RA	GO:0006412
Tlin06483-RA	GO:0003723
Tlin06379-RA	GO:0005549
Tlin06379-RA	GO:0007608
Tlin06379-RA	GO:0016020
Tlin06379-RA	GO:0004984
Tlin06379-RA	GO:0005549
Tlin06379-RA	GO:0007608
Tlin06379-RA	GO:0016020
Tlin06379-RA	GO:0004984
Tlin03540-RA	GO:0016226
Tlin03540-RA	GO:0051536
Tlin03540-RA	GO:0005506
Tlin03540-RA	GO:0016226
Tlin03540-RA	GO:0051536
Tlin03540-RA	GO:0005506
Tlin03540-RA	GO:0016226
Tlin03540-RA	GO:0051536
Tlin03540-RA	GO:0005506
Tlin01925-RA	GO:0005515
Tlin01925-RA	GO:0005515
Tlin01925-RA	GO:0005515
Tlin01925-RA	GO:0051666
Tlin01925-RA	GO:0006897
Tlin01925-RA	GO:0005515
Tlin07570-RA	GO:0005515
Tlin07570-RA	GO:0005515
Tlin07570-RA	GO:0005515
Tlin07570-RA	GO:0005515
Tlin07570-RA	GO:0005515
Tlin07570-RA	GO:0005515
Tlin07570-RA	GO:0005515
Tlin01778-RA	GO:0006886
Tlin01778-RA	GO:0005737
Tlin11712-RA	GO:0016717
Tlin11712-RA	GO:0016717
Tlin02344-RA	GO:0006120
Tlin02344-RA	GO:0005747
Tlin08699-RA	GO:0005515
Tlin08699-RA	GO:0005515
Tlin00329-RA	GO:0016020
Tlin00329-RA	GO:0007166
Tlin00329-RA	GO:0005515
Tlin00329-RA	GO:0005515
Tlin08587-RA	GO:0005515
Tlin08587-RA	GO:0043130
Tlin08587-RA	GO:0035091
Tlin08587-RA	GO:0005515
Tlin09696-RA	GO:0005929
Tlin08231-RA	GO:0016791
Tlin05520-RA	GO:0006357
Tlin05520-RA	GO:0016592
Tlin05520-RA	GO:0003712
Tlin05520-RA	GO:0006357
Tlin05520-RA	GO:0016592
Tlin05520-RA	GO:0003712
Tlin06488-RA	GO:0006355
Tlin06488-RA	GO:0003700
Tlin06488-RA	GO:0006351
Tlin06488-RA	GO:0003700
Tlin06488-RA	GO:0006355
Tlin06488-RA	GO:0003700
Tlin02539-RA	GO:0005783
Tlin11255-RA	GO:0045296
Tlin11255-RA	GO:0007155
Tlin11255-RA	GO:0005515
Tlin11255-RA	GO:0005515
Tlin11255-RA	GO:0005515
Tlin11255-RA	GO:0005515
Tlin11255-RA	GO:0005515
Tlin11255-RA	GO:0005515
Tlin11255-RA	GO:0005515
Tlin11255-RA	GO:0005515
Tlin11255-RA	GO:0005515
Tlin02205-RA	GO:0016491
Tlin02205-RA	GO:0016491
Tlin04679-RA	GO:0006361
Tlin04679-RA	GO:0001181
Tlin04679-RA	GO:0006361
Tlin04679-RA	GO:0001181
Tlin04746-RA	GO:0046872
Tlin04746-RA	GO:0005524
Tlin04746-RA	GO:0003676
Tlin04746-RA	GO:0004386
Tlin04746-RA	GO:0005515
Tlin04746-RA	GO:0005515
Tlin13516-RA	GO:0005515
Tlin13516-RA	GO:0003755
Tlin13516-RA	GO:0000413
Tlin13516-RA	GO:0006457
Tlin13516-RA	GO:0003755
Tlin05317-RA	GO:0005506
Tlin05317-RA	GO:0016705
Tlin05317-RA	GO:0020037
Tlin05317-RA	GO:0004497
Tlin05317-RA	GO:0005506
Tlin05317-RA	GO:0016705
Tlin05317-RA	GO:0020037
Tlin05317-RA	GO:0004497
Tlin05317-RA	GO:0005506
Tlin05317-RA	GO:0016705
Tlin05317-RA	GO:0020037
Tlin05317-RA	GO:0004497
Tlin05317-RA	GO:0016705
Tlin05317-RA	GO:0005506
Tlin05317-RA	GO:0005506
Tlin05317-RA	GO:0016705
Tlin05317-RA	GO:0020037
Tlin05317-RA	GO:0004497
Tlin05317-RA	GO:0005506
Tlin05317-RA	GO:0016705
Tlin05317-RA	GO:0020037
Tlin05317-RA	GO:0004497
Tlin02010-RA	GO:0009253
Tlin02010-RA	GO:0008745
Tlin02010-RA	GO:0009253
Tlin02010-RA	GO:0008745
Tlin02010-RA	GO:0009253
Tlin02010-RA	GO:0008745
Tlin02010-RA	GO:0009253
Tlin02010-RA	GO:0008745
Tlin09600-RA	GO:0005634
Tlin05386-RA	GO:0016579
Tlin05386-RA	GO:0004843
Tlin05386-RA	GO:0016579
Tlin05386-RA	GO:0004843
Tlin08648-RA	GO:0061629
Tlin08648-RA	GO:0006357
Tlin09885-RA	GO:0016746
Tlin09885-RA	GO:0016740
Tlin09885-RA	GO:0016746
Tlin09885-RA	GO:0006633
Tlin09885-RA	GO:0004315
Tlin00556-RA	GO:0005515
Tlin00556-RA	GO:0005515
Tlin12248-RA	GO:0005525
Tlin12248-RA	GO:0005525
Tlin12248-RA	GO:0003924
Tlin12248-RA	GO:0005525
Tlin12248-RA	GO:0005525
Tlin12248-RA	GO:0003924
Tlin13515-RA	GO:0043565
Tlin09959-RA	GO:0016020
Tlin09959-RA	GO:0016020
Tlin09959-RA	GO:0008021
Tlin04619-RA	GO:0005515
Tlin04619-RA	GO:0005515
Tlin04619-RA	GO:0005515
Tlin04619-RA	GO:0005515
Tlin04619-RA	GO:0005515
Tlin04619-RA	GO:0005515
Tlin10313-RA	GO:0022008
Tlin10313-RA	GO:0005515
Tlin13390-RA	GO:0016668
Tlin13390-RA	GO:0016491
Tlin09279-RA	GO:0047134
Tlin03003-RA	GO:0032509
Tlin03003-RA	GO:0043130
Tlin03003-RA	GO:0000814
Tlin03003-RA	GO:0043130
Tlin03003-RA	GO:0032266
Tlin14704-RA	GO:0046983
Tlin07508-RA	GO:0032780
Tlin07508-RA	GO:0042030
Tlin07508-RA	GO:0005739
Tlin14102-RA	GO:0006313
Tlin14102-RA	GO:0004803
Tlin14102-RA	GO:0006313
Tlin14102-RA	GO:0004803
Tlin04776-RA	GO:0006811
Tlin04776-RA	GO:0016020
Tlin04776-RA	GO:0005230
Tlin04776-RA	GO:0016020
Tlin04776-RA	GO:0006811
Tlin04776-RA	GO:0006811
Tlin04776-RA	GO:0016020
Tlin04776-RA	GO:0005230
Tlin04776-RA	GO:0006811
Tlin04776-RA	GO:0016020
Tlin04776-RA	GO:0005230
Tlin04776-RA	GO:0016020
Tlin04776-RA	GO:0006811
Tlin04776-RA	GO:0005216
Tlin04776-RA	GO:0016020
Tlin04776-RA	GO:0034220
Tlin04776-RA	GO:0004888
Tlin11022-RA	GO:0051028
Tlin11022-RA	GO:0005634
Tlin11022-RA	GO:0005515
Tlin05514-RA	GO:0003729
Tlin05514-RA	GO:0005634
Tlin05514-RA	GO:0005737
Tlin05514-RA	GO:0006396
Tlin05514-RA	GO:0003723
Tlin05514-RA	GO:0003676
Tlin05514-RA	GO:0003723
Tlin05057-RA	GO:0008194
Tlin05057-RA	GO:0008194
Tlin05057-RA	GO:0008194
Tlin05057-RA	GO:0008194
Tlin08250-RA	GO:0003700
Tlin08250-RA	GO:0003677
Tlin08250-RA	GO:0006355
Tlin08250-RA	GO:0000981
Tlin08250-RA	GO:0003677
Tlin08250-RA	GO:0003677
Tlin08096-RA	GO:0005515
Tlin08096-RA	GO:0005515
Tlin02460-RA	GO:0061630
Tlin02460-RA	GO:0000209
Tlin02460-RA	GO:0046872
Tlin08634-RA	GO:0031417
Tlin08634-RA	GO:0017196
Tlin08634-RA	GO:0031417
Tlin08634-RA	GO:0017196
Tlin06746-RA	GO:0005515
Tlin06746-RA	GO:0005515
Tlin06746-RA	GO:0005515
Tlin06746-RA	GO:0005515
Tlin06746-RA	GO:0005515
Tlin06746-RA	GO:0005515
Tlin06754-RA	GO:0051169
Tlin06754-RA	GO:0005049
Tlin06754-RA	GO:0031267
Tlin06754-RA	GO:0006886
Tlin05941-RA	GO:0030246
Tlin07638-RA	GO:0007165
Tlin01220-RA	GO:0000166
Tlin12802-RA	GO:0006313
Tlin12802-RA	GO:0004803
Tlin04943-RA	GO:0046872
Tlin04943-RA	GO:0046872
Tlin04943-RA	GO:0046872
Tlin04655-RA	GO:0005515
Tlin04655-RA	GO:0005515
Tlin04655-RA	GO:0005515
Tlin04655-RA	GO:0005515
Tlin04655-RA	GO:0005515
Tlin04655-RA	GO:0005515
Tlin08113-RA	GO:0005524
Tlin08113-RA	GO:0016597
Tlin08113-RA	GO:0016743
Tlin08113-RA	GO:0006520
Tlin08113-RA	GO:0016743
Tlin08113-RA	GO:0006520
Tlin08113-RA	GO:0016597
Tlin08113-RA	GO:0016743
Tlin08113-RA	GO:0006520
Tlin08113-RA	GO:0005524
Tlin08113-RA	GO:0016810
Tlin08113-RA	GO:0005524
Tlin08113-RA	GO:0005524
Tlin08113-RA	GO:0016812
Tlin08113-RA	GO:0016787
Tlin08113-RA	GO:0016597
Tlin08113-RA	GO:0016743
Tlin08113-RA	GO:0006520
Tlin08113-RA	GO:0016597
Tlin08113-RA	GO:0016743
Tlin08113-RA	GO:0006520
Tlin08113-RA	GO:0016597
Tlin08113-RA	GO:0016743
Tlin08113-RA	GO:0006520
Tlin08113-RA	GO:0005524
Tlin08113-RA	GO:0016812
Tlin07728-RA	GO:0008061
Tlin07728-RA	GO:0008061
Tlin07728-RA	GO:0005576
Tlin07728-RA	GO:0008061
Tlin07728-RA	GO:0005576
Tlin07728-RA	GO:0008061
Tlin07728-RA	GO:0005576
Tlin07728-RA	GO:0008061
Tlin07728-RA	GO:0008061
Tlin04707-RA	GO:0005515
Tlin03266-RA	GO:0005515
Tlin03266-RA	GO:0005515
Tlin03266-RA	GO:0005515
Tlin02384-RA	GO:0007186
Tlin02384-RA	GO:0016020
Tlin02384-RA	GO:0004930
Tlin02498-RA	GO:0051603
Tlin02498-RA	GO:0005839
Tlin02498-RA	GO:0019773
Tlin02498-RA	GO:0006511
Tlin02498-RA	GO:0019773
Tlin02498-RA	GO:0019773
Tlin02498-RA	GO:0006511
Tlin04606-RA	GO:0005509
Tlin04606-RA	GO:0005509
Tlin04606-RA	GO:0005509
Tlin04606-RA	GO:0005509
Tlin02847-RA	GO:0005549
Tlin02847-RA	GO:0007608
Tlin02847-RA	GO:0016020
Tlin02847-RA	GO:0004984
Tlin02847-RA	GO:0005549
Tlin02847-RA	GO:0007608
Tlin02847-RA	GO:0016020
Tlin02847-RA	GO:0004984
Tlin12252-RA	GO:0005524
Tlin12252-RA	GO:0016459
Tlin12252-RA	GO:0003774
Tlin12252-RA	GO:0005515
Tlin12252-RA	GO:0005515
Tlin12252-RA	GO:0005856
Tlin14230-RA	GO:0006396
Tlin08536-RA	GO:0007096
Tlin08536-RA	GO:0005634
Tlin08536-RA	GO:0007096
Tlin08536-RA	GO:0005634
Tlin01313-RA	GO:0005515
Tlin01313-RA	GO:0005515
Tlin01313-RA	GO:0005515
Tlin01313-RA	GO:0005515
Tlin01313-RA	GO:0005515
Tlin12788-RA	GO:0035556
Tlin12788-RA	GO:0009190
Tlin12788-RA	GO:0035556
Tlin12788-RA	GO:0009190
Tlin00354-RA	GO:0003746
Tlin00354-RA	GO:0043022
Tlin00354-RA	GO:0045901
Tlin00354-RA	GO:0045905
Tlin00354-RA	GO:0003723
Tlin00354-RA	GO:0003746
Tlin00354-RA	GO:0043022
Tlin00354-RA	GO:0045901
Tlin00354-RA	GO:0003723
Tlin00354-RA	GO:0003746
Tlin00354-RA	GO:0043022
Tlin00354-RA	GO:0045901
Tlin00354-RA	GO:0045905
Tlin00354-RA	GO:0003723
Tlin03459-RA	GO:0003723
Tlin03459-RA	GO:0003723
Tlin03459-RA	GO:0003723
Tlin03459-RA	GO:0003723
Tlin03459-RA	GO:0003723
Tlin03459-RA	GO:0003723
Tlin03459-RA	GO:0003723
Tlin03459-RA	GO:0003723
Tlin03459-RA	GO:0003723
Tlin06476-RA	GO:0016255
Tlin06476-RA	GO:0042765
Tlin06476-RA	GO:0016020
Tlin12275-RA	GO:0016705
Tlin12275-RA	GO:0005506
Tlin12275-RA	GO:0005506
Tlin12275-RA	GO:0016705
Tlin12275-RA	GO:0020037
Tlin12275-RA	GO:0004497
Tlin12275-RA	GO:0005506
Tlin12275-RA	GO:0016705
Tlin12275-RA	GO:0020037
Tlin12275-RA	GO:0004497
Tlin12275-RA	GO:0005506
Tlin12275-RA	GO:0016705
Tlin12275-RA	GO:0020037
Tlin12275-RA	GO:0004497
Tlin05782-RA	GO:0007264
Tlin05782-RA	GO:0005085
Tlin01921-RA	GO:0005515
Tlin01921-RA	GO:0005515
Tlin01921-RA	GO:0030215
Tlin00895-RA	GO:0016020
Tlin00895-RA	GO:0006813
Tlin00895-RA	GO:0006811
Tlin00895-RA	GO:0016020
Tlin00895-RA	GO:0055085
Tlin00895-RA	GO:0005216
Tlin03097-RA	GO:0043161
Tlin03097-RA	GO:0004842
Tlin09332-RA	GO:0016055
Tlin09332-RA	GO:0016055
Tlin09332-RA	GO:0016055
Tlin09332-RA	GO:0016055
Tlin09332-RA	GO:0016055
Tlin09332-RA	GO:0008013
Tlin09332-RA	GO:0030178
Tlin09332-RA	GO:0008013
Tlin09332-RA	GO:0005515
Tlin09332-RA	GO:0005515
Tlin12038-RA	GO:0005524
Tlin02878-RA	GO:0003677
Tlin02878-RA	GO:0003677
Tlin02878-RA	GO:0006355
Tlin02878-RA	GO:0000981
Tlin10694-RA	GO:0016829
Tlin10694-RA	GO:0016829
Tlin08856-RA	GO:0016887
Tlin08856-RA	GO:0032300
Tlin08856-RA	GO:0140664
Tlin08856-RA	GO:0006298
Tlin08856-RA	GO:0006298
Tlin08856-RA	GO:0030983
Tlin08856-RA	GO:0005524
Tlin13522-RA	GO:0005515
Tlin13522-RA	GO:0042054
Tlin13522-RA	GO:0006338
Tlin05371-RA	GO:0006260
Tlin05371-RA	GO:0005634
Tlin05371-RA	GO:0003697
Tlin05371-RA	GO:0006270
Tlin05371-RA	GO:0003690
Tlin01215-RA	GO:0016615
Tlin01215-RA	GO:0006108
Tlin01215-RA	GO:0016616
Tlin01215-RA	GO:0003824
Tlin04792-RA	GO:0048188
Tlin01548-RA	GO:0006979
Tlin01548-RA	GO:0004602
Tlin01548-RA	GO:0006979
Tlin01548-RA	GO:0004602
Tlin01548-RA	GO:0006979
Tlin01548-RA	GO:0004602
Tlin11240-RA	GO:0005515
Tlin11240-RA	GO:0005515
Tlin11240-RA	GO:0005515
Tlin13828-RA	GO:0003676
Tlin01758-RA	GO:0005515
Tlin01758-RA	GO:0005515
Tlin01758-RA	GO:0061138
Tlin06625-RA	GO:0006396
Tlin06625-RA	GO:0006401
Tlin06625-RA	GO:0000178
Tlin04252-RA	GO:0050660
Tlin04252-RA	GO:0016614
Tlin04252-RA	GO:0050660
Tlin04252-RA	GO:0016614
Tlin04252-RA	GO:0050660
Tlin04252-RA	GO:0050660
Tlin04252-RA	GO:0016614
Tlin04252-RA	GO:0016614
Tlin12356-RA	GO:0035494
Tlin12356-RA	GO:0016887
Tlin00561-RA	GO:0006289
Tlin00561-RA	GO:0006367
Tlin00561-RA	GO:0000439
Tlin00561-RA	GO:0006289
Tlin00561-RA	GO:0006367
Tlin00561-RA	GO:0000439
Tlin01504-RA	GO:0008080
Tlin01504-RA	GO:0016747
Tlin08443-RA	GO:0005515
Tlin08443-RA	GO:0005515
Tlin08443-RA	GO:0003755
Tlin08443-RA	GO:0003755
Tlin06763-RA	GO:0030141
Tlin06763-RA	GO:0007218
Tlin06763-RA	GO:0030141
Tlin06763-RA	GO:0007218
Tlin08158-RA	GO:0016020
Tlin08158-RA	GO:0016020
Tlin02960-RA	GO:0007155
Tlin02960-RA	GO:0005886
Tlin02960-RA	GO:0007156
Tlin02960-RA	GO:0016020
Tlin02960-RA	GO:0005509
Tlin02960-RA	GO:0007156
Tlin02960-RA	GO:0016020
Tlin02960-RA	GO:0005509
Tlin02960-RA	GO:0007156
Tlin02960-RA	GO:0016020
Tlin02960-RA	GO:0005509
Tlin02960-RA	GO:0007156
Tlin02960-RA	GO:0016020
Tlin02960-RA	GO:0005509
Tlin02960-RA	GO:0016020
Tlin02960-RA	GO:0005509
Tlin02960-RA	GO:0016020
Tlin02960-RA	GO:0005509
Tlin02960-RA	GO:0016020
Tlin02960-RA	GO:0005509
Tlin02960-RA	GO:0016020
Tlin02960-RA	GO:0005509
Tlin02960-RA	GO:0007155
Tlin02960-RA	GO:0005886
Tlin02960-RA	GO:0007155
Tlin02960-RA	GO:0005886
Tlin02960-RA	GO:0016020
Tlin02960-RA	GO:0005509
Tlin02635-RA	GO:0005737
Tlin02635-RA	GO:0005515
Tlin01217-RA	GO:0031461
Tlin01217-RA	GO:0031625
Tlin01217-RA	GO:0006511
Tlin01217-RA	GO:0031625
Tlin01217-RA	GO:0006511
Tlin01217-RA	GO:0005524
Tlin01217-RA	GO:0003676
Tlin05086-RA	GO:0016020
Tlin12451-RA	GO:0030170
Tlin12451-RA	GO:0009058
Tlin12451-RA	GO:0003824
Tlin12451-RA	GO:0016740
Tlin12451-RA	GO:0003824
Tlin03493-RA	GO:0005840
Tlin03493-RA	GO:0006412
Tlin03493-RA	GO:0003735
Tlin03493-RA	GO:0005840
Tlin03493-RA	GO:0006412
Tlin03493-RA	GO:0003735
Tlin01957-RA	GO:0008289
Tlin01957-RA	GO:0008289
Tlin01957-RA	GO:0008289
Tlin12264-RA	GO:0005524
Tlin12264-RA	GO:0006468
Tlin12264-RA	GO:0004672
Tlin12264-RA	GO:0006468
Tlin12264-RA	GO:0004672
Tlin00921-RA	GO:0005515
Tlin00921-RA	GO:0005515
Tlin00921-RA	GO:0005515
Tlin00921-RA	GO:0005515
Tlin00921-RA	GO:0005515
Tlin08797-RA	GO:0016020
Tlin11914-RA	GO:0016051
Tlin11644-RA	GO:0005975
Tlin11644-RA	GO:0004553
Tlin11644-RA	GO:0005975
Tlin11644-RA	GO:0004553
Tlin11644-RA	GO:0005975
Tlin11644-RA	GO:0004553
Tlin11644-RA	GO:0005975
Tlin11644-RA	GO:0004553
Tlin03690-RA	GO:0005524
Tlin03690-RA	GO:0007018
Tlin03690-RA	GO:0003777
Tlin03690-RA	GO:0007018
Tlin03690-RA	GO:0003777
Tlin03690-RA	GO:0005524
Tlin03690-RA	GO:0007018
Tlin03690-RA	GO:0008017
Tlin03690-RA	GO:0003777
Tlin12672-RA	GO:0016020
Tlin12672-RA	GO:0006488
Tlin12672-RA	GO:0016020
Tlin12672-RA	GO:0006488
Tlin05219-RA	GO:0046872
Tlin05219-RA	GO:0008270
Tlin05219-RA	GO:0003676
Tlin05219-RA	GO:0008270
Tlin05219-RA	GO:0003676
Tlin05219-RA	GO:0046872
Tlin05219-RA	GO:0046872
Tlin05219-RA	GO:0098789
Tlin05219-RA	GO:0003723
Tlin14469-RA	GO:0016717
Tlin14469-RA	GO:0006629
Tlin14469-RA	GO:0016717
Tlin07921-RA	GO:0008270
Tlin07921-RA	GO:0005634
Tlin06031-RA	GO:0003723
Tlin06031-RA	GO:0003723
Tlin06031-RA	GO:0003723
Tlin06031-RA	GO:0003723
Tlin06031-RA	GO:0003723
Tlin06031-RA	GO:0003723
Tlin06031-RA	GO:0003723
Tlin06031-RA	GO:0003723
Tlin06031-RA	GO:0003723
Tlin06031-RA	GO:0003723
Tlin06031-RA	GO:0003723
Tlin06031-RA	GO:0003723
Tlin06031-RA	GO:0003723
Tlin06031-RA	GO:0003723
Tlin06031-RA	GO:0003723
Tlin06031-RA	GO:0003723
Tlin06031-RA	GO:0003723
Tlin06031-RA	GO:0003723
Tlin06031-RA	GO:0003723
Tlin06031-RA	GO:0003723
Tlin06031-RA	GO:0003723
Tlin06031-RA	GO:0003723
Tlin06031-RA	GO:0003723
Tlin06031-RA	GO:0003723
Tlin06031-RA	GO:0003723
Tlin06031-RA	GO:0003723
Tlin06031-RA	GO:0003723
Tlin06031-RA	GO:0003723
Tlin06031-RA	GO:0003723
Tlin06031-RA	GO:0003723
Tlin06031-RA	GO:0003723
Tlin06031-RA	GO:0003723
Tlin06031-RA	GO:0003723
Tlin06031-RA	GO:0003723
Tlin06031-RA	GO:0003723
Tlin06031-RA	GO:0003723
Tlin06031-RA	GO:0003723
Tlin06031-RA	GO:0003723
Tlin06031-RA	GO:0003723
Tlin06031-RA	GO:0003723
Tlin06031-RA	GO:0003723
Tlin05587-RA	GO:0032543
Tlin05587-RA	GO:0005761
Tlin07159-RA	GO:0006508
Tlin07159-RA	GO:0004252
Tlin07159-RA	GO:0006508
Tlin07159-RA	GO:0004252
Tlin07159-RA	GO:0006508
Tlin07159-RA	GO:0004252
Tlin06708-RA	GO:0003824
Tlin06708-RA	GO:0003824
Tlin07005-RA	GO:0006351
Tlin07005-RA	GO:0003899
Tlin07005-RA	GO:0003899
Tlin07005-RA	GO:0006351
Tlin07005-RA	GO:0003677
Tlin03287-RA	GO:0005515
Tlin03287-RA	GO:0005515
Tlin03287-RA	GO:0006338
Tlin03287-RA	GO:0005515
Tlin09552-RA	GO:0007399
Tlin09552-RA	GO:0000381
Tlin11688-RA	GO:0005515
Tlin11688-RA	GO:0005515
Tlin11688-RA	GO:0005515
Tlin11688-RA	GO:0005515
Tlin04496-RA	GO:0007017
Tlin04496-RA	GO:0005874
Tlin04496-RA	GO:0005525
Tlin04496-RA	GO:0007020
Tlin04496-RA	GO:0031122
Tlin04496-RA	GO:0000930
Tlin04328-RA	GO:0006821
Tlin04328-RA	GO:0016020
Tlin04328-RA	GO:0055085
Tlin04328-RA	GO:0005247
Tlin01660-RA	GO:0005515
Tlin01660-RA	GO:0005515
Tlin01660-RA	GO:0005515
Tlin02764-RA	GO:0003824
Tlin07178-RA	GO:0006744
Tlin07178-RA	GO:0006744
Tlin07178-RA	GO:0006744
Tlin11571-RA	GO:0005634
Tlin11571-RA	GO:0006355
Tlin11571-RA	GO:0003700
Tlin11571-RA	GO:0003700
Tlin11571-RA	GO:0006355
Tlin11571-RA	GO:0000978
Tlin11571-RA	GO:0045893
Tlin11571-RA	GO:0003700
Tlin11571-RA	GO:0005634
Tlin11571-RA	GO:0006355
Tlin11571-RA	GO:0003700
Tlin11571-RA	GO:0006355
Tlin11571-RA	GO:0003700
Tlin02390-RA	GO:0005515
Tlin02390-RA	GO:0005515
Tlin00995-RA	GO:0005515
Tlin00995-RA	GO:0005515
Tlin00995-RA	GO:0005515
Tlin00995-RA	GO:0005515
Tlin01354-RA	GO:0005524
Tlin06915-RA	GO:0043022
Tlin06915-RA	GO:0042256
Tlin06915-RA	GO:0043022
Tlin06915-RA	GO:0042256
Tlin06915-RA	GO:0043022
Tlin06915-RA	GO:0042256
Tlin13054-RA	GO:0005515
Tlin13054-RA	GO:0005515
Tlin13054-RA	GO:0005515
Tlin13054-RA	GO:0006508
Tlin13054-RA	GO:0004252
Tlin13054-RA	GO:0006508
Tlin13054-RA	GO:0004252
Tlin13054-RA	GO:0005515
Tlin13054-RA	GO:0005515
Tlin13054-RA	GO:0005515
Tlin13054-RA	GO:0005515
Tlin13054-RA	GO:0005515
Tlin13054-RA	GO:0006508
Tlin13054-RA	GO:0004252
Tlin13054-RA	GO:0005515
Tlin13054-RA	GO:0005515
Tlin13054-RA	GO:0005515
Tlin13054-RA	GO:0005515
Tlin13054-RA	GO:0005515
Tlin13609-RA	GO:0003676
Tlin13609-RA	GO:0008270
Tlin13609-RA	GO:0003676
Tlin13609-RA	GO:0015074
Tlin03815-RA	GO:0005515
Tlin03815-RA	GO:0005515
Tlin03815-RA	GO:0005515
Tlin10840-RA	GO:0022857
Tlin10840-RA	GO:0055085
Tlin10840-RA	GO:0016020
Tlin05825-RA	GO:0005576
Tlin05825-RA	GO:0007275
Tlin05825-RA	GO:0016055
Tlin05825-RA	GO:0005102
Tlin05825-RA	GO:0005576
Tlin05825-RA	GO:0007275
Tlin05825-RA	GO:0016055
Tlin05825-RA	GO:0005102
Tlin13193-RA	GO:0019991
Tlin11454-RA	GO:0016020
Tlin11454-RA	GO:0016020
Tlin11454-RA	GO:0016020
Tlin11454-RA	GO:0016020
Tlin11454-RA	GO:0016020
Tlin05346-RA	GO:0006468
Tlin05346-RA	GO:0004672
Tlin05346-RA	GO:0005524
Tlin05346-RA	GO:0005524
Tlin05346-RA	GO:0006468
Tlin05346-RA	GO:0004715
Tlin05346-RA	GO:0006468
Tlin05346-RA	GO:0004672
Tlin11272-RA	GO:0055085
Tlin11272-RA	GO:0022857
Tlin12372-RA	GO:0050660
Tlin12372-RA	GO:0016614
Tlin12372-RA	GO:0050660
Tlin12372-RA	GO:0016614
Tlin12372-RA	GO:0050660
Tlin12372-RA	GO:0050660
Tlin12372-RA	GO:0016614
Tlin12372-RA	GO:0016614
Tlin13058-RA	GO:0050660
Tlin13058-RA	GO:0016614
Tlin13058-RA	GO:0050660
Tlin13058-RA	GO:0016614
Tlin13058-RA	GO:0050660
Tlin13058-RA	GO:0050660
Tlin13058-RA	GO:0016614
Tlin13058-RA	GO:0016614
Tlin09594-RA	GO:0005515
Tlin09594-RA	GO:0005515
Tlin09594-RA	GO:0005515
Tlin09594-RA	GO:0005515
Tlin08774-RA	GO:0043248
Tlin08774-RA	GO:0005783
Tlin08774-RA	GO:0043248
Tlin08774-RA	GO:0005783
Tlin05396-RA	GO:0003950
Tlin05396-RA	GO:0003950
Tlin05396-RA	GO:0003950
Tlin05396-RA	GO:0003950
Tlin02721-RA	GO:0055085
Tlin02721-RA	GO:0022857
Tlin04241-RA	GO:0003924
Tlin09719-RA	GO:0006629
Tlin09719-RA	GO:0006629
Tlin09719-RA	GO:0006629
Tlin09719-RA	GO:0006629
Tlin03173-RA	GO:0005975
Tlin03173-RA	GO:0004553
Tlin07114-RA	GO:0016226
Tlin07114-RA	GO:0051536
Tlin07114-RA	GO:0140663
Tlin07114-RA	GO:0005524
Tlin07114-RA	GO:0016226
Tlin07114-RA	GO:0051536
Tlin07114-RA	GO:0140663
Tlin07114-RA	GO:0005524
Tlin05508-RA	GO:0030014
Tlin05508-RA	GO:0006402
Tlin00389-RA	GO:0006166
Tlin00389-RA	GO:0004001
Tlin00389-RA	GO:0016301
Tlin14328-RA	GO:0031080
Tlin14328-RA	GO:0005515
Tlin14328-RA	GO:0005515
Tlin14328-RA	GO:0005515
Tlin10218-RA	GO:0003676
Tlin03886-RA	GO:0005085
Tlin03886-RA	GO:0046982
Tlin03886-RA	GO:0046982
Tlin04452-RA	GO:0005096
Tlin13420-RA	GO:0043484
Tlin13420-RA	GO:0051726
Tlin13420-RA	GO:0003723
Tlin13420-RA	GO:0003676
Tlin11661-RA	GO:0005549
Tlin11661-RA	GO:0005549
Tlin11661-RA	GO:0005549
Tlin02664-RA	GO:0006508
Tlin02664-RA	GO:0004252
Tlin02664-RA	GO:0006508
Tlin02664-RA	GO:0004252
Tlin06560-RA	GO:0005509
Tlin06560-RA	GO:0005509
Tlin11860-RA	GO:0005509
Tlin11860-RA	GO:0005509
Tlin11860-RA	GO:0005509
Tlin11860-RA	GO:0005509
Tlin11860-RA	GO:0005509
Tlin00277-RA	GO:0016603
Tlin01820-RA	GO:0005515
Tlin08921-RA	GO:0016616
Tlin08921-RA	GO:0016491
Tlin08921-RA	GO:0008270
Tlin12246-RA	GO:0016620
Tlin12246-RA	GO:0016491
Tlin12246-RA	GO:0016491
Tlin12246-RA	GO:0016491
Tlin12246-RA	GO:0016491
Tlin12246-RA	GO:0016491
Tlin05094-RA	GO:0005515
Tlin05094-RA	GO:0005515
Tlin05094-RA	GO:0005515
Tlin05094-RA	GO:0005515
Tlin05094-RA	GO:0005515
Tlin00204-RA	GO:0007186
Tlin00204-RA	GO:0016020
Tlin00204-RA	GO:0004930
Tlin00204-RA	GO:0007186
Tlin00204-RA	GO:0016020
Tlin00204-RA	GO:0004930
Tlin05318-RA	GO:0005506
Tlin05318-RA	GO:0016705
Tlin05318-RA	GO:0020037
Tlin05318-RA	GO:0004497
Tlin05318-RA	GO:0005506
Tlin05318-RA	GO:0016705
Tlin05318-RA	GO:0020037
Tlin05318-RA	GO:0004497
Tlin05318-RA	GO:0005506
Tlin05318-RA	GO:0016705
Tlin05318-RA	GO:0020037
Tlin05318-RA	GO:0004497
Tlin03117-RA	GO:0016409
Tlin08441-RA	GO:0008017
Tlin08441-RA	GO:0008017
Tlin08441-RA	GO:0008017
Tlin08441-RA	GO:0005515
Tlin08464-RA	GO:0008270
Tlin08464-RA	GO:0031145
Tlin08464-RA	GO:0061630
Tlin08464-RA	GO:0097602
Tlin08464-RA	GO:0005680
Tlin08464-RA	GO:0008270
Tlin08464-RA	GO:0031145
Tlin08464-RA	GO:0061630
Tlin08464-RA	GO:0097602
Tlin08464-RA	GO:0005680
Tlin12247-RA	GO:0005525
Tlin12247-RA	GO:0003924
Tlin12247-RA	GO:0005525
Tlin02305-RA	GO:0005515
Tlin02305-RA	GO:0005515
Tlin02305-RA	GO:0005515
Tlin03453-RA	GO:0051726
Tlin00539-RA	GO:0071596
Tlin00539-RA	GO:0061630
Tlin00539-RA	GO:0008270
Tlin09347-RA	GO:0008476
Tlin09347-RA	GO:0006478
Tlin09401-RA	GO:0003676
Tlin09401-RA	GO:0003723
Tlin02451-RA	GO:0055085
Tlin02451-RA	GO:0022857
Tlin02568-RA	GO:0003677
Tlin02568-RA	GO:0003677
Tlin02568-RA	GO:0006355
Tlin02568-RA	GO:0000981
Tlin11155-RA	GO:0005515
Tlin11155-RA	GO:0005515
Tlin11155-RA	GO:0005515
Tlin11694-RA	GO:0005634
Tlin11694-RA	GO:0005634
Tlin11694-RA	GO:0035145
Tlin11694-RA	GO:0008380
Tlin11694-RA	GO:0035145
Tlin11694-RA	GO:0008380
Tlin11694-RA	GO:0035145
Tlin11694-RA	GO:0008380
Tlin06639-RA	GO:0016020
Tlin12916-RA	GO:0045892
Tlin12916-RA	GO:0005634
Tlin12916-RA	GO:0045892
Tlin12916-RA	GO:0005634
Tlin04243-RA	GO:0043169
Tlin04243-RA	GO:0006470
Tlin04243-RA	GO:0004722
Tlin12783-RA	GO:0008324
Tlin12783-RA	GO:0016020
Tlin12783-RA	GO:0055085
Tlin12783-RA	GO:0006812
Tlin04699-RA	GO:0005861
Tlin04699-RA	GO:0005861
Tlin08452-RA	GO:0007186
Tlin08452-RA	GO:0016020
Tlin08452-RA	GO:0004930
Tlin08452-RA	GO:0007186
Tlin08452-RA	GO:0016020
Tlin08452-RA	GO:0004930
Tlin06613-RA	GO:0005840
Tlin06613-RA	GO:0006412
Tlin06613-RA	GO:0003735
Tlin06613-RA	GO:0005840
Tlin06613-RA	GO:0006412
Tlin06613-RA	GO:0003735
Tlin06613-RA	GO:0005840
Tlin06613-RA	GO:0006412
Tlin06613-RA	GO:0003735
Tlin06613-RA	GO:0006412
Tlin06613-RA	GO:0015934
Tlin06613-RA	GO:0003735
Tlin07116-RA	GO:0016020
Tlin07116-RA	GO:0016020
Tlin12311-RA	GO:0008270
Tlin13638-RA	GO:0008270
Tlin06830-RA	GO:0016570
Tlin06830-RA	GO:0016593
Tlin06830-RA	GO:0006368
Tlin06830-RA	GO:0016627
Tlin06830-RA	GO:0006629
Tlin10269-RA	GO:0016491
Tlin03207-RA	GO:0005975
Tlin03207-RA	GO:0004553
Tlin03207-RA	GO:0005975
Tlin03207-RA	GO:0030246
Tlin03207-RA	GO:0003824
Tlin12879-RA	GO:0005840
Tlin12879-RA	GO:0006412
Tlin12879-RA	GO:0003735
Tlin00054-RA	GO:0005515
Tlin00054-RA	GO:0005515
Tlin00054-RA	GO:0005515
Tlin00054-RA	GO:0005515
Tlin12633-RA	GO:0016757
Tlin12633-RA	GO:0016757
Tlin14449-RA	GO:0003676
Tlin14449-RA	GO:0015074
Tlin12781-RA	GO:0023052
Tlin12781-RA	GO:0023052
Tlin02546-RA	GO:0016020
Tlin02546-RA	GO:0016020
Tlin04344-RA	GO:0003677
Tlin04344-RA	GO:0006355
Tlin04344-RA	GO:0003677
Tlin04344-RA	GO:0008270
Tlin04344-RA	GO:0005634
Tlin03100-RA	GO:0016491
Tlin03100-RA	GO:0016491
Tlin03100-RA	GO:0016491
Tlin09001-RA	GO:0006189
Tlin09001-RA	GO:0004644
Tlin09001-RA	GO:0005524
Tlin09001-RA	GO:0009058
Tlin09001-RA	GO:0009113
Tlin09001-RA	GO:0004637
Tlin09001-RA	GO:0009113
Tlin09001-RA	GO:0004637
Tlin09001-RA	GO:0009113
Tlin09001-RA	GO:0004637
Tlin09001-RA	GO:0009113
Tlin09001-RA	GO:0004637
Tlin09001-RA	GO:0006189
Tlin09001-RA	GO:0004641
Tlin09001-RA	GO:0009058
Tlin09001-RA	GO:0006189
Tlin09001-RA	GO:0004641
Tlin06143-RA	GO:0006811
Tlin06143-RA	GO:0016020
Tlin06143-RA	GO:0005216
Tlin06143-RA	GO:0006811
Tlin06143-RA	GO:0016020
Tlin06143-RA	GO:0055085
Tlin06143-RA	GO:0005216
Tlin13064-RA	GO:0003676
Tlin10323-RA	GO:0046907
Tlin10323-RA	GO:0005643
Tlin09831-RA	GO:0009253
Tlin09831-RA	GO:0008745
Tlin09831-RA	GO:0009253
Tlin09831-RA	GO:0008745
Tlin09831-RA	GO:0009253
Tlin09831-RA	GO:0008745
Tlin09831-RA	GO:0009253
Tlin09831-RA	GO:0008745
Tlin11748-RA	GO:0035556
Tlin11748-RA	GO:0035556
Tlin11748-RA	GO:0035556
Tlin11748-RA	GO:0005515
Tlin11748-RA	GO:0035556
Tlin11748-RA	GO:0035556
Tlin11748-RA	GO:0005515
Tlin11748-RA	GO:0005515
Tlin11748-RA	GO:0005515
Tlin01815-RA	GO:0005515
Tlin01815-RA	GO:0005525
Tlin12486-RA	GO:0035299
Tlin12486-RA	GO:0005524
Tlin12486-RA	GO:0035299
Tlin12486-RA	GO:0005524
Tlin05031-RA	GO:0006355
Tlin05031-RA	GO:0043565
Tlin05031-RA	GO:0003700
Tlin05031-RA	GO:0006355
Tlin05031-RA	GO:0043565
Tlin05031-RA	GO:0003700
Tlin05031-RA	GO:0006355
Tlin05031-RA	GO:0043565
Tlin05031-RA	GO:0003700
Tlin05031-RA	GO:0006357
Tlin05031-RA	GO:0003700
Tlin10556-RA	GO:0031267
Tlin10556-RA	GO:0048870
Tlin10556-RA	GO:0008017
Tlin10556-RA	GO:0048870
Tlin10556-RA	GO:0031514
Tlin14778-RA	GO:0008017
Tlin11251-RA	GO:0016020
Tlin02705-RA	GO:0016020
Tlin02705-RA	GO:0016020
Tlin00676-RA	GO:0008061
Tlin00676-RA	GO:0005576
Tlin00676-RA	GO:0008061
Tlin09135-RA	GO:0005549
Tlin09135-RA	GO:0005549
Tlin09135-RA	GO:0005549
Tlin10995-RA	GO:0004386
Tlin10995-RA	GO:0003723
Tlin10995-RA	GO:0003724
Tlin10995-RA	GO:0005524
Tlin10995-RA	GO:0005737
Tlin10995-RA	GO:0008270
Tlin10995-RA	GO:0000184
Tlin10995-RA	GO:0005524
Tlin10995-RA	GO:0016787
Tlin10995-RA	GO:0003677
Tlin10995-RA	GO:0003723
Tlin10995-RA	GO:0003724
Tlin10995-RA	GO:0005524
Tlin10995-RA	GO:0005737
Tlin10995-RA	GO:0008270
Tlin10995-RA	GO:0000184
Tlin12943-RA	GO:0016020
Tlin12943-RA	GO:0015276
Tlin05296-RA	GO:0016765
Tlin05296-RA	GO:0008299
Tlin05296-RA	GO:0008299
Tlin01363-RA	GO:0005840
Tlin01363-RA	GO:0006412
Tlin01363-RA	GO:0003735
Tlin01363-RA	GO:0005840
Tlin01363-RA	GO:0006412
Tlin01363-RA	GO:0003735
Tlin01363-RA	GO:0005840
Tlin01363-RA	GO:0006412
Tlin01363-RA	GO:0003735
Tlin14306-RA	GO:0003677
Tlin14306-RA	GO:0006334
Tlin14306-RA	GO:0000786
Tlin14306-RA	GO:0003677
Tlin14306-RA	GO:0006334
Tlin14306-RA	GO:0000786
Tlin02453-RA	GO:0005515
Tlin02453-RA	GO:0005737
Tlin02453-RA	GO:0005515
Tlin02453-RA	GO:0005515
Tlin02437-RA	GO:0016787
Tlin02844-RA	GO:0020037
Tlin02844-RA	GO:0019825
Tlin02844-RA	GO:0020037
Tlin11256-RA	GO:0003918
Tlin11256-RA	GO:0005524
Tlin11256-RA	GO:0006259
Tlin11256-RA	GO:0006265
Tlin11256-RA	GO:0003677
Tlin11256-RA	GO:0003918
Tlin11256-RA	GO:0005524
Tlin11256-RA	GO:0006265
Tlin11256-RA	GO:0003677
Tlin11256-RA	GO:0005524
Tlin11256-RA	GO:0003918
Tlin11256-RA	GO:0003918
Tlin11256-RA	GO:0005524
Tlin11256-RA	GO:0003677
Tlin11256-RA	GO:0003918
Tlin11256-RA	GO:0005524
Tlin11256-RA	GO:0006265
Tlin11256-RA	GO:0003677
Tlin11256-RA	GO:0003918
Tlin11256-RA	GO:0005524
Tlin11256-RA	GO:0006265
Tlin11256-RA	GO:0003677
Tlin11256-RA	GO:0003918
Tlin11256-RA	GO:0005524
Tlin11256-RA	GO:0006265
Tlin11256-RA	GO:0003677
Tlin10616-RA	GO:0003824
Tlin10616-RA	GO:0003824
Tlin10616-RA	GO:0003824
Tlin10616-RA	GO:0006596
Tlin10616-RA	GO:0003824
Tlin06144-RA	GO:0005515
Tlin06144-RA	GO:0005515
Tlin06144-RA	GO:0005515
Tlin06144-RA	GO:0005515
Tlin06144-RA	GO:0010349
Tlin14473-RA	GO:0000974
Tlin14473-RA	GO:0000398
Tlin02828-RA	GO:0003909
Tlin02828-RA	GO:0006281
Tlin02828-RA	GO:0006310
Tlin02828-RA	GO:0003910
Tlin02828-RA	GO:0008270
Tlin02828-RA	GO:0003677
Tlin02828-RA	GO:0003909
Tlin02828-RA	GO:0008270
Tlin02828-RA	GO:0003677
Tlin02828-RA	GO:0003910
Tlin02828-RA	GO:0006281
Tlin02828-RA	GO:0006310
Tlin02828-RA	GO:0003677
Tlin02828-RA	GO:0005524
Tlin02828-RA	GO:0006281
Tlin02828-RA	GO:0006310
Tlin02828-RA	GO:0003910
Tlin02828-RA	GO:0003910
Tlin02828-RA	GO:0006281
Tlin02828-RA	GO:0006310
Tlin02828-RA	GO:0003677
Tlin02828-RA	GO:0003910
Tlin02828-RA	GO:0006281
Tlin02828-RA	GO:0006310
Tlin02828-RA	GO:0003677
Tlin05901-RA	GO:0003677
Tlin05901-RA	GO:0005515
Tlin06134-RA	GO:0007186
Tlin06134-RA	GO:0016020
Tlin06134-RA	GO:0004930
Tlin04442-RA	GO:0005515
Tlin07614-RA	GO:0007186
Tlin07614-RA	GO:0016020
Tlin07614-RA	GO:0004930
Tlin07614-RA	GO:0005886
Tlin07614-RA	GO:0007186
Tlin07614-RA	GO:0016020
Tlin07614-RA	GO:0004995
Tlin07614-RA	GO:0007186
Tlin07614-RA	GO:0016020
Tlin07614-RA	GO:0004930
Tlin01708-RA	GO:0006606
Tlin02474-RA	GO:0005525
Tlin02474-RA	GO:0007017
Tlin02474-RA	GO:0005874
Tlin02474-RA	GO:0005874
Tlin02474-RA	GO:0007017
Tlin02474-RA	GO:0005525
Tlin07730-RA	GO:0005515
Tlin07730-RA	GO:0005515
Tlin07730-RA	GO:0005515
Tlin07730-RA	GO:0035556
Tlin07730-RA	GO:0009190
Tlin07730-RA	GO:0016849
Tlin07730-RA	GO:0035556
Tlin07730-RA	GO:0009190
Tlin07730-RA	GO:0005886
Tlin07730-RA	GO:0006171
Tlin07730-RA	GO:0004016
Tlin07730-RA	GO:0035556
Tlin07730-RA	GO:0009190
Tlin07730-RA	GO:0035556
Tlin07730-RA	GO:0009190
Tlin07730-RA	GO:0035556
Tlin07730-RA	GO:0009190
Tlin07730-RA	GO:0035556
Tlin07730-RA	GO:0009190
Tlin07730-RA	GO:0035556
Tlin07730-RA	GO:0009190
Tlin05728-RA	GO:0007165
Tlin05728-RA	GO:0007186
Tlin05728-RA	GO:0019001
Tlin05728-RA	GO:0031683
Tlin05728-RA	GO:0003924
Tlin05728-RA	GO:0007186
Tlin05728-RA	GO:0019001
Tlin05728-RA	GO:0031683
Tlin05728-RA	GO:0003924
Tlin05728-RA	GO:0007165
Tlin05728-RA	GO:0007186
Tlin05728-RA	GO:0019001
Tlin05728-RA	GO:0031683
Tlin05728-RA	GO:0003924
Tlin04162-RA	GO:0006396
Tlin04162-RA	GO:0003723
Tlin04162-RA	GO:0006396
Tlin04162-RA	GO:0003723
Tlin04162-RA	GO:0006396
Tlin04162-RA	GO:0003723
Tlin07209-RA	GO:0003676
Tlin07209-RA	GO:0003723
Tlin07209-RA	GO:0003723
Tlin14293-RA	GO:0005975
Tlin14293-RA	GO:0004553
Tlin01916-RA	GO:0006508
Tlin01916-RA	GO:0004252
Tlin01916-RA	GO:0005515
Tlin01916-RA	GO:0005515
Tlin01916-RA	GO:0005515
Tlin01916-RA	GO:0005515
Tlin01916-RA	GO:0005515
Tlin01916-RA	GO:0016020
Tlin01916-RA	GO:0006508
Tlin01916-RA	GO:0004252
Tlin01916-RA	GO:0005515
Tlin01916-RA	GO:0005515
Tlin01916-RA	GO:0005515
Tlin01916-RA	GO:0016020
Tlin01916-RA	GO:0005515
Tlin01916-RA	GO:0005515
Tlin01916-RA	GO:0005515
Tlin01916-RA	GO:0006508
Tlin01916-RA	GO:0004252
Tlin09525-RA	GO:0005515
Tlin05523-RA	GO:0005216
Tlin05523-RA	GO:0016020
Tlin05523-RA	GO:0034220
Tlin05523-RA	GO:0004888
Tlin05523-RA	GO:0006811
Tlin05523-RA	GO:0016020
Tlin05523-RA	GO:0005230
Tlin05523-RA	GO:0006811
Tlin05523-RA	GO:0016020
Tlin05523-RA	GO:0005230
Tlin05523-RA	GO:0006811
Tlin05523-RA	GO:0016020
Tlin05523-RA	GO:0005230
Tlin14259-RA	GO:0003676
Tlin03798-RA	GO:0020037
Tlin03798-RA	GO:0009055
Tlin03798-RA	GO:0020037
Tlin03798-RA	GO:0009055
Tlin03798-RA	GO:0020037
Tlin03798-RA	GO:0009055
Tlin03798-RA	GO:0020037
Tlin03798-RA	GO:0009055
Tlin09663-RA	GO:0019731
Tlin09663-RA	GO:0005576
Tlin07348-RA	GO:0016020
Tlin07348-RA	GO:0016020
Tlin12778-RA	GO:0005975
Tlin12778-RA	GO:0004553
Tlin12778-RA	GO:0005975
Tlin12778-RA	GO:0004553
Tlin09882-RA	GO:0005525
Tlin09882-RA	GO:0005525
Tlin09882-RA	GO:0003924
Tlin09882-RA	GO:0003924
Tlin07555-RA	GO:0006508
Tlin07555-RA	GO:0007155
Tlin07555-RA	GO:0016020
Tlin07555-RA	GO:0004222
Tlin07555-RA	GO:0006508
Tlin07555-RA	GO:0007155
Tlin07555-RA	GO:0016020
Tlin07555-RA	GO:0004222
Tlin09965-RA	GO:0016020
Tlin09965-RA	GO:0016758
Tlin09965-RA	GO:0006486
Tlin09965-RA	GO:0016020
Tlin09965-RA	GO:0016758
Tlin09965-RA	GO:0006486
Tlin11638-RA	GO:0070682
Tlin11638-RA	GO:0005515
Tlin11638-RA	GO:0006508
Tlin11638-RA	GO:0005515
Tlin09311-RA	GO:0071949
Tlin09311-RA	GO:0009882
Tlin07374-RA	GO:0006508
Tlin07374-RA	GO:0004222
Tlin07374-RA	GO:0005509
Tlin07374-RA	GO:0005509
Tlin07374-RA	GO:0008237
Tlin07374-RA	GO:0005509
Tlin07374-RA	GO:0005509
Tlin02876-RA	GO:0003677
Tlin02876-RA	GO:0003677
Tlin02876-RA	GO:0006355
Tlin02876-RA	GO:0000981
Tlin02876-RA	GO:0003700
Tlin02876-RA	GO:0006355
Tlin02876-RA	GO:0003677
Tlin14976-RA	GO:0008270
Tlin14976-RA	GO:0003676
Tlin14976-RA	GO:0008270
Tlin14976-RA	GO:0003676
Tlin14976-RA	GO:0003676
Tlin01918-RA	GO:0035556
Tlin01918-RA	GO:0009190
Tlin01918-RA	GO:0035556
Tlin01918-RA	GO:0009190
Tlin01918-RA	GO:0016849
Tlin01918-RA	GO:0035556
Tlin01918-RA	GO:0009190
Tlin10997-RA	GO:0006355
Tlin10997-RA	GO:0000981
Tlin10997-RA	GO:0045944
Tlin10997-RA	GO:0003700
Tlin10997-RA	GO:0003677
Tlin10997-RA	GO:0003677
Tlin10738-RA	GO:0005515
Tlin10738-RA	GO:0005515
Tlin10738-RA	GO:0005515
Tlin10738-RA	GO:0042981
Tlin10738-RA	GO:0002039
Tlin12270-RA	GO:0006468
Tlin12270-RA	GO:0004672
Tlin12270-RA	GO:0005524
Tlin12270-RA	GO:0006468
Tlin12270-RA	GO:0004674
Tlin12270-RA	GO:0005524
Tlin12270-RA	GO:0005524
Tlin12270-RA	GO:0006468
Tlin12270-RA	GO:0004672
Tlin10258-RA	GO:0008270
Tlin10258-RA	GO:0003676
Tlin13431-RA	GO:0003676
Tlin13431-RA	GO:0006388
Tlin06012-RA	GO:0006996
Tlin06012-RA	GO:0016567
Tlin06012-RA	GO:0004842
Tlin13722-RA	GO:0004842
Tlin13722-RA	GO:0004842
Tlin13722-RA	GO:0061630
Tlin13722-RA	GO:0000209
Tlin13722-RA	GO:0004842
Tlin11060-RA	GO:0055085
Tlin11060-RA	GO:0022857
Tlin12089-RA	GO:0004386
Tlin12089-RA	GO:0004386
Tlin03570-RA	GO:0016758
Tlin03570-RA	GO:0004100
Tlin11773-RA	GO:0008168
Tlin11773-RA	GO:0003723
Tlin11773-RA	GO:0001510
Tlin11773-RA	GO:0008168
Tlin03360-RA	GO:0007186
Tlin03360-RA	GO:0016020
Tlin03360-RA	GO:0004930
Tlin03360-RA	GO:0007186
Tlin03360-RA	GO:0016020
Tlin03360-RA	GO:0004930
Tlin03845-RA	GO:0016592
Tlin04744-RA	GO:0007186
Tlin04744-RA	GO:0016020
Tlin04744-RA	GO:0004930
Tlin08365-RA	GO:0042773
Tlin08365-RA	GO:0005743
Tlin08365-RA	GO:0042773
Tlin08365-RA	GO:0005743
Tlin09640-RA	GO:0016020
Tlin09640-RA	GO:0016020
Tlin06407-RA	GO:0032259
Tlin06407-RA	GO:0008168
Tlin04931-RA	GO:0008083
Tlin04931-RA	GO:0005576
Tlin12108-RA	GO:0005525
Tlin12108-RA	GO:0003924
Tlin04089-RA	GO:0006355
Tlin01464-RA	GO:0005524
Tlin01464-RA	GO:0006468
Tlin01464-RA	GO:0004672
Tlin01464-RA	GO:0005524
Tlin01464-RA	GO:0006468
Tlin01464-RA	GO:0004672
Tlin02180-RA	GO:0003677
Tlin02180-RA	GO:0003677
Tlin02180-RA	GO:0006355
Tlin02180-RA	GO:0000981
Tlin08110-RA	GO:0005515
Tlin08110-RA	GO:0005515
Tlin08110-RA	GO:0005515
Tlin08110-RA	GO:0005515
Tlin08110-RA	GO:0005515
Tlin08110-RA	GO:0006508
Tlin08110-RA	GO:0004252
Tlin08110-RA	GO:0005515
Tlin08110-RA	GO:0005515
Tlin08110-RA	GO:0005515
Tlin08110-RA	GO:0005515
Tlin08110-RA	GO:0006508
Tlin08110-RA	GO:0004252
Tlin08110-RA	GO:0005515
Tlin08110-RA	GO:0005515
Tlin08110-RA	GO:0005515
Tlin08110-RA	GO:0005515
Tlin08110-RA	GO:0005515
Tlin08110-RA	GO:0005515
Tlin03495-RA	GO:0016702
Tlin03495-RA	GO:0016702
Tlin04992-RA	GO:0005544
Tlin04992-RA	GO:0005509
Tlin04992-RA	GO:0005544
Tlin04992-RA	GO:0005509
Tlin04992-RA	GO:0005544
Tlin04992-RA	GO:0005509
Tlin04992-RA	GO:0005544
Tlin04992-RA	GO:0005509
Tlin04992-RA	GO:0005544
Tlin04992-RA	GO:0005509
Tlin04992-RA	GO:0005544
Tlin04992-RA	GO:0005509
Tlin04992-RA	GO:0005544
Tlin04992-RA	GO:0005509
Tlin04992-RA	GO:0005544
Tlin04992-RA	GO:0005509
Tlin04992-RA	GO:0005544
Tlin04992-RA	GO:0005509
Tlin07655-RA	GO:0016020
Tlin07655-RA	GO:0009922
Tlin07655-RA	GO:0016020
Tlin07655-RA	GO:0009922
Tlin14977-RA	GO:0005515
Tlin14977-RA	GO:0005515
Tlin04161-RA	GO:0006396
Tlin04161-RA	GO:0003723
Tlin04161-RA	GO:0006396
Tlin04161-RA	GO:0003723
Tlin04161-RA	GO:0006396
Tlin04161-RA	GO:0003723
Tlin14414-RA	GO:0046983
Tlin14414-RA	GO:0003677
Tlin08669-RA	GO:0003677
Tlin08669-RA	GO:0005634
Tlin08669-RA	GO:0003700
Tlin08669-RA	GO:0003677
Tlin08669-RA	GO:0006355
Tlin08669-RA	GO:0000981
Tlin09543-RA	GO:0008199
Tlin09543-RA	GO:0006879
Tlin09543-RA	GO:0008199
Tlin09543-RA	GO:0006826
Tlin00821-RA	GO:0061098
Tlin00821-RA	GO:0019901
Tlin09615-RA	GO:0046856
Tlin09615-RA	GO:0043813
Tlin09615-RA	GO:0016791
Tlin11836-RA	GO:0006357
Tlin11836-RA	GO:0003700
Tlin11836-RA	GO:0006355
Tlin11836-RA	GO:0043565
Tlin11836-RA	GO:0003700
Tlin11836-RA	GO:0006355
Tlin11836-RA	GO:0043565
Tlin11836-RA	GO:0003700
Tlin11836-RA	GO:0043565
Tlin11836-RA	GO:0006355
Tlin11836-RA	GO:0043565
Tlin11836-RA	GO:0003700
Tlin12296-RA	GO:0016020
Tlin12296-RA	GO:0016020
Tlin07066-RA	GO:0016592
Tlin07066-RA	GO:0016592
Tlin07066-RA	GO:0016592
Tlin06340-RA	GO:0005525
Tlin06340-RA	GO:0003924
Tlin03698-RA	GO:0005515
Tlin05215-RA	GO:0035556
Tlin05215-RA	GO:0035556
Tlin05215-RA	GO:0035556
Tlin05215-RA	GO:0035556
Tlin05215-RA	GO:0035556
Tlin05215-RA	GO:0035556
Tlin10793-RA	GO:0008569
Tlin10793-RA	GO:0030286
Tlin10793-RA	GO:0045505
Tlin10793-RA	GO:0051959
Tlin10793-RA	GO:0007018
Tlin10793-RA	GO:0005524
Tlin10793-RA	GO:0008569
Tlin10793-RA	GO:0030286
Tlin10793-RA	GO:0007018
Tlin10946-RA	GO:0008270
Tlin10946-RA	GO:0005634
Tlin10946-RA	GO:0008270
Tlin10946-RA	GO:0005634
Tlin00939-RA	GO:0006629
Tlin11440-RA	GO:0032039
Tlin10403-RA	GO:0006468
Tlin10403-RA	GO:0004672
Tlin10403-RA	GO:0006468
Tlin10403-RA	GO:0004674
Tlin10403-RA	GO:0005524
Tlin10403-RA	GO:0006468
Tlin10403-RA	GO:0004672
Tlin10403-RA	GO:0005524
Tlin10403-RA	GO:0006468
Tlin10403-RA	GO:0004674
Tlin07893-RA	GO:0008270
Tlin07893-RA	GO:0005634
Tlin12026-RA	GO:0017119
Tlin12026-RA	GO:0006891
Tlin12026-RA	GO:0017119
Tlin12026-RA	GO:0006891
Tlin14374-RA	GO:0006388
Tlin14374-RA	GO:0003676
Tlin05830-RA	GO:0005509
Tlin06434-RA	GO:0006355
Tlin06434-RA	GO:0006355
Tlin09032-RA	GO:0016020
Tlin09032-RA	GO:0004252
Tlin05286-RA	GO:0016592
Tlin05286-RA	GO:0016592
Tlin02434-RA	GO:0007219
Tlin02434-RA	GO:0016607
Tlin02434-RA	GO:0045944
Tlin02434-RA	GO:0003713
Tlin06378-RA	GO:0005549
Tlin06378-RA	GO:0007608
Tlin06378-RA	GO:0016020
Tlin06378-RA	GO:0004984
Tlin06378-RA	GO:0005549
Tlin06378-RA	GO:0007608
Tlin06378-RA	GO:0016020
Tlin06378-RA	GO:0004984
Tlin06366-RA	GO:0005515
Tlin08299-RA	GO:0006468
Tlin08299-RA	GO:0004672
Tlin08299-RA	GO:0005524
Tlin08299-RA	GO:0006468
Tlin08299-RA	GO:0004672
Tlin08299-RA	GO:0005524
Tlin11432-RA	GO:0008270
Tlin00545-RA	GO:0006508
Tlin00545-RA	GO:0008270
Tlin00545-RA	GO:0004181
Tlin00545-RA	GO:0006508
Tlin00545-RA	GO:0008270
Tlin00545-RA	GO:0004181
Tlin00545-RA	GO:0006508
Tlin00545-RA	GO:0008270
Tlin00545-RA	GO:0004181
Tlin11646-RA	GO:0005515
Tlin11646-RA	GO:0005515
Tlin11646-RA	GO:0016020
Tlin11646-RA	GO:0015276
Tlin11646-RA	GO:0005515
Tlin11781-RA	GO:0006379
Tlin11781-RA	GO:0006351
Tlin11781-RA	GO:0003899
Tlin11781-RA	GO:0006351
Tlin11781-RA	GO:0008270
Tlin11781-RA	GO:0003676
Tlin10528-RA	GO:0005524
Tlin10528-RA	GO:0006468
Tlin10528-RA	GO:0004672
Tlin10528-RA	GO:0005524
Tlin10528-RA	GO:0006468
Tlin10528-RA	GO:0004672
Tlin02409-RA	GO:0008285
Tlin07752-RA	GO:0032515
Tlin07752-RA	GO:0004865
Tlin07752-RA	GO:0003824
Tlin01840-RA	GO:0070273
Tlin01840-RA	GO:0070273
Tlin14376-RA	GO:0032981
Tlin14376-RA	GO:0016020
Tlin14376-RA	GO:0032981
Tlin14376-RA	GO:0016020
Tlin02684-RA	GO:0022857
Tlin02684-RA	GO:0055085
Tlin02684-RA	GO:0016020
Tlin00275-RA	GO:0016301
Tlin00275-RA	GO:0006450
Tlin00275-RA	GO:0006014
Tlin00275-RA	GO:0004747
Tlin00275-RA	GO:0006450
Tlin06926-RA	GO:0017070
Tlin06926-RA	GO:0030623
Tlin06926-RA	GO:0005681
Tlin06926-RA	GO:0000398
Tlin06926-RA	GO:0000398
Tlin06926-RA	GO:0008233
Tlin06926-RA	GO:0008237
Tlin06926-RA	GO:0005515
Tlin06926-RA	GO:0003723
Tlin06926-RA	GO:0000398
Tlin07148-RA	GO:0005515
Tlin07325-RA	GO:0006355
Tlin07325-RA	GO:0003690
Tlin07325-RA	GO:0006355
Tlin07325-RA	GO:0003690
Tlin01267-RA	GO:0036211
Tlin09297-RA	GO:0022857
Tlin09297-RA	GO:0055085
Tlin09297-RA	GO:0016020
Tlin09297-RA	GO:0030620
Tlin09297-RA	GO:0000398
Tlin07780-RA	GO:0005525
Tlin07780-RA	GO:0003924
Tlin03906-RA	GO:0005544
Tlin05422-RA	GO:0051016
Tlin05422-RA	GO:0008290
Tlin05422-RA	GO:0051016
Tlin05422-RA	GO:0008290
Tlin11261-RA	GO:0016192
Tlin11261-RA	GO:0016020
Tlin14941-RA	GO:0022857
Tlin14941-RA	GO:0055085
Tlin14941-RA	GO:0016020
Tlin04247-RA	GO:0030490
Tlin04810-RA	GO:0006508
Tlin04810-RA	GO:0004252
Tlin04810-RA	GO:0005576
Tlin04810-RA	GO:0006508
Tlin04810-RA	GO:0004252
Tlin04810-RA	GO:0005576
Tlin04810-RA	GO:0006508
Tlin04810-RA	GO:0004252
Tlin00727-RA	GO:0004185
Tlin00727-RA	GO:0006508
Tlin00727-RA	GO:0004185
Tlin00727-RA	GO:0006508
Tlin00727-RA	GO:0004185
Tlin00727-RA	GO:0004185
Tlin02919-RA	GO:0016747
Tlin04644-RA	GO:0003677
Tlin04644-RA	GO:0003677
Tlin04644-RA	GO:0003677
Tlin04644-RA	GO:0006355
Tlin04644-RA	GO:0003700
Tlin04644-RA	GO:0003677
Tlin04644-RA	GO:0006355
Tlin04644-RA	GO:0003700
Tlin06767-RA	GO:0005515
Tlin06767-RA	GO:0005515
Tlin06767-RA	GO:0005515
Tlin06767-RA	GO:0005515
Tlin06767-RA	GO:0005515
Tlin06767-RA	GO:0005515
Tlin06767-RA	GO:0005515
Tlin06767-RA	GO:0005515
Tlin06767-RA	GO:0000398
Tlin07293-RA	GO:0005515
Tlin07293-RA	GO:0005515
Tlin07308-RA	GO:0016010
Tlin07308-RA	GO:0005886
Tlin07308-RA	GO:0016020
Tlin03371-RA	GO:0016485
Tlin03371-RA	GO:0043085
Tlin03371-RA	GO:0016020
Tlin03371-RA	GO:0016485
Tlin03371-RA	GO:0043085
Tlin03371-RA	GO:0016020
Tlin11333-RA	GO:0003723
Tlin11333-RA	GO:0004427
Tlin11333-RA	GO:0005737
Tlin11333-RA	GO:0006796
Tlin11333-RA	GO:0000287
Tlin11333-RA	GO:0004427
Tlin11333-RA	GO:0005737
Tlin11333-RA	GO:0006796
Tlin11333-RA	GO:0000287
Tlin11333-RA	GO:0006417
Tlin11333-RA	GO:0045182
Tlin11333-RA	GO:0003730
Tlin11333-RA	GO:0003676
Tlin11333-RA	GO:0004427
Tlin11333-RA	GO:0005737
Tlin11333-RA	GO:0006796
Tlin11333-RA	GO:0000287
Tlin11333-RA	GO:0004427
Tlin11333-RA	GO:0005737
Tlin11333-RA	GO:0006796
Tlin11333-RA	GO:0000287
Tlin00303-RA	GO:0008270
Tlin00303-RA	GO:0008270
Tlin14176-RA	GO:0043565
Tlin09443-RA	GO:0071569
Tlin09443-RA	GO:0061657
Tlin09443-RA	GO:0071569
Tlin09443-RA	GO:0061657
Tlin09880-RA	GO:0005524
Tlin09880-RA	GO:0006281
Tlin09880-RA	GO:0006310
Tlin09880-RA	GO:0003910
Tlin09880-RA	GO:0003909
Tlin09880-RA	GO:0003910
Tlin09880-RA	GO:0006281
Tlin09880-RA	GO:0006310
Tlin09880-RA	GO:0003677
Tlin09880-RA	GO:0003909
Tlin09880-RA	GO:0003910
Tlin09880-RA	GO:0006281
Tlin09880-RA	GO:0006310
Tlin09880-RA	GO:0003677
Tlin09880-RA	GO:0003910
Tlin09880-RA	GO:0006281
Tlin09880-RA	GO:0006310
Tlin09880-RA	GO:0003677
Tlin09880-RA	GO:0006281
Tlin09880-RA	GO:0006310
Tlin09880-RA	GO:0003910
Tlin11414-RA	GO:0005978
Tlin11414-RA	GO:0004373
Tlin11414-RA	GO:0005978
Tlin11414-RA	GO:0004373
Tlin03790-RA	GO:0006367
Tlin03790-RA	GO:0005669
Tlin03790-RA	GO:0005669
Tlin05843-RA	GO:0046540
Tlin05843-RA	GO:0000398
Tlin05843-RA	GO:0000398
Tlin05843-RA	GO:0000398
Tlin10933-RA	GO:0003676
Tlin10933-RA	GO:0003723
Tlin09721-RA	GO:0016020
Tlin09721-RA	GO:0016020
Tlin05981-RA	GO:0055085
Tlin05981-RA	GO:0022857
Tlin05981-RA	GO:0022857
Tlin05981-RA	GO:0055085
Tlin05981-RA	GO:0016020
Tlin14482-RA	GO:0006974
Tlin11164-RA	GO:0016788
Tlin11164-RA	GO:0004518
Tlin11164-RA	GO:0004518
Tlin11164-RA	GO:0016788
Tlin06348-RA	GO:0000123
Tlin11581-RA	GO:0035101
Tlin09558-RA	GO:0016791
Tlin09558-RA	GO:0016791
Tlin04984-RA	GO:0008234
Tlin04984-RA	GO:0008234
Tlin04984-RA	GO:0006508
Tlin04984-RA	GO:0050790
Tlin04984-RA	GO:0004197
Tlin03441-RA	GO:0008270
Tlin03441-RA	GO:0008237
Tlin05324-RA	GO:0008270
Tlin05324-RA	GO:0005634
Tlin08736-RA	GO:0003917
Tlin08736-RA	GO:0005694
Tlin08736-RA	GO:0006265
Tlin08736-RA	GO:0003677
Tlin08736-RA	GO:0003917
Tlin08736-RA	GO:0006265
Tlin08736-RA	GO:0003677
Tlin08736-RA	GO:0003917
Tlin08736-RA	GO:0006265
Tlin08736-RA	GO:0003677
Tlin08736-RA	GO:0003917
Tlin08736-RA	GO:0005694
Tlin08736-RA	GO:0006265
Tlin08736-RA	GO:0003677
Tlin08736-RA	GO:0003917
Tlin08736-RA	GO:0005694
Tlin08736-RA	GO:0006265
Tlin08736-RA	GO:0003677
Tlin08736-RA	GO:0003917
Tlin08736-RA	GO:0006265
Tlin08736-RA	GO:0003677
Tlin08736-RA	GO:0003917
Tlin08736-RA	GO:0006265
Tlin08736-RA	GO:0003677
Tlin08736-RA	GO:0003677
Tlin08736-RA	GO:0003917
Tlin08736-RA	GO:0006265
Tlin08736-RA	GO:0003677
Tlin08736-RA	GO:0006265
Tlin08736-RA	GO:0003917
Tlin05616-RA	GO:0009353
Tlin05616-RA	GO:0006103
Tlin01254-RA	GO:0016787
Tlin01254-RA	GO:0046872
Tlin01254-RA	GO:0003676
Tlin01254-RA	GO:0016787
Tlin01254-RA	GO:0046872
Tlin01254-RA	GO:0003676
Tlin05011-RA	GO:0006397
Tlin12958-RA	GO:0007205
Tlin12958-RA	GO:0004143
Tlin12958-RA	GO:0007165
Tlin12958-RA	GO:0004143
Tlin12958-RA	GO:0003676
Tlin12958-RA	GO:0016301
Tlin12958-RA	GO:0007165
Tlin12958-RA	GO:0007165
Tlin05302-RA	GO:0007264
Tlin05302-RA	GO:0005085
Tlin05302-RA	GO:0007264
Tlin05302-RA	GO:0005085
Tlin05302-RA	GO:0007264
Tlin05302-RA	GO:0005085
Tlin05302-RA	GO:0005524
Tlin05302-RA	GO:0043039
Tlin05302-RA	GO:0004812
Tlin05302-RA	GO:0007264
Tlin05302-RA	GO:0005085
Tlin05302-RA	GO:0000166
Tlin05393-RA	GO:0005515
Tlin05393-RA	GO:0005515
Tlin05393-RA	GO:0006508
Tlin05393-RA	GO:0005737
Tlin05393-RA	GO:0005085
Tlin05393-RA	GO:0005515
Tlin06883-RA	GO:0006355
Tlin06883-RA	GO:0016573
Tlin06883-RA	GO:0004402
Tlin02506-RA	GO:0003676
Tlin02506-RA	GO:0003676
Tlin02506-RA	GO:0003676
Tlin02506-RA	GO:0003676
Tlin01781-RA	GO:0017154
Tlin01781-RA	GO:0005515
Tlin01781-RA	GO:0005515
Tlin01781-RA	GO:0071526
Tlin01781-RA	GO:0017154
Tlin01781-RA	GO:0017154
Tlin05084-RA	GO:0016747
Tlin05084-RA	GO:0008080
Tlin01718-RA	GO:0005525
Tlin01718-RA	GO:0005525
Tlin01718-RA	GO:0003924
Tlin09808-RA	GO:0022857
Tlin09808-RA	GO:0055085
Tlin09808-RA	GO:0016020
Tlin09808-RA	GO:0016020
Tlin09808-RA	GO:0022857
Tlin09808-RA	GO:0006857
Tlin05141-RA	GO:0005515
Tlin05141-RA	GO:0005515
Tlin06667-RA	GO:0046983
Tlin06667-RA	GO:0046983
Tlin06667-RA	GO:0046983
Tlin04536-RA	GO:0005524
Tlin04536-RA	GO:0016887
Tlin04536-RA	GO:0005524
Tlin04536-RA	GO:0140359
Tlin04536-RA	GO:0140359
Tlin04536-RA	GO:0016020
Tlin05741-RA	GO:0005515
Tlin05741-RA	GO:0005515
Tlin05741-RA	GO:0005515
Tlin05741-RA	GO:0005515
Tlin05741-RA	GO:0005515
Tlin05741-RA	GO:0005515
Tlin09330-RA	GO:0003899
Tlin09330-RA	GO:0003899
Tlin09330-RA	GO:0006351
Tlin09330-RA	GO:0003677
Tlin09330-RA	GO:0003899
Tlin09330-RA	GO:0006351
Tlin09330-RA	GO:0003677
Tlin09330-RA	GO:0003899
Tlin09330-RA	GO:0006351
Tlin09330-RA	GO:0003677
Tlin09330-RA	GO:0003899
Tlin09330-RA	GO:0006351
Tlin09330-RA	GO:0003677
Tlin09330-RA	GO:0006351
Tlin09330-RA	GO:0003899
Tlin09330-RA	GO:0006351
Tlin09330-RA	GO:0003677
Tlin09330-RA	GO:0006351
Tlin09330-RA	GO:0032549
Tlin09330-RA	GO:0003899
Tlin09330-RA	GO:0003899
Tlin09330-RA	GO:0006351
Tlin09330-RA	GO:0003677
Tlin09330-RA	GO:0003899
Tlin09330-RA	GO:0006351
Tlin09330-RA	GO:0003677
Tlin09330-RA	GO:0003899
Tlin09330-RA	GO:0006351
Tlin09330-RA	GO:0003677
Tlin09330-RA	GO:0006351
Tlin09330-RA	GO:0032549
Tlin09330-RA	GO:0003899
Tlin09330-RA	GO:0003899
Tlin09330-RA	GO:0006351
Tlin09330-RA	GO:0003677
Tlin05827-RA	GO:0005509
Tlin05827-RA	GO:0005509
Tlin05827-RA	GO:0005509
Tlin05623-RA	GO:0006644
Tlin09130-RA	GO:0019887
Tlin09130-RA	GO:0005956
Tlin09130-RA	GO:0019887
Tlin09130-RA	GO:0005956
Tlin09130-RA	GO:0019887
Tlin09130-RA	GO:0005956
Tlin09130-RA	GO:0019887
Tlin09130-RA	GO:0005956
Tlin09130-RA	GO:0019887
Tlin09130-RA	GO:0005956
Tlin04125-RA	GO:0051015
Tlin04125-RA	GO:0007155
Tlin04125-RA	GO:0007155
Tlin04125-RA	GO:0015629
Tlin04125-RA	GO:0005198
Tlin04125-RA	GO:0007155
Tlin04125-RA	GO:0015629
Tlin04125-RA	GO:0005198
Tlin04125-RA	GO:0051015
Tlin04125-RA	GO:0007155
Tlin04125-RA	GO:0051015
Tlin04125-RA	GO:0007155
Tlin04125-RA	GO:0003779
Tlin04125-RA	GO:0051015
Tlin04125-RA	GO:0007155
Tlin04125-RA	GO:0051015
Tlin04125-RA	GO:0007155
Tlin04125-RA	GO:0051015
Tlin04125-RA	GO:0007155
Tlin04125-RA	GO:0051015
Tlin04125-RA	GO:0007155
Tlin10289-RA	GO:0005515
Tlin10289-RA	GO:0042799
Tlin10289-RA	GO:0034772
Tlin10844-RA	GO:0031625
Tlin10844-RA	GO:0044548
Tlin10844-RA	GO:0015631
Tlin02161-RA	GO:0008270
Tlin02161-RA	GO:0034968
Tlin02161-RA	GO:0042054
Tlin02161-RA	GO:0005634
Tlin02161-RA	GO:0016279
Tlin02161-RA	GO:0042054
Tlin02161-RA	GO:0002039
Tlin02161-RA	GO:0005515
Tlin02161-RA	GO:0005515
Tlin02161-RA	GO:0005515
Tlin09893-RA	GO:0015377
Tlin09893-RA	GO:0016020
Tlin09893-RA	GO:0006811
Tlin09893-RA	GO:0055085
Tlin09893-RA	GO:0016020
Tlin03803-RA	GO:0005524
Tlin03803-RA	GO:0007018
Tlin03803-RA	GO:0003777
Tlin03803-RA	GO:0007018
Tlin03803-RA	GO:0003777
Tlin03803-RA	GO:0005524
Tlin03803-RA	GO:0007018
Tlin03803-RA	GO:0008017
Tlin03803-RA	GO:0003777
Tlin12282-RA	GO:0005515
Tlin12282-RA	GO:0005515
Tlin12282-RA	GO:0005515
Tlin12282-RA	GO:0005515
Tlin12282-RA	GO:0005515
Tlin00205-RA	GO:0016020
Tlin00205-RA	GO:0004675
Tlin00205-RA	GO:0006468
Tlin00205-RA	GO:0004672
Tlin00205-RA	GO:0005524
Tlin00205-RA	GO:0006468
Tlin00205-RA	GO:0016020
Tlin00205-RA	GO:0004675
Tlin00205-RA	GO:0006468
Tlin00205-RA	GO:0004672
Tlin00205-RA	GO:0005524
Tlin00205-RA	GO:0007178
Tlin00205-RA	GO:0016020
Tlin00205-RA	GO:0004675
Tlin00205-RA	GO:0005524
Tlin02375-RA	GO:0070966
Tlin02375-RA	GO:0071025
Tlin02375-RA	GO:0070481
Tlin04830-RA	GO:0016020
Tlin04830-RA	GO:1902600
Tlin04830-RA	GO:0015252
Tlin04830-RA	GO:0016020
Tlin04830-RA	GO:1902600
Tlin04830-RA	GO:0015252
Tlin01852-RA	GO:0022857
Tlin01852-RA	GO:0055085
Tlin01852-RA	GO:0016020
Tlin01852-RA	GO:0022857
Tlin01852-RA	GO:0055085
Tlin01852-RA	GO:0016020
Tlin01852-RA	GO:0022857
Tlin01852-RA	GO:0055085
Tlin01852-RA	GO:0016020
Tlin07785-RA	GO:0016020
Tlin07785-RA	GO:0004970
Tlin07785-RA	GO:0016020
Tlin07785-RA	GO:0015276
Tlin01105-RA	GO:0003677
Tlin06540-RA	GO:0018216
Tlin06540-RA	GO:0016274
Tlin00716-RA	GO:0051287
Tlin00716-RA	GO:0016616
Tlin00716-RA	GO:0051287
Tlin02983-RA	GO:0005515
Tlin02983-RA	GO:0005515
Tlin02983-RA	GO:0005515
Tlin02983-RA	GO:0005515
Tlin08809-RA	GO:0016639
Tlin08809-RA	GO:0016491
Tlin08809-RA	GO:0006520
Tlin08809-RA	GO:0016491
Tlin08809-RA	GO:0006520
Tlin04568-RA	GO:0003677
Tlin04568-RA	GO:0003677
Tlin04568-RA	GO:0003677
Tlin02956-RA	GO:0006457
Tlin02956-RA	GO:0016887
Tlin02956-RA	GO:0051082
Tlin02956-RA	GO:0005524
Tlin02956-RA	GO:0006457
Tlin02956-RA	GO:0051082
Tlin02956-RA	GO:0005524
Tlin02956-RA	GO:0006457
Tlin02956-RA	GO:0016887
Tlin02956-RA	GO:0051082
Tlin02956-RA	GO:0005524
Tlin02956-RA	GO:0140662
Tlin02956-RA	GO:0005524
Tlin10505-RA	GO:0043130
Tlin10505-RA	GO:0043162
Tlin10505-RA	GO:0000813
Tlin10505-RA	GO:0005515
Tlin01888-RA	GO:0006508
Tlin01888-RA	GO:0004252
Tlin01888-RA	GO:0008236
Tlin01888-RA	GO:0006508
Tlin01888-RA	GO:0006508
Tlin01888-RA	GO:0004252
Tlin01888-RA	GO:0006508
Tlin01888-RA	GO:0004252
Tlin01154-RA	GO:0006282
Tlin01154-RA	GO:0004649
Tlin01154-RA	GO:0005975
Tlin01154-RA	GO:0006282
Tlin01154-RA	GO:0004649
Tlin08448-RA	GO:0006468
Tlin08448-RA	GO:0004672
Tlin08448-RA	GO:0005524
Tlin08448-RA	GO:0006468
Tlin08448-RA	GO:0004672
Tlin08448-RA	GO:0005524
Tlin08303-RA	GO:0006457
Tlin08303-RA	GO:0016887
Tlin08303-RA	GO:0051082
Tlin08303-RA	GO:0140662
Tlin08303-RA	GO:0005524
Tlin08303-RA	GO:0006457
Tlin08303-RA	GO:0016887
Tlin08303-RA	GO:0051082
Tlin08303-RA	GO:0140662
Tlin08303-RA	GO:0005524
Tlin08303-RA	GO:0006457
Tlin08303-RA	GO:0051082
Tlin08303-RA	GO:0005524
Tlin12186-RA	GO:0003677
Tlin12186-RA	GO:0046983
Tlin06672-RA	GO:0046983
Tlin06672-RA	GO:0046983
Tlin06672-RA	GO:0046983
Tlin05675-RA	GO:0005509
Tlin05675-RA	GO:0005509
Tlin05675-RA	GO:0005509
Tlin07059-RA	GO:0050909
Tlin07059-RA	GO:0016020
Tlin04818-RA	GO:0046961
Tlin04818-RA	GO:1902600
Tlin04818-RA	GO:0033179
Tlin04818-RA	GO:0046961
Tlin04818-RA	GO:1902600
Tlin04818-RA	GO:0033179
Tlin06354-RA	GO:0003677
Tlin06354-RA	GO:0003677
Tlin06354-RA	GO:0006357
Tlin06354-RA	GO:0003677
Tlin10141-RA	GO:0007186
Tlin10141-RA	GO:0019001
Tlin10141-RA	GO:0031683
Tlin10141-RA	GO:0003924
Tlin10141-RA	GO:0007186
Tlin10141-RA	GO:0019001
Tlin10141-RA	GO:0031683
Tlin10141-RA	GO:0003924
Tlin10141-RA	GO:0007165
Tlin10141-RA	GO:0007186
Tlin10141-RA	GO:0019001
Tlin10141-RA	GO:0031683
Tlin10141-RA	GO:0003924
Tlin10141-RA	GO:0007165
Tlin07244-RA	GO:0140662
Tlin07244-RA	GO:0005524
Tlin07244-RA	GO:0140662
Tlin07244-RA	GO:0005524
Tlin05737-RA	GO:0008270
Tlin05737-RA	GO:0008270
Tlin10003-RA	GO:0008061
Tlin10003-RA	GO:0005576
Tlin10003-RA	GO:0008061
Tlin05263-RA	GO:0016791
Tlin05263-RA	GO:0016791
Tlin04329-RA	GO:0005525
Tlin04329-RA	GO:0005525
Tlin06376-RA	GO:0006508
Tlin06376-RA	GO:0004252
Tlin06376-RA	GO:0006508
Tlin06376-RA	GO:0004252
Tlin08895-RA	GO:0005515
Tlin08895-RA	GO:0005515
Tlin08895-RA	GO:0005515
Tlin08895-RA	GO:0005515
Tlin08895-RA	GO:0005515
Tlin08895-RA	GO:0005515
Tlin08614-RA	GO:0003785
Tlin04628-RA	GO:0005515
Tlin04628-RA	GO:0035556
Tlin04628-RA	GO:0005515
Tlin07081-RA	GO:0031297
Tlin07081-RA	GO:0000724
Tlin06638-RA	GO:0016020
Tlin06638-RA	GO:0016020
Tlin06638-RA	GO:0016020
Tlin06638-RA	GO:0016020
Tlin09751-RA	GO:0004832
Tlin09751-RA	GO:0005524
Tlin09751-RA	GO:0006438
Tlin09751-RA	GO:0000166
Tlin09751-RA	GO:0006418
Tlin09751-RA	GO:0004812
Tlin09751-RA	GO:0004812
Tlin09751-RA	GO:0005524
Tlin09751-RA	GO:0006418
Tlin09751-RA	GO:0000166
Tlin09751-RA	GO:0004812
Tlin09751-RA	GO:0005524
Tlin09751-RA	GO:0006418
Tlin09751-RA	GO:0000166
Tlin09751-RA	GO:0004812
Tlin09751-RA	GO:0005524
Tlin09751-RA	GO:0006418
Tlin09751-RA	GO:0000166
Tlin09751-RA	GO:0004812
Tlin09751-RA	GO:0005524
Tlin09751-RA	GO:0006418
Tlin09751-RA	GO:0000166
Tlin09751-RA	GO:0006418
Tlin09751-RA	GO:0002161
Tlin09751-RA	GO:0006418
Tlin09751-RA	GO:0002161
Tlin01412-RA	GO:0005515
Tlin06591-RA	GO:0036374
Tlin06591-RA	GO:0006751
Tlin00826-RA	GO:0005840
Tlin00826-RA	GO:0006412
Tlin00826-RA	GO:0003735
Tlin00826-RA	GO:0005840
Tlin00826-RA	GO:0006412
Tlin00826-RA	GO:0003735
Tlin00826-RA	GO:0005840
Tlin00826-RA	GO:0006412
Tlin00826-RA	GO:0003735
Tlin09767-RA	GO:0080019
Tlin08602-RA	GO:0046983
Tlin08602-RA	GO:0046983
Tlin08602-RA	GO:0006355
Tlin08602-RA	GO:0030374
Tlin08602-RA	GO:0005634
Tlin08602-RA	GO:0046983
Tlin00252-RA	GO:0006620
Tlin00252-RA	GO:0005515
Tlin12922-RA	GO:0005506
Tlin12922-RA	GO:0009072
Tlin12922-RA	GO:0004497
Tlin12922-RA	GO:0016714
Tlin12922-RA	GO:0005506
Tlin12922-RA	GO:0009072
Tlin12922-RA	GO:0004497
Tlin12922-RA	GO:0005506
Tlin12922-RA	GO:0009072
Tlin12922-RA	GO:0004497
Tlin00259-RA	GO:0008168
Tlin00259-RA	GO:0008168
Tlin00259-RA	GO:0032259
Tlin00259-RA	GO:0003676
Tlin00259-RA	GO:0031167
Tlin00259-RA	GO:0008988
Tlin09238-RA	GO:0003676
Tlin09238-RA	GO:0017056
Tlin09238-RA	GO:0031965
Tlin09238-RA	GO:0006913
Tlin14505-RA	GO:0008270
Tlin14505-RA	GO:0003676
Tlin14505-RA	GO:0008270
Tlin14505-RA	GO:0003676
Tlin05013-RA	GO:0009966
Tlin05013-RA	GO:0009966
Tlin05169-RA	GO:0005515
Tlin05169-RA	GO:0005515
Tlin05169-RA	GO:0005509
Tlin05169-RA	GO:0005509
Tlin06981-RA	GO:0000027
Tlin07220-RA	GO:0006355
Tlin07220-RA	GO:0043565
Tlin07220-RA	GO:0003700
Tlin07220-RA	GO:0006355
Tlin07220-RA	GO:0043565
Tlin07220-RA	GO:0003700
Tlin07220-RA	GO:0006355
Tlin07220-RA	GO:0043565
Tlin07220-RA	GO:0003700
Tlin08168-RA	GO:0005515
Tlin08168-RA	GO:0007264
Tlin08168-RA	GO:0005085
Tlin08260-RA	GO:0030001
Tlin08260-RA	GO:0046873
Tlin08260-RA	GO:0055085
Tlin08260-RA	GO:0016020
Tlin03799-RA	GO:0005515
Tlin03799-RA	GO:0005515
Tlin05653-RA	GO:0007186
Tlin05653-RA	GO:0016020
Tlin05653-RA	GO:0004930
Tlin05653-RA	GO:0007186
Tlin05653-RA	GO:0016020
Tlin05653-RA	GO:0004930
Tlin05100-RA	GO:0006508
Tlin05100-RA	GO:0004197
Tlin05100-RA	GO:0008234
Tlin05100-RA	GO:0006508
Tlin05100-RA	GO:0004197
Tlin02004-RA	GO:0007186
Tlin02004-RA	GO:0016020
Tlin02004-RA	GO:0004930
Tlin02004-RA	GO:0007186
Tlin02004-RA	GO:0016020
Tlin02004-RA	GO:0004930
Tlin11595-RA	GO:0006351
Tlin11595-RA	GO:0003899
Tlin11595-RA	GO:0006351
Tlin11595-RA	GO:0003899
Tlin00515-RA	GO:0006298
Tlin00515-RA	GO:0030983
Tlin00515-RA	GO:0005524
Tlin00515-RA	GO:0006298
Tlin00515-RA	GO:0030983
Tlin00515-RA	GO:0005524
Tlin00515-RA	GO:0006298
Tlin00515-RA	GO:0030983
Tlin00515-RA	GO:0005524
Tlin00515-RA	GO:0006298
Tlin00515-RA	GO:0030983
Tlin00515-RA	GO:0140664
Tlin00515-RA	GO:0005524
Tlin00515-RA	GO:0006298
Tlin00515-RA	GO:0030983
Tlin00515-RA	GO:0005524
Tlin13990-RA	GO:0043565
Tlin02378-RA	GO:0022857
Tlin02378-RA	GO:0055085
Tlin02378-RA	GO:0016020
Tlin02378-RA	GO:0022857
Tlin02378-RA	GO:0055085
Tlin02378-RA	GO:0016020
Tlin02378-RA	GO:0022857
Tlin02378-RA	GO:0055085
Tlin02378-RA	GO:0016020
Tlin00077-RA	GO:0006888
Tlin01063-RA	GO:0016020
Tlin01063-RA	GO:0016020
Tlin01063-RA	GO:0016020
Tlin12457-RA	GO:0008061
Tlin12457-RA	GO:0008061
Tlin12457-RA	GO:0005576
Tlin12457-RA	GO:0008061
Tlin12457-RA	GO:0005576
Tlin12457-RA	GO:0008061
Tlin12457-RA	GO:0005576
Tlin12457-RA	GO:0008061
Tlin12457-RA	GO:0008061
Tlin12267-RA	GO:0016491
Tlin11072-RA	GO:0008270
Tlin11072-RA	GO:0006355
Tlin11072-RA	GO:0043565
Tlin11072-RA	GO:0006355
Tlin11072-RA	GO:0008270
Tlin11072-RA	GO:0006355
Tlin11072-RA	GO:0006357
Tlin11072-RA	GO:0003700
Tlin11072-RA	GO:0043565
Tlin11072-RA	GO:0006355
Tlin11072-RA	GO:0043565
Tlin11072-RA	GO:0006355
Tlin11072-RA	GO:0043565
Tlin11072-RA	GO:0006355
Tlin11072-RA	GO:0043565
Tlin11072-RA	GO:0006355
Tlin11072-RA	GO:0043565
Tlin11072-RA	GO:0006355
Tlin07989-RA	GO:0016868
Tlin07989-RA	GO:0005975
Tlin07989-RA	GO:0016868
Tlin07989-RA	GO:0005975
Tlin07989-RA	GO:0016868
Tlin07989-RA	GO:0005975
Tlin07989-RA	GO:0016868
Tlin07989-RA	GO:0005975
Tlin07989-RA	GO:0071704
Tlin07989-RA	GO:0016868
Tlin07989-RA	GO:0000287
Tlin07989-RA	GO:0005975
Tlin07989-RA	GO:0016868
Tlin07989-RA	GO:0005975
Tlin07989-RA	GO:0071704
Tlin07989-RA	GO:0016868
Tlin01769-RA	GO:0008455
Tlin01769-RA	GO:0009312
Tlin01769-RA	GO:0016020
Tlin01769-RA	GO:0005795
Tlin01769-RA	GO:0008455
Tlin01769-RA	GO:0009312
Tlin01769-RA	GO:0016020
Tlin01769-RA	GO:0005795
Tlin01769-RA	GO:0008455
Tlin01769-RA	GO:0009312
Tlin01769-RA	GO:0016020
Tlin01769-RA	GO:0005795
Tlin08230-RA	GO:0000387
Tlin01129-RA	GO:0005216
Tlin01129-RA	GO:0016020
Tlin01129-RA	GO:0034220
Tlin01129-RA	GO:0004888
Tlin01129-RA	GO:0016020
Tlin01129-RA	GO:0006811
Tlin01129-RA	GO:0016020
Tlin01129-RA	GO:0006811
Tlin10028-RA	GO:0016747
Tlin11808-RA	GO:0006508
Tlin11808-RA	GO:0004252
Tlin11808-RA	GO:0006508
Tlin11808-RA	GO:0004252
Tlin09666-RA	GO:0006511
Tlin09666-RA	GO:0007275
Tlin09666-RA	GO:0005737
Tlin09666-RA	GO:0006511
Tlin09666-RA	GO:0007275
Tlin09666-RA	GO:0005737
Tlin09666-RA	GO:0007275
Tlin09666-RA	GO:0006511
Tlin04432-RA	GO:0006470
Tlin04432-RA	GO:0004725
Tlin04432-RA	GO:0006470
Tlin04432-RA	GO:0004725
Tlin04432-RA	GO:0006470
Tlin04432-RA	GO:0004725
Tlin04432-RA	GO:0006470
Tlin04432-RA	GO:0004725
Tlin02857-RA	GO:0005739
Tlin02857-RA	GO:0003735
Tlin02857-RA	GO:0005739
Tlin02857-RA	GO:0003735
Tlin01008-RA	GO:0005515
Tlin01008-RA	GO:0005515
Tlin01008-RA	GO:0005515
Tlin01008-RA	GO:0005515
Tlin01008-RA	GO:0005515
Tlin01008-RA	GO:0005515
Tlin01008-RA	GO:0005509
Tlin13410-RA	GO:0006508
Tlin13410-RA	GO:0004190
Tlin13410-RA	GO:0003676
Tlin02534-RA	GO:0008081
Tlin02534-RA	GO:0007165
Tlin02534-RA	GO:0004114
Tlin02534-RA	GO:0007165
Tlin02534-RA	GO:0004114
Tlin05790-RA	GO:0005525
Tlin05790-RA	GO:0003924
Tlin05790-RA	GO:0007264
Tlin05790-RA	GO:0005525
Tlin05790-RA	GO:0003924
Tlin11098-RA	GO:0005515
Tlin09041-RA	GO:0016192
Tlin09041-RA	GO:0016192
Tlin09041-RA	GO:0016020
Tlin07096-RA	GO:0055085
Tlin07096-RA	GO:0022857
Tlin07096-RA	GO:0055085
Tlin07096-RA	GO:0022857
Tlin05911-RA	GO:0006355
Tlin05911-RA	GO:0043565
Tlin05911-RA	GO:0005634
Tlin05911-RA	GO:0006355
Tlin05911-RA	GO:0016602
Tlin05911-RA	GO:0001228
Tlin05911-RA	GO:0046982
Tlin05911-RA	GO:0046982
Tlin13971-RA	GO:0005975
Tlin13971-RA	GO:0004553
Tlin13971-RA	GO:0005975
Tlin13971-RA	GO:0004553
Tlin13971-RA	GO:0005975
Tlin13971-RA	GO:0004553
Tlin03693-RA	GO:0006508
Tlin03693-RA	GO:0004222
Tlin03693-RA	GO:0008237
Tlin03693-RA	GO:0008270
Tlin03693-RA	GO:0004222
Tlin12875-RA	GO:0016765
Tlin12875-RA	GO:1904423
Tlin12875-RA	GO:0019408
Tlin12875-RA	GO:0016765
Tlin13570-RA	GO:0016627
Tlin13570-RA	GO:0005737
Tlin13570-RA	GO:0016627
Tlin13570-RA	GO:0005737
Tlin13570-RA	GO:0016627
Tlin13570-RA	GO:0005737
Tlin13570-RA	GO:0006207
Tlin13570-RA	GO:0016020
Tlin13570-RA	GO:0004152
Tlin13570-RA	GO:0016627
Tlin13570-RA	GO:0006207
Tlin14804-RA	GO:0031083
Tlin14804-RA	GO:0006886
Tlin13920-RA	GO:0031083
Tlin13920-RA	GO:0006886
Tlin08475-RA	GO:0051603
Tlin08475-RA	GO:0005839
Tlin08475-RA	GO:0051603
Tlin08475-RA	GO:0005839
Tlin08475-RA	GO:0019773
Tlin08475-RA	GO:0006511
Tlin08475-RA	GO:0019773
Tlin08475-RA	GO:0006511
Tlin09429-RA	GO:0016020
Tlin09429-RA	GO:0071805
Tlin09429-RA	GO:0005267
Tlin12317-RA	GO:0005515
Tlin12317-RA	GO:0000974
Tlin12317-RA	GO:0006281
Tlin12317-RA	GO:0061630
Tlin12317-RA	GO:0000398
Tlin12317-RA	GO:0005515
Tlin12317-RA	GO:0005515
Tlin12317-RA	GO:0005515
Tlin12317-RA	GO:0005515
Tlin12317-RA	GO:0016567
Tlin12317-RA	GO:0004842
Tlin01437-RA	GO:0005515
Tlin01437-RA	GO:0005515
Tlin01437-RA	GO:0005515
Tlin01437-RA	GO:0005515
Tlin13867-RA	GO:0046983
Tlin03625-RA	GO:0016020
Tlin03625-RA	GO:0055085
Tlin03625-RA	GO:0016020
Tlin06787-RA	GO:0017056
Tlin06787-RA	GO:0005643
Tlin06787-RA	GO:0017056
Tlin06787-RA	GO:0005643
Tlin13917-RA	GO:0005515
Tlin13917-RA	GO:0005515
Tlin13917-RA	GO:0005515
Tlin13917-RA	GO:0005515
Tlin13917-RA	GO:0005515
Tlin13917-RA	GO:0005515
Tlin13917-RA	GO:0005515
Tlin13917-RA	GO:0005515
Tlin09197-RA	GO:0005840
Tlin09197-RA	GO:0006412
Tlin09197-RA	GO:0003735
Tlin11849-RA	GO:0006811
Tlin11849-RA	GO:0016020
Tlin11849-RA	GO:0055085
Tlin11849-RA	GO:0005216
Tlin01865-RA	GO:0005525
Tlin01865-RA	GO:0005525
Tlin01865-RA	GO:0003924
Tlin01865-RA	GO:0003924
Tlin10150-RA	GO:0006388
Tlin10150-RA	GO:0000213
Tlin10150-RA	GO:0006388
Tlin10150-RA	GO:0000213
Tlin10150-RA	GO:0006388
Tlin10150-RA	GO:0003676
Tlin10150-RA	GO:0006388
Tlin10150-RA	GO:0000213
Tlin11545-RA	GO:0016192
Tlin11545-RA	GO:0005085
Tlin02606-RA	GO:0005739
Tlin02606-RA	GO:0005739
Tlin10742-RA	GO:0016020
Tlin10742-RA	GO:0007154
Tlin04519-RA	GO:0016020
Tlin04519-RA	GO:0055085
Tlin04519-RA	GO:0140359
Tlin04519-RA	GO:0005524
Tlin04519-RA	GO:0005524
Tlin04519-RA	GO:0016887
Tlin04519-RA	GO:0005524
Tlin04519-RA	GO:0016020
Tlin04519-RA	GO:0005524
Tlin04519-RA	GO:0016020
Tlin04519-RA	GO:0005524
Tlin06914-RA	GO:0032222
Tlin06914-RA	GO:1903818
Tlin06914-RA	GO:0030431
Tlin10425-RA	GO:0005549
Tlin10425-RA	GO:0007608
Tlin10425-RA	GO:0016020
Tlin10425-RA	GO:0004984
Tlin12734-RA	GO:0008270
Tlin12734-RA	GO:0003676
Tlin12734-RA	GO:0008270
Tlin12734-RA	GO:0003676
Tlin12734-RA	GO:0008270
Tlin12734-RA	GO:0003676
Tlin11254-RA	GO:0016020
Tlin12744-RA	GO:0003723
Tlin12744-RA	GO:0009451
Tlin12744-RA	GO:0009982
Tlin12744-RA	GO:0001522
Tlin12744-RA	GO:0003723
Tlin12744-RA	GO:0009451
Tlin12744-RA	GO:0009982
Tlin12744-RA	GO:0001522
Tlin12744-RA	GO:0009982
Tlin12744-RA	GO:0003723
Tlin12744-RA	GO:0009982
Tlin12744-RA	GO:0003723
Tlin12744-RA	GO:0003723
Tlin12744-RA	GO:0009451
Tlin12744-RA	GO:0009982
Tlin12744-RA	GO:0001522
Tlin00603-RA	GO:0055085
Tlin00603-RA	GO:0022857
Tlin00603-RA	GO:0055085
Tlin00603-RA	GO:0022857
Tlin07623-RA	GO:0005515
Tlin07623-RA	GO:0005515
Tlin07623-RA	GO:0005515
Tlin07623-RA	GO:0005515
Tlin07623-RA	GO:0005515
Tlin07623-RA	GO:0005515
Tlin07623-RA	GO:0005515
Tlin07623-RA	GO:0005515
Tlin07623-RA	GO:0005515
Tlin07623-RA	GO:0005515
Tlin07623-RA	GO:0005515
Tlin07623-RA	GO:0005515
Tlin07623-RA	GO:0005515
Tlin07623-RA	GO:0005515
Tlin07623-RA	GO:0005515
Tlin07623-RA	GO:0005515
Tlin07623-RA	GO:0005515
Tlin07623-RA	GO:0005515
Tlin10367-RA	GO:0005525
Tlin10367-RA	GO:0005525
Tlin14627-RA	GO:0009058
Tlin14627-RA	GO:0003824
Tlin14627-RA	GO:0004515
Tlin14627-RA	GO:0009435
Tlin14627-RA	GO:0000309
Tlin04038-RA	GO:0006096
Tlin04038-RA	GO:0004332
Tlin04038-RA	GO:0006096
Tlin04038-RA	GO:0004332
Tlin00465-RA	GO:0030695
Tlin02040-RA	GO:0006508
Tlin02040-RA	GO:0004252
Tlin02040-RA	GO:0006508
Tlin02040-RA	GO:0004252
Tlin02040-RA	GO:0006508
Tlin02040-RA	GO:0004252
Tlin04055-RA	GO:0055085
Tlin04055-RA	GO:0055085
Tlin11986-RA	GO:0005515
Tlin11986-RA	GO:0005515
Tlin11986-RA	GO:0005515
Tlin11986-RA	GO:0005515
Tlin11986-RA	GO:0005515
Tlin11986-RA	GO:0005515
Tlin11986-RA	GO:0005515
Tlin03343-RA	GO:0008053
Tlin08079-RA	GO:0005634
Tlin08079-RA	GO:0005634
Tlin08079-RA	GO:0005634
Tlin03366-RA	GO:0003824
Tlin05416-RA	GO:0006508
Tlin05416-RA	GO:0004252
Tlin03318-RA	GO:0006355
Tlin03318-RA	GO:0005667
Tlin03318-RA	GO:0006357
Tlin03318-RA	GO:0000978
Tlin03318-RA	GO:0046983
Tlin03318-RA	GO:0046983
Tlin07884-RA	GO:0005506
Tlin07884-RA	GO:0016705
Tlin07884-RA	GO:0020037
Tlin07884-RA	GO:0004497
Tlin07884-RA	GO:0005506
Tlin07884-RA	GO:0016705
Tlin07884-RA	GO:0020037
Tlin07884-RA	GO:0004497
Tlin07884-RA	GO:0005506
Tlin07884-RA	GO:0016705
Tlin07884-RA	GO:0020037
Tlin07884-RA	GO:0004497
Tlin11824-RA	GO:0016747
Tlin01263-RA	GO:0007021
Tlin01263-RA	GO:0007023
Tlin01263-RA	GO:0048487
Tlin01263-RA	GO:0005096
Tlin05319-RA	GO:0005506
Tlin05319-RA	GO:0016705
Tlin05319-RA	GO:0020037
Tlin05319-RA	GO:0004497
Tlin05319-RA	GO:0005506
Tlin05319-RA	GO:0016705
Tlin05319-RA	GO:0020037
Tlin05319-RA	GO:0004497
Tlin05319-RA	GO:0005506
Tlin05319-RA	GO:0016705
Tlin05319-RA	GO:0020037
Tlin05319-RA	GO:0004497
Tlin05319-RA	GO:0005506
Tlin05319-RA	GO:0016705
Tlin05319-RA	GO:0020037
Tlin05319-RA	GO:0004497
Tlin05319-RA	GO:0005506
Tlin05319-RA	GO:0016705
Tlin05319-RA	GO:0020037
Tlin05319-RA	GO:0004497
Tlin05319-RA	GO:0005506
Tlin05319-RA	GO:0016705
Tlin05319-RA	GO:0020037
Tlin05319-RA	GO:0004497
Tlin05869-RA	GO:0003676
Tlin05869-RA	GO:0003676
Tlin05869-RA	GO:0003676
Tlin10111-RA	GO:0016491
Tlin10111-RA	GO:0016491
Tlin10111-RA	GO:0016491
Tlin04271-RA	GO:0008233
Tlin04271-RA	GO:0008237
Tlin04271-RA	GO:0006508
Tlin04271-RA	GO:0004222
Tlin04271-RA	GO:0006508
Tlin04271-RA	GO:0004222
Tlin07196-RA	GO:0050660
Tlin07196-RA	GO:0016614
Tlin07196-RA	GO:0050660
Tlin07196-RA	GO:0016614
Tlin07196-RA	GO:0050660
Tlin07196-RA	GO:0016614
Tlin02739-RA	GO:0007186
Tlin02739-RA	GO:0016020
Tlin02739-RA	GO:0004930
Tlin02132-RA	GO:0005524
Tlin02132-RA	GO:0006526
Tlin02132-RA	GO:0004055
Tlin02132-RA	GO:0005524
Tlin02132-RA	GO:0006526
Tlin02132-RA	GO:0004055
Tlin02132-RA	GO:0004055
Tlin02132-RA	GO:0004055
Tlin02132-RA	GO:0005524
Tlin02132-RA	GO:0006526
Tlin02132-RA	GO:0004055
Tlin02132-RA	GO:0005524
Tlin02132-RA	GO:0006526
Tlin02132-RA	GO:0004055
Tlin02132-RA	GO:0004055
Tlin06123-RA	GO:0005085
Tlin06123-RA	GO:0005085
Tlin09554-RA	GO:0007399
Tlin09554-RA	GO:0000381
Tlin09554-RA	GO:0003676
Tlin14964-RA	GO:0008234
Tlin14964-RA	GO:0008234
Tlin14964-RA	GO:0006508
Tlin05511-RA	GO:0008897
Tlin05511-RA	GO:0000287
Tlin05511-RA	GO:0008897
Tlin05511-RA	GO:0000287
Tlin05511-RA	GO:0006351
Tlin05511-RA	GO:0006351
Tlin05511-RA	GO:0008897
Tlin05511-RA	GO:0000287
Tlin05511-RA	GO:0008897
Tlin05511-RA	GO:0000287
Tlin05511-RA	GO:0006351
Tlin05511-RA	GO:0008897
Tlin05511-RA	GO:0000287
Tlin06107-RA	GO:0005515
Tlin06107-RA	GO:0005515
Tlin06107-RA	GO:0005515
Tlin04027-RA	GO:0016020
Tlin04027-RA	GO:0016020
Tlin12135-RA	GO:0051287
Tlin12135-RA	GO:0051287
Tlin12135-RA	GO:0016616
Tlin01685-RA	GO:0031625
Tlin01685-RA	GO:0006511
Tlin01685-RA	GO:0031461
Tlin01685-RA	GO:0031625
Tlin01685-RA	GO:0006511
Tlin10297-RA	GO:0005515
Tlin10297-RA	GO:0005515
Tlin10297-RA	GO:0005515
Tlin10297-RA	GO:0005515
Tlin14394-RA	GO:0003677
Tlin14394-RA	GO:0003677
Tlin14394-RA	GO:0030527
Tlin14394-RA	GO:0000786
Tlin14394-RA	GO:0003677
Tlin14394-RA	GO:0030527
Tlin14394-RA	GO:0000786
Tlin14394-RA	GO:0046982
Tlin14394-RA	GO:0046982
Tlin14947-RA	GO:0003677
Tlin14947-RA	GO:0003677
Tlin14947-RA	GO:0030527
Tlin14947-RA	GO:0000786
Tlin14947-RA	GO:0003677
Tlin14947-RA	GO:0030527
Tlin14947-RA	GO:0000786
Tlin14947-RA	GO:0046982
Tlin14947-RA	GO:0046982
Tlin03849-RA	GO:0006811
Tlin03849-RA	GO:0016020
Tlin03849-RA	GO:0055085
Tlin03849-RA	GO:0005216
Tlin07633-RA	GO:0006355
Tlin07633-RA	GO:0003700
Tlin07633-RA	GO:0006355
Tlin07633-RA	GO:0003700
Tlin08143-RA	GO:0016020
Tlin08143-RA	GO:0016020
Tlin06584-RA	GO:0004222
Tlin06584-RA	GO:0005524
Tlin06584-RA	GO:0006508
Tlin06584-RA	GO:0004176
Tlin06584-RA	GO:0016887
Tlin06584-RA	GO:0005524
Tlin06584-RA	GO:0016887
Tlin06584-RA	GO:0005524
Tlin06584-RA	GO:0004222
Tlin06584-RA	GO:0005524
Tlin06584-RA	GO:0006508
Tlin06584-RA	GO:0004176
Tlin06584-RA	GO:0004222
Tlin06584-RA	GO:0005524
Tlin06584-RA	GO:0006508
Tlin06584-RA	GO:0004176
Tlin12069-RA	GO:0006123
Tlin12069-RA	GO:0005751
Tlin12069-RA	GO:0006123
Tlin12069-RA	GO:0005751
Tlin12069-RA	GO:0006123
Tlin12069-RA	GO:0005751
Tlin11985-RA	GO:0005840
Tlin11985-RA	GO:0006412
Tlin11985-RA	GO:0003735
Tlin11985-RA	GO:0005840
Tlin11985-RA	GO:0006412
Tlin11985-RA	GO:0003735
Tlin11985-RA	GO:0005840
Tlin11985-RA	GO:0006412
Tlin11985-RA	GO:0003735
Tlin11985-RA	GO:0005840
Tlin11985-RA	GO:0006412
Tlin11985-RA	GO:0003735
Tlin11985-RA	GO:0005840
Tlin11985-RA	GO:0006412
Tlin11985-RA	GO:0003735
Tlin01930-RA	GO:0003676
Tlin01930-RA	GO:0006417
Tlin01930-RA	GO:0045182
Tlin01930-RA	GO:0003730
Tlin01930-RA	GO:0003723
Tlin02865-RA	GO:0016491
Tlin00524-RA	GO:0003824
Tlin07582-RA	GO:0006470
Tlin07582-RA	GO:0004722
Tlin07582-RA	GO:0043169
Tlin08081-RA	GO:0038023
Tlin07001-RA	GO:0016567
Tlin07001-RA	GO:0004842
Tlin07001-RA	GO:0008270
Tlin07001-RA	GO:0008270
Tlin00574-RA	GO:0016491
Tlin00574-RA	GO:0006081
Tlin00574-RA	GO:0016491
Tlin00574-RA	GO:0016491
Tlin00574-RA	GO:0016620
Tlin00574-RA	GO:0016491
Tlin00574-RA	GO:0016491
Tlin02264-RA	GO:0016020
Tlin02264-RA	GO:0009922
Tlin02264-RA	GO:0016020
Tlin02264-RA	GO:0009922
Tlin04183-RA	GO:0003676
Tlin04183-RA	GO:0006139
Tlin04183-RA	GO:0008408
Tlin04183-RA	GO:0003676
Tlin11728-RA	GO:0009072
Tlin11728-RA	GO:0016701
Tlin11728-RA	GO:0003868
Tlin04339-RA	GO:0046873
Tlin04339-RA	GO:0006829
Tlin04339-RA	GO:0030001
Tlin04339-RA	GO:0046873
Tlin04339-RA	GO:0055085
Tlin04339-RA	GO:0016020
Tlin04339-RA	GO:0030001
Tlin04339-RA	GO:0046873
Tlin04339-RA	GO:0055085
Tlin04339-RA	GO:0016020
Tlin05997-RA	GO:0005524
Tlin05997-RA	GO:0006233
Tlin05997-RA	GO:0004798
Tlin03675-RA	GO:0005524
Tlin03675-RA	GO:0008094
Tlin12050-RA	GO:0016020
Tlin07618-RA	GO:0010468
Tlin02094-RA	GO:0016491
Tlin06466-RA	GO:0005515
Tlin06466-RA	GO:0004866
Tlin06466-RA	GO:0004866
Tlin06466-RA	GO:0005576
Tlin06466-RA	GO:0005515
Tlin06466-RA	GO:0005615
Tlin06466-RA	GO:0005576
Tlin06466-RA	GO:0005576
Tlin06466-RA	GO:0005515
Tlin04101-RA	GO:0006269
Tlin04101-RA	GO:0003896
Tlin04101-RA	GO:0006269
Tlin04101-RA	GO:0003896
Tlin06520-RA	GO:0006629
Tlin09821-RA	GO:0005515
Tlin06527-RA	GO:0005515
Tlin06527-RA	GO:0005515
Tlin02456-RA	GO:0005515
Tlin02456-RA	GO:0005515
Tlin02456-RA	GO:0005515
Tlin01824-RA	GO:0006811
Tlin01824-RA	GO:0016020
Tlin01824-RA	GO:0005230
Tlin01824-RA	GO:0006811
Tlin01824-RA	GO:0016020
Tlin01824-RA	GO:0005230
Tlin01824-RA	GO:0005216
Tlin01824-RA	GO:0016020
Tlin01824-RA	GO:0034220
Tlin01824-RA	GO:0004888
Tlin01824-RA	GO:0006811
Tlin01824-RA	GO:0016020
Tlin01824-RA	GO:0005230
Tlin01824-RA	GO:0016020
Tlin01824-RA	GO:0006811
Tlin01824-RA	GO:0016020
Tlin01824-RA	GO:0006811
Tlin03986-RA	GO:0070403
Tlin09823-RA	GO:0007165
Tlin09823-RA	GO:0043547
Tlin09823-RA	GO:0005096
Tlin09823-RA	GO:0005085
Tlin01248-RA	GO:0005576
Tlin13202-RA	GO:0003723
Tlin13202-RA	GO:0005840
Tlin13202-RA	GO:0006412
Tlin13202-RA	GO:0003735
Tlin13202-RA	GO:0005840
Tlin13202-RA	GO:0006412
Tlin13202-RA	GO:0003735
Tlin02809-RA	GO:0005524
Tlin02809-RA	GO:0006468
Tlin02809-RA	GO:0004672
Tlin02809-RA	GO:0006468
Tlin02809-RA	GO:0004672
Tlin04141-RA	GO:0016272
Tlin04141-RA	GO:0051082
Tlin04141-RA	GO:0006457
Tlin04141-RA	GO:0016272
Tlin04141-RA	GO:0006457
Tlin02557-RA	GO:0005515
Tlin02557-RA	GO:0005515
Tlin06983-RA	GO:0055085
Tlin06983-RA	GO:0022857
Tlin01707-RA	GO:0006606
Tlin01707-RA	GO:0031267
Tlin01707-RA	GO:0006886
Tlin11317-RA	GO:0019902
Tlin11317-RA	GO:0010923
Tlin11317-RA	GO:0019902
Tlin11317-RA	GO:0010923
Tlin02343-RA	GO:0097428
Tlin11275-RA	GO:0018216
Tlin11275-RA	GO:0016274
Tlin08146-RA	GO:0006508
Tlin08146-RA	GO:0004190
Tlin01372-RA	GO:0022857
Tlin01372-RA	GO:0055085
Tlin01372-RA	GO:0016020
Tlin05599-RA	GO:0007186
Tlin05599-RA	GO:0016020
Tlin05599-RA	GO:0004930
Tlin05599-RA	GO:0007186
Tlin05599-RA	GO:0016020
Tlin05599-RA	GO:0004930
Tlin10897-RA	GO:0008168
Tlin05356-RA	GO:0006357
Tlin05356-RA	GO:0016592
Tlin05356-RA	GO:0003712
Tlin00660-RA	GO:0006508
Tlin00660-RA	GO:0004252
Tlin00660-RA	GO:0006508
Tlin00660-RA	GO:0004252
Tlin00660-RA	GO:0006508
Tlin00660-RA	GO:0004252
Tlin07631-RA	GO:0005634
Tlin07631-RA	GO:0006355
Tlin07631-RA	GO:0003700
Tlin07631-RA	GO:0006355
Tlin07642-RA	GO:0006508
Tlin07642-RA	GO:0004252
Tlin07642-RA	GO:0006508
Tlin07642-RA	GO:0004252
Tlin07642-RA	GO:0006508
Tlin07642-RA	GO:0004252
Tlin11553-RA	GO:0006355
Tlin11553-RA	GO:0005634
Tlin11553-RA	GO:0005515
Tlin11553-RA	GO:0005515
Tlin11553-RA	GO:0005515
Tlin11553-RA	GO:0005515
Tlin11553-RA	GO:0005515
Tlin11553-RA	GO:0005515
Tlin11433-RA	GO:0005515
Tlin11323-RA	GO:0006122
Tlin11323-RA	GO:0005750
Tlin11323-RA	GO:0006122
Tlin11323-RA	GO:0005750
Tlin11323-RA	GO:0006122
Tlin11323-RA	GO:0005750
Tlin11323-RA	GO:0006122
Tlin11323-RA	GO:0005750
Tlin04593-RA	GO:0003723
Tlin04593-RA	GO:0005524
Tlin04593-RA	GO:0006432
Tlin04593-RA	GO:0000287
Tlin04593-RA	GO:0003723
Tlin04593-RA	GO:0003723
Tlin04593-RA	GO:0005515
Tlin04593-RA	GO:0005515
Tlin04593-RA	GO:0005515
Tlin04593-RA	GO:0005515
Tlin04593-RA	GO:0005515
Tlin04593-RA	GO:0005515
Tlin04593-RA	GO:0005515
Tlin04593-RA	GO:0005515
Tlin04593-RA	GO:0005515
Tlin04593-RA	GO:0005515
Tlin04593-RA	GO:0005515
Tlin04593-RA	GO:0004826
Tlin04593-RA	GO:0003723
Tlin04593-RA	GO:0003723
Tlin03988-RA	GO:0008061
Tlin03988-RA	GO:0005515
Tlin03988-RA	GO:0016020
Tlin03988-RA	GO:0005515
Tlin03988-RA	GO:0006508
Tlin03988-RA	GO:0004252
Tlin03988-RA	GO:0006508
Tlin03988-RA	GO:0004252
Tlin03988-RA	GO:0005515
Tlin03988-RA	GO:0016020
Tlin03988-RA	GO:0008061
Tlin03988-RA	GO:0005576
Tlin03988-RA	GO:0008061
Tlin03988-RA	GO:0005576
Tlin03988-RA	GO:0008061
Tlin03988-RA	GO:0005576
Tlin03988-RA	GO:0005515
Tlin03988-RA	GO:0005515
Tlin03988-RA	GO:0005515
Tlin03988-RA	GO:0008061
Tlin03988-RA	GO:0005515
Tlin03988-RA	GO:0005515
Tlin03988-RA	GO:0005515
Tlin03988-RA	GO:0005515
Tlin03988-RA	GO:0005515
Tlin03988-RA	GO:0016020
Tlin03988-RA	GO:0030896
Tlin03988-RA	GO:0000077
Tlin03988-RA	GO:0016020
Tlin03988-RA	GO:0005044
Tlin03988-RA	GO:0016020
Tlin03988-RA	GO:0005044
Tlin03988-RA	GO:0016020
Tlin03988-RA	GO:0005044
Tlin03988-RA	GO:0005515
Tlin03988-RA	GO:0006508
Tlin03988-RA	GO:0004252
Tlin03988-RA	GO:0008061
Tlin03988-RA	GO:0016020
Tlin00437-RA	GO:0055085
Tlin00437-RA	GO:0022857
Tlin00437-RA	GO:0055085
Tlin00437-RA	GO:0022857
Tlin05242-RA	GO:0005515
Tlin05242-RA	GO:0005515
Tlin05242-RA	GO:0005515
Tlin05242-RA	GO:0005515
Tlin05242-RA	GO:0005515
Tlin05242-RA	GO:0005515
Tlin05242-RA	GO:0005515
Tlin05242-RA	GO:0005515
Tlin05242-RA	GO:0005515
Tlin14706-RA	GO:0003723
Tlin14706-RA	GO:0003676
Tlin12172-RA	GO:0003723
Tlin12172-RA	GO:0003676
Tlin09907-RA	GO:0006470
Tlin09907-RA	GO:0004722
Tlin09907-RA	GO:0043169
Tlin04688-RA	GO:0005549
Tlin04688-RA	GO:0005549
Tlin04688-RA	GO:0005549
Tlin02765-RA	GO:0008234
Tlin02765-RA	GO:0006508
Tlin02765-RA	GO:0008234
Tlin00061-RA	GO:0007165
Tlin00061-RA	GO:0005515
Tlin06373-RA	GO:0007186
Tlin06373-RA	GO:0016020
Tlin06373-RA	GO:0004930
Tlin10724-RA	GO:0006207
Tlin10724-RA	GO:0004590
Tlin10724-RA	GO:0006207
Tlin10724-RA	GO:0004590
Tlin03594-RA	GO:0022857
Tlin03594-RA	GO:0055085
Tlin03594-RA	GO:0016020
Tlin03594-RA	GO:0022857
Tlin03594-RA	GO:0055085
Tlin03594-RA	GO:0016020
Tlin03594-RA	GO:0022857
Tlin03594-RA	GO:0055085
Tlin03594-RA	GO:0016020
Tlin03594-RA	GO:0022857
Tlin03594-RA	GO:0055085
Tlin03594-RA	GO:0016020
Tlin03594-RA	GO:0051119
Tlin03594-RA	GO:0008643
Tlin11263-RA	GO:0033588
Tlin11263-RA	GO:0002098
Tlin11263-RA	GO:0033588
Tlin11263-RA	GO:0002098
Tlin13694-RA	GO:0005524
Tlin13694-RA	GO:0005694
Tlin13694-RA	GO:0051276
Tlin13694-RA	GO:0005515
Tlin13694-RA	GO:0005524
Tlin13694-RA	GO:0005694
Tlin13694-RA	GO:0051276
Tlin13694-RA	GO:0005515
Tlin10416-RA	GO:0046328
Tlin10416-RA	GO:0005515
Tlin10416-RA	GO:0005515
Tlin02175-RA	GO:0008540
Tlin02175-RA	GO:0006511
Tlin13118-RA	GO:0006281
Tlin13118-RA	GO:0003684
Tlin13118-RA	GO:0006281
Tlin13118-RA	GO:0003684
Tlin13118-RA	GO:0006281
Tlin13118-RA	GO:0003684
Tlin13118-RA	GO:0006281
Tlin06498-RA	GO:0016787
Tlin06498-RA	GO:0009166
Tlin06498-RA	GO:0016787
Tlin06498-RA	GO:0009166
Tlin06498-RA	GO:0016787
Tlin06498-RA	GO:0009166
Tlin06498-RA	GO:0016787
Tlin06498-RA	GO:0016787
Tlin06498-RA	GO:0009166
Tlin04159-RA	GO:0005524
Tlin04159-RA	GO:0006468
Tlin04159-RA	GO:0004672
Tlin10585-RA	GO:0006355
Tlin10585-RA	GO:0003690
Tlin12609-RA	GO:0097193
Tlin12609-RA	GO:0097193
Tlin13446-RA	GO:0003677
Tlin08237-RA	GO:0007186
Tlin08237-RA	GO:0016020
Tlin08237-RA	GO:0004930
Tlin08237-RA	GO:0007186
Tlin08237-RA	GO:0016020
Tlin08237-RA	GO:0004930
Tlin08284-RA	GO:0022604
Tlin08284-RA	GO:0007010
Tlin08284-RA	GO:0016043
Tlin08284-RA	GO:0003779
Tlin08284-RA	GO:0030036
Tlin08284-RA	GO:0031267
Tlin08284-RA	GO:0003779
Tlin08284-RA	GO:0030036
Tlin08284-RA	GO:0031267
Tlin08284-RA	GO:0003779
Tlin06444-RA	GO:0016298
Tlin06444-RA	GO:0016298
Tlin06444-RA	GO:0016298
Tlin06444-RA	GO:0016298
Tlin14815-RA	GO:0047464
Tlin14815-RA	GO:0015012
Tlin10346-RA	GO:0005615
Tlin10346-RA	GO:0004867
Tlin04219-RA	GO:0005576
Tlin04219-RA	GO:0005576
Tlin04219-RA	GO:0005576
Tlin08213-RA	GO:0005515
Tlin08213-RA	GO:0005515
Tlin08213-RA	GO:0005515
Tlin01658-RA	GO:0005515
Tlin01658-RA	GO:0005515
Tlin01658-RA	GO:0005515
Tlin01658-RA	GO:0005515
Tlin01658-RA	GO:0005515
Tlin01658-RA	GO:0005515
Tlin01658-RA	GO:0005515
Tlin01658-RA	GO:0005515
Tlin01658-RA	GO:0005515
Tlin01658-RA	GO:0005515
Tlin01658-RA	GO:0005515
Tlin01658-RA	GO:0005515
Tlin01658-RA	GO:0005515
Tlin01658-RA	GO:0005515
Tlin01658-RA	GO:0005515
Tlin01658-RA	GO:0005515
Tlin01658-RA	GO:0005515
Tlin01658-RA	GO:0005515
Tlin12800-RA	GO:0003676
Tlin09057-RA	GO:0005758
Tlin09057-RA	GO:0016531
Tlin09057-RA	GO:0005507
Tlin09057-RA	GO:0005758
Tlin09057-RA	GO:0016531
Tlin09057-RA	GO:0005507
Tlin04132-RA	GO:0009058
Tlin04132-RA	GO:0009058
Tlin04132-RA	GO:0016491
Tlin04132-RA	GO:0009058
Tlin04132-RA	GO:0003824
Tlin04132-RA	GO:0009058
Tlin04132-RA	GO:0016491
Tlin04132-RA	GO:0016620
Tlin04132-RA	GO:0016491
Tlin04132-RA	GO:0016491
Tlin04132-RA	GO:0016491
Tlin01886-RA	GO:0005515
Tlin01886-RA	GO:0005515
Tlin01886-RA	GO:0005515
Tlin01886-RA	GO:0005515
Tlin01886-RA	GO:0005515
Tlin01886-RA	GO:0005515
Tlin01886-RA	GO:0005509
Tlin01886-RA	GO:0005515
Tlin01886-RA	GO:0005515
Tlin01886-RA	GO:0005515
Tlin01886-RA	GO:0005515
Tlin01886-RA	GO:0005515
Tlin01886-RA	GO:0005515
Tlin01886-RA	GO:0005515
Tlin01886-RA	GO:0005515
Tlin01886-RA	GO:0005515
Tlin12445-RA	GO:0005525
Tlin12445-RA	GO:0005525
Tlin12445-RA	GO:0003924
Tlin04191-RA	GO:0007517
Tlin04191-RA	GO:0006355
Tlin04191-RA	GO:0046983
Tlin04191-RA	GO:0046983
Tlin04191-RA	GO:0046983
Tlin03310-RA	GO:0005515
Tlin03310-RA	GO:0005515
Tlin03310-RA	GO:0016020
Tlin03310-RA	GO:0031267
Tlin03310-RA	GO:0006887
Tlin03310-RA	GO:0005515
Tlin14637-RA	GO:0003721
Tlin14637-RA	GO:0003677
Tlin05270-RA	GO:0005524
Tlin05270-RA	GO:0003676
Tlin05270-RA	GO:0008270
Tlin05270-RA	GO:0003676
Tlin14420-RA	GO:0008270
Tlin14420-RA	GO:0008270
Tlin14420-RA	GO:0003677
Tlin02728-RA	GO:0016573
Tlin02728-RA	GO:0000123
Tlin02728-RA	GO:0016573
Tlin02728-RA	GO:0000123
Tlin07941-RA	GO:0022857
Tlin07941-RA	GO:0055085
Tlin07941-RA	GO:0016020
Tlin07941-RA	GO:0022857
Tlin07941-RA	GO:0055085
Tlin07941-RA	GO:0016020
Tlin06327-RA	GO:0016567
Tlin06327-RA	GO:0061630
Tlin06327-RA	GO:0016020
Tlin06327-RA	GO:0016567
Tlin06327-RA	GO:0061630
Tlin06327-RA	GO:0016020
Tlin07146-RA	GO:0016972
Tlin07146-RA	GO:0016971
Tlin07146-RA	GO:0016972
Tlin07146-RA	GO:0016972
Tlin14429-RA	GO:0003676
Tlin07562-RA	GO:0006355
Tlin07562-RA	GO:0043565
Tlin07562-RA	GO:0003700
Tlin07562-RA	GO:0006355
Tlin07562-RA	GO:0043565
Tlin07562-RA	GO:0003700
Tlin10861-RA	GO:0005549
Tlin10861-RA	GO:0007608
Tlin10861-RA	GO:0016020
Tlin10861-RA	GO:0004984
Tlin10861-RA	GO:0005549
Tlin10861-RA	GO:0007608
Tlin10861-RA	GO:0016020
Tlin10861-RA	GO:0004984
Tlin04477-RA	GO:0006811
Tlin04477-RA	GO:0016020
Tlin04477-RA	GO:0055085
Tlin04477-RA	GO:0005216
Tlin09326-RA	GO:0051260
Tlin13665-RA	GO:0005549
Tlin13665-RA	GO:0007608
Tlin13665-RA	GO:0016020
Tlin13665-RA	GO:0004984
Tlin13665-RA	GO:0005549
Tlin13665-RA	GO:0007608
Tlin13665-RA	GO:0016020
Tlin13665-RA	GO:0004984
Tlin09883-RA	GO:0046983
Tlin09883-RA	GO:0046983
Tlin09883-RA	GO:0046983
Tlin09343-RA	GO:1905515
Tlin09343-RA	GO:0034464
Tlin09343-RA	GO:0005515
Tlin00667-RA	GO:0030433
Tlin00667-RA	GO:0034450
Tlin00667-RA	GO:0000151
Tlin00667-RA	GO:0016567
Tlin00667-RA	GO:0004842
Tlin00667-RA	GO:0006511
Tlin00667-RA	GO:0016567
Tlin00667-RA	GO:0034450
Tlin00667-RA	GO:0000151
Tlin05667-RA	GO:0007275
Tlin05667-RA	GO:0006511
Tlin05667-RA	GO:0006511
Tlin05667-RA	GO:0007275
Tlin05667-RA	GO:0005737
Tlin05667-RA	GO:0006511
Tlin05667-RA	GO:0007275
Tlin05667-RA	GO:0005737
Tlin07592-RA	GO:0007165
Tlin07592-RA	GO:0005515
Tlin09547-RA	GO:0006468
Tlin09547-RA	GO:0004672
Tlin09547-RA	GO:0005524
Tlin09547-RA	GO:0006468
Tlin09547-RA	GO:0004672
Tlin09547-RA	GO:0005524
Tlin13844-RA	GO:0000166
Tlin06085-RA	GO:0005681
Tlin06085-RA	GO:0000387
Tlin06085-RA	GO:0000398
Tlin07331-RA	GO:0008270
Tlin07331-RA	GO:0008237
Tlin02704-RA	GO:0042765
Tlin02704-RA	GO:0016255
Tlin02704-RA	GO:0042765
Tlin02704-RA	GO:0016255
Tlin02704-RA	GO:0042765
Tlin02704-RA	GO:0016255
Tlin11206-RA	GO:0005762
Tlin11206-RA	GO:0003735
Tlin11206-RA	GO:0005762
Tlin11206-RA	GO:0003735
Tlin07292-RA	GO:0032543
Tlin07292-RA	GO:0003735
Tlin11699-RA	GO:0016791
Tlin11699-RA	GO:0016311
Tlin11699-RA	GO:0006470
Tlin11699-RA	GO:0004725
Tlin00468-RA	GO:0051056
Tlin00468-RA	GO:0005096
Tlin00468-RA	GO:0051056
Tlin00468-RA	GO:0005096
Tlin00468-RA	GO:0051056
Tlin00468-RA	GO:0005096
Tlin08902-RA	GO:0005515
Tlin08902-RA	GO:0005515
Tlin08902-RA	GO:0005515
Tlin08902-RA	GO:0005515
Tlin03016-RA	GO:0071985
Tlin03016-RA	GO:0000814
Tlin06688-RA	GO:0005524
Tlin06688-RA	GO:0006468
Tlin06688-RA	GO:0004672
Tlin06688-RA	GO:0004674
Tlin06688-RA	GO:0005524
Tlin12142-RA	GO:0006355
Tlin14738-RA	GO:0006099
Tlin14738-RA	GO:0030976
Tlin14738-RA	GO:0004591
Tlin14738-RA	GO:0016624
Tlin04944-RA	GO:0005254
Tlin11095-RA	GO:0006355
Tlin11095-RA	GO:0003700
Tlin11095-RA	GO:0006355
Tlin11095-RA	GO:0003700
Tlin11095-RA	GO:0006355
Tlin11095-RA	GO:0003700
Tlin00334-RA	GO:0003676
Tlin06288-RA	GO:0005758
Tlin11744-RA	GO:0006468
Tlin11744-RA	GO:0004672
Tlin11744-RA	GO:0005524
Tlin11744-RA	GO:0006468
Tlin11744-RA	GO:0004672
Tlin11744-RA	GO:0005524
Tlin11871-RA	GO:0008137
Tlin11871-RA	GO:0016651
Tlin04782-RA	GO:0016020
Tlin04782-RA	GO:0015018
Tlin04782-RA	GO:0016020
Tlin04782-RA	GO:0015018
Tlin04782-RA	GO:0016020
Tlin04782-RA	GO:0015018
Tlin11235-RA	GO:0019752
Tlin11235-RA	GO:0030170
Tlin11235-RA	GO:0016830
Tlin11235-RA	GO:0003824
Tlin11235-RA	GO:0003824
Tlin11235-RA	GO:0016831
Tlin11345-RA	GO:0005524
Tlin11345-RA	GO:0006468
Tlin11345-RA	GO:0004672
Tlin11345-RA	GO:0005524
Tlin11345-RA	GO:0006468
Tlin11345-RA	GO:0004672
Tlin11345-RA	GO:0005524
Tlin11345-RA	GO:0016459
Tlin11345-RA	GO:0003774
Tlin11839-RA	GO:0046983
Tlin11839-RA	GO:0046983
Tlin11839-RA	GO:0046983
Tlin06923-RA	GO:0005515
Tlin06923-RA	GO:0005078
Tlin07782-RA	GO:0005515
Tlin07782-RA	GO:0005515
Tlin07782-RA	GO:0005515
Tlin04811-RA	GO:0022857
Tlin04811-RA	GO:0055085
Tlin04811-RA	GO:0016020
Tlin13454-RA	GO:0008299
Tlin13454-RA	GO:0016765
Tlin13454-RA	GO:0008299
Tlin12874-RA	GO:0046168
Tlin12874-RA	GO:0051287
Tlin12874-RA	GO:0016616
Tlin12874-RA	GO:0016491
Tlin12874-RA	GO:0009331
Tlin12874-RA	GO:0047952
Tlin12874-RA	GO:0006072
Tlin12874-RA	GO:0047952
Tlin12874-RA	GO:0005975
Tlin09267-RA	GO:0005634
Tlin09267-RA	GO:0006281
Tlin09267-RA	GO:0003684
Tlin05014-RA	GO:0016972
Tlin05014-RA	GO:0016972
Tlin05014-RA	GO:0016971
Tlin05014-RA	GO:0016972
Tlin01460-RA	GO:0016020
Tlin01460-RA	GO:0006811
Tlin01460-RA	GO:0005216
Tlin01460-RA	GO:0016020
Tlin01460-RA	GO:0034220
Tlin01460-RA	GO:0004888
Tlin01460-RA	GO:0016020
Tlin01460-RA	GO:0006811
Tlin01460-RA	GO:0006811
Tlin01460-RA	GO:0016020
Tlin01460-RA	GO:0005230
Tlin01460-RA	GO:0006811
Tlin01460-RA	GO:0016020
Tlin01460-RA	GO:0005230
Tlin01460-RA	GO:0006811
Tlin01460-RA	GO:0016020
Tlin01460-RA	GO:0005230
Tlin13837-RA	GO:0016747
Tlin03426-RA	GO:0008420
Tlin04554-RA	GO:0016020
Tlin04554-RA	GO:0071805
Tlin04554-RA	GO:0005267
Tlin13487-RA	GO:0006508
Tlin13487-RA	GO:0004252
Tlin13487-RA	GO:0006508
Tlin13487-RA	GO:0004252
Tlin13487-RA	GO:0006508
Tlin13487-RA	GO:0004252
Tlin10558-RA	GO:0016020
Tlin10558-RA	GO:0055085
Tlin10558-RA	GO:0015267
Tlin10558-RA	GO:0016020
Tlin10558-RA	GO:0055085
Tlin10558-RA	GO:0015267
Tlin14907-RA	GO:0003676
Tlin14907-RA	GO:0015074
Tlin05923-RA	GO:0016020
Tlin05923-RA	GO:0015276
Tlin04214-RA	GO:0060294
Tlin04572-RA	GO:0007264
Tlin04572-RA	GO:0005085
Tlin04572-RA	GO:0007264
Tlin04572-RA	GO:0005085
Tlin04572-RA	GO:0007264
Tlin04572-RA	GO:0005085
Tlin14961-RA	GO:0006310
Tlin14961-RA	GO:0015074
Tlin14961-RA	GO:0003677
Tlin14961-RA	GO:0003677
Tlin14961-RA	GO:0006310
Tlin14961-RA	GO:0015074
Tlin14961-RA	GO:0003677
Tlin04473-RA	GO:0008194
Tlin04473-RA	GO:0008194
Tlin03901-RA	GO:0008061
Tlin03901-RA	GO:0008061
Tlin03901-RA	GO:0005576
Tlin03901-RA	GO:0008061
Tlin03901-RA	GO:0005576
Tlin01633-RA	GO:0046983
Tlin01633-RA	GO:0046983
Tlin01633-RA	GO:0046983
Tlin01633-RA	GO:0006355
Tlin01633-RA	GO:0003677
Tlin09913-RA	GO:0008324
Tlin09913-RA	GO:0016020
Tlin09913-RA	GO:0055085
Tlin09913-RA	GO:0006812
Tlin12753-RA	GO:0031083
Tlin12753-RA	GO:0031083
Tlin11663-RA	GO:0003824
Tlin11663-RA	GO:0019752
Tlin11663-RA	GO:0030170
Tlin11663-RA	GO:0016830
Tlin11663-RA	GO:0016831
Tlin11663-RA	GO:0003824
Tlin06677-RA	GO:0022857
Tlin06677-RA	GO:0055085
Tlin06677-RA	GO:0016020
Tlin12418-RA	GO:0003676
Tlin12418-RA	GO:0008270
Tlin12418-RA	GO:0003676
Tlin01466-RA	GO:0005515
Tlin01466-RA	GO:0005515
Tlin01466-RA	GO:0005515
Tlin01466-RA	GO:0005515
Tlin01466-RA	GO:0005515
Tlin01466-RA	GO:0005515
Tlin01466-RA	GO:0005515
Tlin01466-RA	GO:0005515
Tlin01466-RA	GO:0005515
Tlin01466-RA	GO:0005515
Tlin01466-RA	GO:0005515
Tlin01466-RA	GO:0005515
Tlin01466-RA	GO:0005515
Tlin01466-RA	GO:0005515
Tlin01466-RA	GO:0005515
Tlin01466-RA	GO:0005515
Tlin01466-RA	GO:0005515
Tlin01466-RA	GO:0005515
Tlin01466-RA	GO:0005515
Tlin01466-RA	GO:0005515
Tlin01466-RA	GO:0005515
Tlin01466-RA	GO:0005515
Tlin01466-RA	GO:0005515
Tlin01466-RA	GO:0005515
Tlin01466-RA	GO:0005515
Tlin01466-RA	GO:0005515
Tlin01466-RA	GO:0005515
Tlin01466-RA	GO:0005515
Tlin01466-RA	GO:0005515
Tlin01466-RA	GO:0005515
Tlin11307-RA	GO:0005515
Tlin11307-RA	GO:0005515
Tlin11307-RA	GO:0005515
Tlin11307-RA	GO:0005515
Tlin11307-RA	GO:0005515
Tlin11307-RA	GO:0005515
Tlin11307-RA	GO:0006355
Tlin11307-RA	GO:0005634
Tlin08575-RA	GO:0005515
Tlin08575-RA	GO:0005515
Tlin08575-RA	GO:0005515
Tlin08575-RA	GO:0005515
Tlin08575-RA	GO:0005515
Tlin08575-RA	GO:0005515
Tlin00805-RA	GO:0032012
Tlin00805-RA	GO:0005085
Tlin10079-RA	GO:0005515
Tlin10079-RA	GO:0005515
Tlin10079-RA	GO:0005515
Tlin04855-RA	GO:0005515
Tlin04855-RA	GO:0005515
Tlin04855-RA	GO:0005515
Tlin04855-RA	GO:0005515
Tlin04855-RA	GO:0005515
Tlin04855-RA	GO:0005515
Tlin04855-RA	GO:0005515
Tlin04855-RA	GO:0005515
Tlin04855-RA	GO:0046983
Tlin04855-RA	GO:0005515
Tlin00390-RA	GO:0005515
Tlin00390-RA	GO:0005515
Tlin10769-RA	GO:0005840
Tlin10769-RA	GO:0006412
Tlin10769-RA	GO:0003735
Tlin10769-RA	GO:0005840
Tlin10769-RA	GO:0006412
Tlin10769-RA	GO:0003735
Tlin08798-RA	GO:0016020
Tlin08372-RA	GO:0005664
Tlin08372-RA	GO:0006260
Tlin08372-RA	GO:0003677
Tlin08372-RA	GO:0006260
Tlin08372-RA	GO:0005664
Tlin05957-RA	GO:0016849
Tlin05957-RA	GO:0035556
Tlin05957-RA	GO:0009190
Tlin05957-RA	GO:0035556
Tlin05957-RA	GO:0009190
Tlin05957-RA	GO:0035556
Tlin05957-RA	GO:0009190
Tlin04194-RA	GO:0004826
Tlin04194-RA	GO:0003723
Tlin04194-RA	GO:0006432
Tlin04194-RA	GO:0004826
Tlin04194-RA	GO:0005515
Tlin04194-RA	GO:0005515
Tlin00244-RA	GO:0070403
Tlin00244-RA	GO:0006631
Tlin00244-RA	GO:0016491
Tlin00244-RA	GO:0016616
Tlin00244-RA	GO:0006631
Tlin00244-RA	GO:0016491
Tlin00244-RA	GO:0016616
Tlin00244-RA	GO:0006631
Tlin00244-RA	GO:0016491
Tlin14491-RA	GO:0005549
Tlin14491-RA	GO:0007608
Tlin14491-RA	GO:0016020
Tlin14491-RA	GO:0004984
Tlin14491-RA	GO:0005549
Tlin14491-RA	GO:0007608
Tlin14491-RA	GO:0016020
Tlin14491-RA	GO:0004984
Tlin07186-RA	GO:0003676
Tlin07186-RA	GO:0003723
Tlin07186-RA	GO:0003723
Tlin07361-RA	GO:0016020
Tlin12745-RA	GO:0003676
Tlin12745-RA	GO:0016791
Tlin12745-RA	GO:0016311
Tlin12745-RA	GO:0016311
Tlin12745-RA	GO:0008138
Tlin12745-RA	GO:0003723
Tlin12745-RA	GO:0003723
Tlin13269-RA	GO:0008023
Tlin12334-RA	GO:0005524
Tlin12334-RA	GO:0005515
Tlin12334-RA	GO:0005524
Tlin12334-RA	GO:0006468
Tlin12334-RA	GO:0004672
Tlin12334-RA	GO:0005524
Tlin12334-RA	GO:0006468
Tlin12334-RA	GO:0004672
Tlin14034-RA	GO:0003676
Tlin00431-RA	GO:0005515
Tlin00925-RA	GO:0008194
Tlin00925-RA	GO:0008194
Tlin04098-RA	GO:0006886
Tlin04098-RA	GO:0016192
Tlin04098-RA	GO:0030130
Tlin04098-RA	GO:0030132
Tlin04098-RA	GO:0005198
Tlin04098-RA	GO:0005515
Tlin04098-RA	GO:0005515
Tlin04098-RA	GO:0005515
Tlin04098-RA	GO:0005515
Tlin04098-RA	GO:0006886
Tlin04098-RA	GO:0016192
Tlin04098-RA	GO:0030130
Tlin04098-RA	GO:0030132
Tlin04098-RA	GO:0005198
Tlin04098-RA	GO:0006886
Tlin04098-RA	GO:0016192
Tlin04098-RA	GO:0030130
Tlin04098-RA	GO:0030132
Tlin04098-RA	GO:0005198
Tlin04098-RA	GO:0016192
Tlin04098-RA	GO:0006886
Tlin04098-RA	GO:0016192
Tlin04098-RA	GO:0006886
Tlin04098-RA	GO:0016192
Tlin04098-RA	GO:0006886
Tlin04098-RA	GO:0016192
Tlin04098-RA	GO:0006886
Tlin04098-RA	GO:0016192
Tlin04098-RA	GO:0006886
Tlin04098-RA	GO:0016192
Tlin04098-RA	GO:0006886
Tlin04098-RA	GO:0016192
Tlin04098-RA	GO:0006886
Tlin03656-RA	GO:0006511
Tlin03656-RA	GO:0004843
Tlin03656-RA	GO:0006511
Tlin03656-RA	GO:0004843
Tlin03656-RA	GO:0016579
Tlin03656-RA	GO:0004843
Tlin03656-RA	GO:0004843
Tlin04129-RA	GO:0005515
Tlin04129-RA	GO:0005515
Tlin04129-RA	GO:0006289
Tlin04129-RA	GO:0043161
Tlin04129-RA	GO:0003684
Tlin04129-RA	GO:0006289
Tlin04129-RA	GO:0043161
Tlin04129-RA	GO:0003684
Tlin04129-RA	GO:0006289
Tlin04129-RA	GO:0043161
Tlin04129-RA	GO:0003684
Tlin04129-RA	GO:0005515
Tlin12120-RA	GO:0005840
Tlin12120-RA	GO:0006412
Tlin12120-RA	GO:0003735
Tlin12120-RA	GO:0005840
Tlin12120-RA	GO:0006412
Tlin12120-RA	GO:0003735
Tlin12120-RA	GO:0005840
Tlin12120-RA	GO:0006412
Tlin12120-RA	GO:0003735
Tlin12120-RA	GO:0006412
Tlin12120-RA	GO:0015935
Tlin12120-RA	GO:0003735
Tlin11319-RA	GO:0006915
Tlin01359-RA	GO:0005515
Tlin01359-RA	GO:0005515
Tlin01359-RA	GO:0005515
Tlin01359-RA	GO:0006364
Tlin01359-RA	GO:0005515
Tlin05038-RA	GO:0016301
Tlin05038-RA	GO:0005975
Tlin05038-RA	GO:0016773
Tlin05038-RA	GO:0005975
Tlin05038-RA	GO:0016301
Tlin05038-RA	GO:0005975
Tlin12054-RA	GO:0050909
Tlin12054-RA	GO:0016020
Tlin09000-RA	GO:0015031
Tlin09000-RA	GO:0005789
Tlin09000-RA	GO:0015031
Tlin09000-RA	GO:0005789
Tlin01515-RA	GO:0046872
Tlin01515-RA	GO:0016791
Tlin01515-RA	GO:0016311
Tlin02621-RA	GO:0005515
Tlin02621-RA	GO:0005515
Tlin10436-RA	GO:0070988
Tlin07608-RA	GO:0005515
Tlin07608-RA	GO:0005515
Tlin10695-RA	GO:0044183
Tlin10695-RA	GO:0045048
Tlin10695-RA	GO:0005789
Tlin10695-RA	GO:0044183
Tlin10695-RA	GO:0045048
Tlin10695-RA	GO:0005789
Tlin10695-RA	GO:0006357
Tlin01438-RA	GO:0051377
Tlin01438-RA	GO:0006506
Tlin01438-RA	GO:0051377
Tlin01438-RA	GO:0006506
Tlin07948-RA	GO:0005524
Tlin07948-RA	GO:0005524
Tlin07948-RA	GO:0006468
Tlin07948-RA	GO:0004672
Tlin08085-RA	GO:0005840
Tlin08085-RA	GO:0006412
Tlin08085-RA	GO:0003735
Tlin08085-RA	GO:0005840
Tlin08085-RA	GO:0006412
Tlin08085-RA	GO:0003735
Tlin08085-RA	GO:0019843
Tlin08085-RA	GO:0005840
Tlin08085-RA	GO:0006412
Tlin08085-RA	GO:0003735
Tlin07007-RA	GO:0005524
Tlin07007-RA	GO:0005524
Tlin04133-RA	GO:0006096
Tlin04133-RA	GO:0004618
Tlin04133-RA	GO:0006096
Tlin04133-RA	GO:0004618
Tlin04133-RA	GO:0006096
Tlin04133-RA	GO:0004618
Tlin04133-RA	GO:0006096
Tlin04133-RA	GO:0004618
Tlin04133-RA	GO:0006096
Tlin04133-RA	GO:0004618
Tlin12948-RA	GO:0003779
Tlin12948-RA	GO:0007009
Tlin01453-RA	GO:0003723
Tlin01453-RA	GO:0000178
Tlin01453-RA	GO:0003723
Tlin01453-RA	GO:0003723
Tlin02063-RA	GO:0043565
Tlin11166-RA	GO:0005524
Tlin11166-RA	GO:0006418
Tlin11166-RA	GO:0004812
Tlin11166-RA	GO:0005524
Tlin11166-RA	GO:0006418
Tlin11166-RA	GO:0004812
Tlin11166-RA	GO:0005524
Tlin11166-RA	GO:0043039
Tlin11166-RA	GO:0004812
Tlin11166-RA	GO:0004827
Tlin11166-RA	GO:0005524
Tlin11166-RA	GO:0005737
Tlin11166-RA	GO:0006433
Tlin11166-RA	GO:0000166
Tlin11166-RA	GO:0005524
Tlin11166-RA	GO:0006418
Tlin11166-RA	GO:0004812
Tlin11166-RA	GO:0005524
Tlin11166-RA	GO:0006418
Tlin11166-RA	GO:0004812
Tlin11166-RA	GO:0005524
Tlin11166-RA	GO:0006418
Tlin11166-RA	GO:0004812
Tlin11166-RA	GO:0006412
Tlin11166-RA	GO:0005524
Tlin11166-RA	GO:0005524
Tlin11166-RA	GO:0005737
Tlin11166-RA	GO:0006433
Tlin11166-RA	GO:0004827
Tlin11166-RA	GO:0004812
Tlin11166-RA	GO:0005524
Tlin11166-RA	GO:0006418
Tlin11166-RA	GO:0000166
Tlin11166-RA	GO:0004827
Tlin11166-RA	GO:0005524
Tlin11166-RA	GO:0005737
Tlin11166-RA	GO:0006433
Tlin11166-RA	GO:0000166
Tlin11166-RA	GO:0004812
Tlin11166-RA	GO:0005524
Tlin11166-RA	GO:0005737
Tlin11166-RA	GO:0006418
Tlin11166-RA	GO:0000166
Tlin11166-RA	GO:0004827
Tlin11166-RA	GO:0005524
Tlin11166-RA	GO:0005737
Tlin11166-RA	GO:0006433
Tlin11166-RA	GO:0000166
Tlin11166-RA	GO:0004812
Tlin11166-RA	GO:0005524
Tlin11166-RA	GO:0006418
Tlin11166-RA	GO:0000166
Tlin11166-RA	GO:0005524
Tlin11166-RA	GO:0006418
Tlin11166-RA	GO:0004812
Tlin07431-RA	GO:0016020
Tlin07431-RA	GO:0015276
Tlin07431-RA	GO:0016020
Tlin07431-RA	GO:0004970
Tlin07431-RA	GO:0016020
Tlin07431-RA	GO:0015276
Tlin10366-RA	GO:0008509
Tlin10366-RA	GO:0016020
Tlin10366-RA	GO:0006820
Tlin10366-RA	GO:0006820
Tlin10366-RA	GO:0016020
Tlin10366-RA	GO:0005452
Tlin10366-RA	GO:0016020
Tlin10366-RA	GO:0006820
Tlin10283-RA	GO:0005515
Tlin10283-RA	GO:0005515
Tlin10283-RA	GO:0005515
Tlin04467-RA	GO:0022857
Tlin03027-RA	GO:0005515
Tlin03027-RA	GO:0005515
Tlin01562-RA	GO:0046872
Tlin01562-RA	GO:0004842
Tlin01702-RA	GO:0005524
Tlin01702-RA	GO:0016887
Tlin01702-RA	GO:0005524
Tlin01702-RA	GO:0005524
Tlin14046-RA	GO:0006313
Tlin14046-RA	GO:0004803
Tlin09095-RA	GO:0005525
Tlin09095-RA	GO:0003924
Tlin10595-RA	GO:0006383
Tlin10595-RA	GO:0005666
Tlin08901-RA	GO:0008033
Tlin08901-RA	GO:0042781
Tlin07327-RA	GO:0006400
Tlin07327-RA	GO:0003723
Tlin07327-RA	GO:0003723
Tlin02269-RA	GO:0016298
Tlin02177-RA	GO:0000813
Tlin02177-RA	GO:0000813
Tlin12291-RA	GO:0005524
Tlin12291-RA	GO:0006468
Tlin12291-RA	GO:0004672
Tlin12291-RA	GO:0005524
Tlin12291-RA	GO:0006468
Tlin12291-RA	GO:0004672
Tlin12291-RA	GO:0008353
Tlin12291-RA	GO:0070985
Tlin12291-RA	GO:0005675
Tlin08919-RA	GO:0006813
Tlin08919-RA	GO:0016020
Tlin08919-RA	GO:0005242
Tlin09943-RA	GO:0006468
Tlin09943-RA	GO:0004672
Tlin09943-RA	GO:0005515
Tlin09943-RA	GO:0005524
Tlin09943-RA	GO:0006468
Tlin09943-RA	GO:0004672
Tlin09943-RA	GO:0005524
Tlin09943-RA	GO:0006468
Tlin09943-RA	GO:0004672
Tlin09943-RA	GO:0005524
Tlin00063-RA	GO:0016020
Tlin00063-RA	GO:0005524
Tlin00063-RA	GO:0005524
Tlin00063-RA	GO:0005524
Tlin00063-RA	GO:0016020
Tlin00063-RA	GO:0005524
Tlin00063-RA	GO:0140359
Tlin00063-RA	GO:0016887
Tlin00063-RA	GO:0005524
Tlin00063-RA	GO:0016020
Tlin00063-RA	GO:0055085
Tlin00063-RA	GO:0140359
Tlin00063-RA	GO:0005524
Tlin00063-RA	GO:0016020
Tlin00063-RA	GO:0055085
Tlin00063-RA	GO:0140359
Tlin00063-RA	GO:0005524
Tlin00063-RA	GO:0016020
Tlin00063-RA	GO:0005524
Tlin00063-RA	GO:0140359
Tlin00063-RA	GO:0016020
Tlin00063-RA	GO:0005524
Tlin09368-RA	GO:0005515
Tlin09368-RA	GO:0005515
Tlin09368-RA	GO:0005515
Tlin09368-RA	GO:0005515
Tlin09368-RA	GO:0005515
Tlin07946-RA	GO:0005840
Tlin07946-RA	GO:0006412
Tlin07946-RA	GO:0003735
Tlin07946-RA	GO:0005840
Tlin07946-RA	GO:0006412
Tlin07946-RA	GO:0003735
Tlin00913-RA	GO:0005515
Tlin00913-RA	GO:0005515
Tlin00913-RA	GO:0016791
Tlin00913-RA	GO:0016311
Tlin00913-RA	GO:0005515
Tlin00913-RA	GO:0005515
Tlin00913-RA	GO:0006470
Tlin00913-RA	GO:0004725
Tlin00913-RA	GO:0006457
Tlin00913-RA	GO:0016887
Tlin00913-RA	GO:0051082
Tlin00913-RA	GO:0140662
Tlin00913-RA	GO:0005524
Tlin00913-RA	GO:0006457
Tlin00913-RA	GO:0016887
Tlin00913-RA	GO:0051082
Tlin00913-RA	GO:0140662
Tlin00913-RA	GO:0005524
Tlin00913-RA	GO:0006457
Tlin00913-RA	GO:0016887
Tlin00913-RA	GO:0051082
Tlin00913-RA	GO:0140662
Tlin00913-RA	GO:0005524
Tlin00913-RA	GO:0005515
Tlin00649-RA	GO:0055085
Tlin00649-RA	GO:0022857
Tlin00649-RA	GO:0055085
Tlin00649-RA	GO:0022857
Tlin00167-RA	GO:0005524
Tlin00167-RA	GO:0016459
Tlin00167-RA	GO:0003774
Tlin00167-RA	GO:0016459
Tlin00167-RA	GO:0003774
Tlin03808-RA	GO:0016747
Tlin03808-RA	GO:0004596
Tlin03532-RA	GO:0003723
Tlin03532-RA	GO:0005515
Tlin03532-RA	GO:0005515
Tlin00232-RA	GO:2000640
Tlin00232-RA	GO:2000640
Tlin09815-RA	GO:0006355
Tlin09815-RA	GO:0000981
Tlin09815-RA	GO:0003677
Tlin09815-RA	GO:0003677
Tlin09815-RA	GO:0003677
Tlin09815-RA	GO:0003677
Tlin09815-RA	GO:0003677
Tlin09815-RA	GO:0003677
Tlin09815-RA	GO:0003677
Tlin09815-RA	GO:0006355
Tlin09815-RA	GO:0000981
Tlin09815-RA	GO:0003677
Tlin04732-RA	GO:0008184
Tlin04732-RA	GO:0005975
Tlin04732-RA	GO:0008184
Tlin04732-RA	GO:0005975
Tlin02230-RA	GO:0005515
Tlin02230-RA	GO:0005515
Tlin07065-RA	GO:0032012
Tlin07065-RA	GO:0005085
Tlin07065-RA	GO:0032012
Tlin07065-RA	GO:0005085
Tlin07065-RA	GO:0032012
Tlin07065-RA	GO:0005085
Tlin13978-RA	GO:0003676
Tlin02143-RA	GO:0016020
Tlin02143-RA	GO:0004970
Tlin02143-RA	GO:0016020
Tlin02143-RA	GO:0015276
Tlin10094-RA	GO:0004812
Tlin10094-RA	GO:0005524
Tlin10094-RA	GO:0006418
Tlin10094-RA	GO:0000166
Tlin10094-RA	GO:0004828
Tlin10094-RA	GO:0005524
Tlin10094-RA	GO:0006434
Tlin10094-RA	GO:0000166
Tlin10094-RA	GO:0000166
Tlin05143-RA	GO:0003824
Tlin11569-RA	GO:0003700
Tlin11569-RA	GO:0006355
Tlin11569-RA	GO:0000978
Tlin11569-RA	GO:0005634
Tlin11569-RA	GO:0006355
Tlin11569-RA	GO:0003700
Tlin11569-RA	GO:0005634
Tlin11569-RA	GO:0006355
Tlin11569-RA	GO:0003700
Tlin11569-RA	GO:0045893
Tlin11569-RA	GO:0003700
Tlin11569-RA	GO:0006355
Tlin11569-RA	GO:0003700
Tlin14029-RA	GO:0016020
Tlin14029-RA	GO:0016020
Tlin14029-RA	GO:0008234
Tlin14029-RA	GO:0006508
Tlin14029-RA	GO:0016020
Tlin14029-RA	GO:0016020
Tlin14029-RA	GO:0008234
Tlin12476-RA	GO:0005515
Tlin12476-RA	GO:0005515
Tlin12476-RA	GO:0005515
Tlin12476-RA	GO:0005515
Tlin12476-RA	GO:0005515
Tlin12476-RA	GO:0005515
Tlin05463-RA	GO:0005515
Tlin05463-RA	GO:0005515
Tlin13539-RA	GO:0016491
Tlin11710-RA	GO:0005096
Tlin09440-RA	GO:0016020
Tlin09440-RA	GO:0004252
Tlin09440-RA	GO:0005509
Tlin09440-RA	GO:0005509
Tlin05395-RA	GO:0008270
Tlin05395-RA	GO:0003677
Tlin05395-RA	GO:0008270
Tlin05395-RA	GO:0008270
Tlin05395-RA	GO:0003677
Tlin05395-RA	GO:0008270
Tlin05395-RA	GO:0003677
Tlin05395-RA	GO:0008270
Tlin05395-RA	GO:0003677
Tlin05939-RA	GO:0005515
Tlin05939-RA	GO:0005515
Tlin05939-RA	GO:0005515
Tlin05939-RA	GO:0005515
Tlin05939-RA	GO:0005515
Tlin05939-RA	GO:0005515
Tlin05939-RA	GO:0005515
Tlin05939-RA	GO:0005515
Tlin05939-RA	GO:0005515
Tlin05939-RA	GO:0005515
Tlin05939-RA	GO:0005515
Tlin05939-RA	GO:0005515
Tlin05939-RA	GO:0005515
Tlin05939-RA	GO:0005515
Tlin05939-RA	GO:0005515
Tlin05939-RA	GO:0005515
Tlin05939-RA	GO:0005515
Tlin05939-RA	GO:0005515
Tlin05939-RA	GO:0005515
Tlin05939-RA	GO:0005515
Tlin05939-RA	GO:0005515
Tlin05939-RA	GO:0005515
Tlin05939-RA	GO:0005515
Tlin05939-RA	GO:0005515
Tlin05939-RA	GO:0005515
Tlin05939-RA	GO:0005515
Tlin05939-RA	GO:0005515
Tlin05939-RA	GO:0005515
Tlin05939-RA	GO:0005515
Tlin07754-RA	GO:0042732
Tlin07754-RA	GO:0004856
Tlin07754-RA	GO:0016301
Tlin07754-RA	GO:0005975
Tlin07754-RA	GO:0016301
Tlin07754-RA	GO:0005975
Tlin06827-RA	GO:0003676
Tlin06827-RA	GO:0030014
Tlin06827-RA	GO:0004535
Tlin11833-RA	GO:0016020
Tlin11833-RA	GO:0016020
Tlin14214-RA	GO:0003352
Tlin07255-RA	GO:0032482
Tlin07255-RA	GO:0003924
Tlin07255-RA	GO:0005525
Tlin07255-RA	GO:0003924
Tlin09824-RA	GO:0005515
Tlin09824-RA	GO:0016887
Tlin09824-RA	GO:0005524
Tlin09234-RA	GO:0004812
Tlin09234-RA	GO:0005524
Tlin09234-RA	GO:0006418
Tlin09234-RA	GO:0000166
Tlin09234-RA	GO:0004830
Tlin09234-RA	GO:0005524
Tlin09234-RA	GO:0006436
Tlin09234-RA	GO:0000166
Tlin09234-RA	GO:0004812
Tlin09234-RA	GO:0005524
Tlin09234-RA	GO:0006418
Tlin09234-RA	GO:0000166
Tlin09726-RA	GO:0016020
Tlin09726-RA	GO:0015276
Tlin01052-RA	GO:0140359
Tlin01052-RA	GO:0016020
Tlin01065-RA	GO:0005515
Tlin14586-RA	GO:0003723
Tlin14586-RA	GO:0003723
Tlin14586-RA	GO:0003723
Tlin14586-RA	GO:0003723
Tlin14586-RA	GO:0003723
Tlin14586-RA	GO:0003723
Tlin14586-RA	GO:0003723
Tlin14586-RA	GO:0003723
Tlin14586-RA	GO:0003723
Tlin07552-RA	GO:0016020
Tlin07552-RA	GO:0007186
Tlin11404-RA	GO:0031124
Tlin11404-RA	GO:0005515
Tlin11404-RA	GO:0006396
Tlin11404-RA	GO:0005634
Tlin01794-RA	GO:0006414
Tlin01794-RA	GO:0003746
Tlin01794-RA	GO:0006414
Tlin01794-RA	GO:0003746
Tlin01794-RA	GO:0005853
Tlin01794-RA	GO:0006414
Tlin01794-RA	GO:0003746
Tlin06517-RA	GO:0005515
Tlin06517-RA	GO:0030014
Tlin06517-RA	GO:0005515
Tlin01321-RA	GO:0007165
Tlin01321-RA	GO:0016020
Tlin01321-RA	GO:0005525
Tlin01321-RA	GO:0005525
Tlin01321-RA	GO:0003924
Tlin06006-RA	GO:0016020
Tlin06006-RA	GO:0016020
Tlin01320-RA	GO:0006744
Tlin01320-RA	GO:0004497
Tlin01320-RA	GO:0006744
Tlin01320-RA	GO:0004497
Tlin07330-RA	GO:0004523
Tlin07330-RA	GO:0003676
Tlin07330-RA	GO:0003676
Tlin00273-RA	GO:0008146
Tlin03175-RA	GO:0005975
Tlin03175-RA	GO:0004553
Tlin03175-RA	GO:0005975
Tlin03175-RA	GO:0004553
Tlin02775-RA	GO:0005737
Tlin02775-RA	GO:0008253
Tlin02775-RA	GO:0000287
Tlin00017-RA	GO:0008286
Tlin00017-RA	GO:0005158
Tlin06117-RA	GO:0008270
Tlin06117-RA	GO:0005515
Tlin06117-RA	GO:0046872
Tlin06117-RA	GO:0004842
Tlin06117-RA	GO:0016567
Tlin06117-RA	GO:0046872
Tlin06117-RA	GO:0004842
Tlin06117-RA	GO:0016567
Tlin06117-RA	GO:0046872
Tlin06117-RA	GO:0004842
Tlin06117-RA	GO:0008270
Tlin06117-RA	GO:0005515
Tlin06117-RA	GO:0005515
Tlin06117-RA	GO:0046872
Tlin06117-RA	GO:0004842
Tlin05916-RA	GO:0008641
Tlin00044-RA	GO:0003700
Tlin00044-RA	GO:0006355
Tlin00044-RA	GO:0003677
Tlin00044-RA	GO:0003700
Tlin00044-RA	GO:0005634
Tlin00044-RA	GO:0006355
Tlin00044-RA	GO:0003677
Tlin00044-RA	GO:0005524
Tlin00044-RA	GO:0005634
Tlin00044-RA	GO:0006355
Tlin00044-RA	GO:0003677
Tlin00044-RA	GO:0006355
Tlin00044-RA	GO:0003700
Tlin06394-RA	GO:0008270
Tlin13746-RA	GO:0005515
Tlin13746-RA	GO:0005515
Tlin13746-RA	GO:0005515
Tlin13746-RA	GO:0006508
Tlin13746-RA	GO:0004252
Tlin13746-RA	GO:0005515
Tlin13746-RA	GO:0005515
Tlin13746-RA	GO:0005515
Tlin13746-RA	GO:0005515
Tlin13746-RA	GO:0005515
Tlin13746-RA	GO:0005515
Tlin13746-RA	GO:0005515
Tlin13746-RA	GO:0005515
Tlin13746-RA	GO:0005515
Tlin13746-RA	GO:0005515
Tlin14626-RA	GO:0016757
Tlin14626-RA	GO:0005975
Tlin09769-RA	GO:0006979
Tlin09769-RA	GO:0020037
Tlin09769-RA	GO:0004601
Tlin09769-RA	GO:0005509
Tlin09769-RA	GO:0016491
Tlin09769-RA	GO:0016491
Tlin09769-RA	GO:0005509
Tlin09769-RA	GO:0005509
Tlin09769-RA	GO:0005509
Tlin07257-RA	GO:0005515
Tlin11329-RA	GO:0005524
Tlin11329-RA	GO:0005515
Tlin11329-RA	GO:0006468
Tlin11329-RA	GO:0004672
Tlin11329-RA	GO:0006468
Tlin11329-RA	GO:0004672
Tlin11329-RA	GO:0005515
Tlin11987-RA	GO:0006396
Tlin11987-RA	GO:0008173
Tlin11987-RA	GO:0003723
Tlin13582-RA	GO:0003824
Tlin13582-RA	GO:0030170
Tlin13582-RA	GO:0008483
Tlin13582-RA	GO:0030170
Tlin13582-RA	GO:0008483
Tlin13582-RA	GO:0003824
Tlin13582-RA	GO:0030170
Tlin13582-RA	GO:0008483
Tlin01440-RA	GO:0016538
Tlin01440-RA	GO:0006357
Tlin04799-RA	GO:0005515
Tlin07595-RA	GO:0006355
Tlin07595-RA	GO:0008270
Tlin07595-RA	GO:0043565
Tlin07595-RA	GO:0003700
Tlin07595-RA	GO:0008270
Tlin07595-RA	GO:0006355
Tlin07595-RA	GO:0006355
Tlin07595-RA	GO:0008270
Tlin07595-RA	GO:0043565
Tlin07595-RA	GO:0003700
Tlin08023-RA	GO:0003824
Tlin08023-RA	GO:0052745
Tlin08023-RA	GO:0007165
Tlin08023-RA	GO:0046856
Tlin08645-RA	GO:0007034
Tlin08645-RA	GO:0007034
Tlin08725-RA	GO:0016020
Tlin08725-RA	GO:0042246
Tlin08725-RA	GO:0007155
Tlin08725-RA	GO:0016020
Tlin08725-RA	GO:0042246
Tlin08725-RA	GO:0007155
Tlin05476-RA	GO:0005515
Tlin06924-RA	GO:0008312
Tlin06924-RA	GO:0048500
Tlin06924-RA	GO:0006614
Tlin06924-RA	GO:0008312
Tlin06924-RA	GO:0048500
Tlin06924-RA	GO:0006614
Tlin06924-RA	GO:0048500
Tlin06924-RA	GO:0006614
Tlin01741-RA	GO:0006468
Tlin01741-RA	GO:0004672
Tlin01741-RA	GO:0004674
Tlin01741-RA	GO:0005524
Tlin01741-RA	GO:0006468
Tlin01741-RA	GO:0004672
Tlin06108-RA	GO:0034551
Tlin11547-RA	GO:0006508
Tlin11547-RA	GO:0004252
Tlin11547-RA	GO:0006508
Tlin11547-RA	GO:0004252
Tlin11547-RA	GO:0006508
Tlin11547-RA	GO:0004252
Tlin11547-RA	GO:0008299
Tlin11547-RA	GO:0008299
Tlin09149-RA	GO:0032007
Tlin09149-RA	GO:0008285
Tlin02909-RA	GO:0016020
Tlin02909-RA	GO:0016020
Tlin08409-RA	GO:0005576
Tlin08409-RA	GO:0005179
Tlin02271-RA	GO:0006629
Tlin02271-RA	GO:0006811
Tlin02271-RA	GO:0016020
Tlin02271-RA	GO:0055085
Tlin02271-RA	GO:0005216
Tlin02271-RA	GO:0016298
Tlin02271-RA	GO:0005515
Tlin02271-RA	GO:0005515
Tlin02271-RA	GO:0005515
Tlin02271-RA	GO:0005515
Tlin02271-RA	GO:0005515
Tlin02271-RA	GO:0005515
Tlin02271-RA	GO:0005515
Tlin02271-RA	GO:0005515
Tlin02271-RA	GO:0005515
Tlin02271-RA	GO:0005515
Tlin02271-RA	GO:0005515
Tlin01119-RA	GO:0006357
Tlin01119-RA	GO:0003700
Tlin01119-RA	GO:0006355
Tlin01119-RA	GO:0043565
Tlin01119-RA	GO:0003700
Tlin01119-RA	GO:0006355
Tlin01119-RA	GO:0043565
Tlin01119-RA	GO:0003700
Tlin01119-RA	GO:0006355
Tlin01119-RA	GO:0043565
Tlin01119-RA	GO:0003700
Tlin07566-RA	GO:0008289
Tlin07566-RA	GO:0008289
Tlin03342-RA	GO:0005515
Tlin03342-RA	GO:0005515
Tlin03342-RA	GO:0005515
Tlin03342-RA	GO:0005515
Tlin12643-RA	GO:0005524
Tlin12643-RA	GO:0006468
Tlin12643-RA	GO:0004672
Tlin12643-RA	GO:0005515
Tlin12643-RA	GO:0005515
Tlin06644-RA	GO:0006886
Tlin06644-RA	GO:0005789
Tlin06644-RA	GO:0006886
Tlin06644-RA	GO:0005789
Tlin08667-RA	GO:0030246
Tlin09854-RA	GO:0008270
Tlin09854-RA	GO:0005634
Tlin09854-RA	GO:0016579
Tlin09854-RA	GO:0004843
Tlin09854-RA	GO:0006511
Tlin09854-RA	GO:0004843
Tlin09854-RA	GO:0006511
Tlin09854-RA	GO:0004843
Tlin10947-RA	GO:0003735
Tlin05210-RA	GO:0055085
Tlin05210-RA	GO:0022857
Tlin05210-RA	GO:0055085
Tlin05210-RA	GO:0022857
Tlin04960-RA	GO:0007186
Tlin04960-RA	GO:0016020
Tlin04960-RA	GO:0004930
Tlin08942-RA	GO:0046982
Tlin08942-RA	GO:0046982
Tlin04059-RA	GO:0046488
Tlin04059-RA	GO:0016307
Tlin02815-RA	GO:0020037
Tlin02815-RA	GO:0020037
Tlin09806-RA	GO:0022857
Tlin09806-RA	GO:0055085
Tlin09806-RA	GO:0016020
Tlin09806-RA	GO:0022857
Tlin09806-RA	GO:0055085
Tlin09806-RA	GO:0016020
Tlin09806-RA	GO:0016020
Tlin09806-RA	GO:0022857
Tlin09806-RA	GO:0006857
Tlin13203-RA	GO:0006508
Tlin13203-RA	GO:0004190
Tlin01322-RA	GO:0005840
Tlin01322-RA	GO:0006412
Tlin01322-RA	GO:0003735
Tlin01322-RA	GO:0005840
Tlin01322-RA	GO:0006412
Tlin01322-RA	GO:0003735
Tlin01322-RA	GO:0005840
Tlin01322-RA	GO:0006412
Tlin01322-RA	GO:0003735
Tlin06995-RA	GO:0006506
Tlin03418-RA	GO:0032039
Tlin11648-RA	GO:0006508
Tlin11648-RA	GO:0004252
Tlin11648-RA	GO:0006508
Tlin11648-RA	GO:0004252
Tlin11648-RA	GO:0006508
Tlin11648-RA	GO:0004252
Tlin01330-RA	GO:0005515
Tlin01330-RA	GO:0005515
Tlin01330-RA	GO:0005515
Tlin01330-RA	GO:0005515
Tlin01330-RA	GO:0005515
Tlin01330-RA	GO:0005515
Tlin01330-RA	GO:0005515
Tlin01330-RA	GO:0005515
Tlin10356-RA	GO:0031267
Tlin10356-RA	GO:0006886
Tlin12066-RA	GO:0006367
Tlin12066-RA	GO:0006367
Tlin12066-RA	GO:0006367
Tlin12066-RA	GO:0005673
Tlin00754-RA	GO:0140658
Tlin00754-RA	GO:0005524
Tlin05858-RA	GO:0007165
Tlin05858-RA	GO:0016020
Tlin05858-RA	GO:0005525
Tlin05858-RA	GO:0005525
Tlin05858-RA	GO:0003924
Tlin02751-RA	GO:0032543
Tlin02751-RA	GO:0003735
Tlin13211-RA	GO:0003824
Tlin10823-RA	GO:0005840
Tlin10823-RA	GO:0006412
Tlin10823-RA	GO:0003735
Tlin10823-RA	GO:0005730
Tlin10823-RA	GO:0006606
Tlin10823-RA	GO:0005525
Tlin12293-RA	GO:0005762
Tlin12293-RA	GO:0032543
Tlin12293-RA	GO:0003735
Tlin12293-RA	GO:0005762
Tlin12293-RA	GO:0032543
Tlin12293-RA	GO:0003735
Tlin04567-RA	GO:0005515
Tlin04567-RA	GO:0005515
Tlin04567-RA	GO:0005515
Tlin04567-RA	GO:0004842
Tlin04567-RA	GO:0004842
Tlin04567-RA	GO:0005515
Tlin04567-RA	GO:0005515
Tlin04567-RA	GO:0005515
Tlin13930-RA	GO:0006508
Tlin13930-RA	GO:0004252
Tlin13930-RA	GO:0006508
Tlin13930-RA	GO:0004252
Tlin13930-RA	GO:0006508
Tlin13930-RA	GO:0004252
Tlin06017-RA	GO:0043565
Tlin06017-RA	GO:0006355
Tlin06017-RA	GO:0043565
Tlin06017-RA	GO:0006355
Tlin06017-RA	GO:0043565
Tlin06017-RA	GO:0006355
Tlin06017-RA	GO:0006355
Tlin06017-RA	GO:0005634
Tlin06017-RA	GO:0043565
Tlin06017-RA	GO:0006355
Tlin09411-RA	GO:0005515
Tlin09411-RA	GO:0005515
Tlin09411-RA	GO:0005515
Tlin09411-RA	GO:0005515
Tlin09411-RA	GO:0005515
Tlin09411-RA	GO:0005515
Tlin00661-RA	GO:0006629
Tlin05144-RA	GO:0003824
Tlin07556-RA	GO:0006783
Tlin07556-RA	GO:0004325
Tlin07556-RA	GO:0006783
Tlin07556-RA	GO:0004325
Tlin07556-RA	GO:0006783
Tlin07556-RA	GO:0004325
Tlin10987-RA	GO:0016020
Tlin10987-RA	GO:0035434
Tlin10987-RA	GO:0005375
Tlin10987-RA	GO:0016020
Tlin10987-RA	GO:0035434
Tlin10987-RA	GO:0005375
Tlin07345-RA	GO:0016020
Tlin07345-RA	GO:0016020
Tlin08290-RA	GO:0003824
Tlin08290-RA	GO:0042450
Tlin08290-RA	GO:0004056
Tlin08290-RA	GO:0042450
Tlin08290-RA	GO:0004056
Tlin08290-RA	GO:0006355
Tlin08290-RA	GO:0005515
Tlin08290-RA	GO:0003824
Tlin03964-RA	GO:0016020
Tlin03964-RA	GO:0071805
Tlin03964-RA	GO:0005267
Tlin01534-RA	GO:0140662
Tlin01534-RA	GO:0005524
Tlin07617-RA	GO:0003677
Tlin07617-RA	GO:0003677
Tlin07617-RA	GO:0003677
Tlin12257-RA	GO:0046854
Tlin01046-RA	GO:0005669
Tlin01046-RA	GO:0046695
Tlin01046-RA	GO:0000124
Tlin12944-RA	GO:0006508
Tlin12944-RA	GO:0004252
Tlin12944-RA	GO:0006508
Tlin12944-RA	GO:0004252
Tlin12944-RA	GO:0006508
Tlin12944-RA	GO:0004252
Tlin02853-RA	GO:0033588
Tlin02853-RA	GO:0002098
Tlin02853-RA	GO:0033588
Tlin02853-RA	GO:0002098
Tlin06024-RA	GO:0008374
Tlin09987-RA	GO:0003743
Tlin09987-RA	GO:0005515
Tlin09987-RA	GO:0003723
Tlin04369-RA	GO:0005515
Tlin04369-RA	GO:0005515
Tlin04369-RA	GO:0005515
Tlin04369-RA	GO:0005515
Tlin04369-RA	GO:0005515
Tlin04369-RA	GO:0005515
Tlin04369-RA	GO:0005515
Tlin04369-RA	GO:0005515
Tlin04369-RA	GO:0007165
Tlin08825-RA	GO:0030001
Tlin08825-RA	GO:0046873
Tlin08825-RA	GO:0016020
Tlin08825-RA	GO:0030001
Tlin08825-RA	GO:0046873
Tlin08825-RA	GO:0016020
Tlin10846-RA	GO:0005515
Tlin00543-RA	GO:0005525
Tlin00543-RA	GO:0005525
Tlin01314-RA	GO:0005524
Tlin01314-RA	GO:0140359
Tlin01314-RA	GO:0016020
Tlin01314-RA	GO:0016887
Tlin01314-RA	GO:0005524
Tlin07313-RA	GO:0009253
Tlin07313-RA	GO:0008745
Tlin07313-RA	GO:0009253
Tlin07313-RA	GO:0008745
Tlin09165-RA	GO:0006888
Tlin09165-RA	GO:0030127
Tlin09165-RA	GO:0006886
Tlin09165-RA	GO:0006888
Tlin09165-RA	GO:0008270
Tlin09165-RA	GO:0030127
Tlin09165-RA	GO:0006886
Tlin09165-RA	GO:0006888
Tlin09165-RA	GO:0030127
Tlin09165-RA	GO:0006886
Tlin09165-RA	GO:0006888
Tlin09165-RA	GO:0008270
Tlin09165-RA	GO:0030127
Tlin09165-RA	GO:0006886
Tlin09165-RA	GO:0006888
Tlin09165-RA	GO:0030127
Tlin09165-RA	GO:0006886
Tlin09165-RA	GO:0006888
Tlin09165-RA	GO:0030127
Tlin09165-RA	GO:0006886
Tlin09761-RA	GO:0007165
Tlin10418-RA	GO:0008270
Tlin11798-RA	GO:0005975
Tlin11798-RA	GO:0004553
Tlin11798-RA	GO:0005975
Tlin11798-RA	GO:0004553
Tlin09986-RA	GO:0005515
Tlin09986-RA	GO:0005515
Tlin09986-RA	GO:0005198
Tlin09986-RA	GO:0005515
Tlin09986-RA	GO:0005515
Tlin09855-RA	GO:0072546
Tlin09855-RA	GO:0072546
Tlin09855-RA	GO:0072546
Tlin02397-RA	GO:0016757
Tlin02397-RA	GO:0016020
Tlin14266-RA	GO:0003676
Tlin14266-RA	GO:0006508
Tlin14266-RA	GO:0004190
Tlin08691-RA	GO:0009966
Tlin08691-RA	GO:0062023
Tlin08691-RA	GO:0005886
Tlin08691-RA	GO:0009966
Tlin08691-RA	GO:0062023
Tlin08691-RA	GO:0005886
Tlin07320-RA	GO:0016020
Tlin03854-RA	GO:0006629
Tlin03854-RA	GO:0005975
Tlin03854-RA	GO:0016717
Tlin03854-RA	GO:0005975
Tlin03854-RA	GO:0004553
Tlin03854-RA	GO:0016717
Tlin03854-RA	GO:0016717
Tlin12614-RA	GO:0033588
Tlin12614-RA	GO:0002098
Tlin12614-RA	GO:0005515
Tlin12614-RA	GO:0005515
Tlin12614-RA	GO:0005515
Tlin12614-RA	GO:0005515
Tlin12614-RA	GO:0005515
Tlin12614-RA	GO:0005515
Tlin12614-RA	GO:0005515
Tlin12614-RA	GO:0005515
Tlin04560-RA	GO:0005515
Tlin04560-RA	GO:0005515
Tlin04560-RA	GO:0005515
Tlin04560-RA	GO:0005515
Tlin04560-RA	GO:0005515
Tlin04560-RA	GO:0005515
Tlin04560-RA	GO:0005515
Tlin04560-RA	GO:0005515
Tlin04560-RA	GO:0005515
Tlin04560-RA	GO:0005515
Tlin04560-RA	GO:0005515
Tlin04560-RA	GO:0005515
Tlin04560-RA	GO:0005515
Tlin04560-RA	GO:0005515
Tlin04560-RA	GO:0005515
Tlin04560-RA	GO:0005515
Tlin04560-RA	GO:0005515
Tlin04560-RA	GO:0005515
Tlin04560-RA	GO:0005515
Tlin04560-RA	GO:0005515
Tlin04560-RA	GO:0005515
Tlin04560-RA	GO:0005515
Tlin04560-RA	GO:0005515
Tlin04560-RA	GO:0005515
Tlin04560-RA	GO:0005515
Tlin04560-RA	GO:0005515
Tlin04560-RA	GO:0005515
Tlin04560-RA	GO:0005515
Tlin04560-RA	GO:0005515
Tlin04560-RA	GO:0005515
Tlin04560-RA	GO:0005515
Tlin04560-RA	GO:0005515
Tlin04560-RA	GO:0005515
Tlin04560-RA	GO:0005515
Tlin04560-RA	GO:0005515
Tlin04560-RA	GO:0005515
Tlin04560-RA	GO:0005515
Tlin04560-RA	GO:0005515
Tlin04560-RA	GO:0005515
Tlin04560-RA	GO:0005515
Tlin11807-RA	GO:0005975
Tlin11807-RA	GO:0004553
Tlin11807-RA	GO:0005975
Tlin11807-RA	GO:0005975
Tlin11807-RA	GO:0008061
Tlin11807-RA	GO:0005975
Tlin11807-RA	GO:0004553
Tlin11807-RA	GO:0008061
Tlin11807-RA	GO:0005576
Tlin04826-RA	GO:0006123
Tlin04826-RA	GO:0005751
Tlin04826-RA	GO:0005751
Tlin04826-RA	GO:0006123
Tlin04826-RA	GO:0005746
Tlin04826-RA	GO:0006123
Tlin04826-RA	GO:0005751
Tlin00445-RA	GO:0016298
Tlin00445-RA	GO:0019915
Tlin00445-RA	GO:0005811
Tlin00445-RA	GO:0016298
Tlin00445-RA	GO:0019915
Tlin00445-RA	GO:0005811
Tlin13911-RA	GO:0016301
Tlin13911-RA	GO:0005975
Tlin09464-RA	GO:0003676
Tlin06424-RA	GO:0003677
Tlin06424-RA	GO:0045944
Tlin06424-RA	GO:0048665
Tlin06424-RA	GO:0000981
Tlin06424-RA	GO:0006355
Tlin06424-RA	GO:0000981
Tlin06424-RA	GO:0003677
Tlin09304-RA	GO:0016705
Tlin09304-RA	GO:0005506
Tlin09304-RA	GO:0005506
Tlin09304-RA	GO:0016705
Tlin09304-RA	GO:0020037
Tlin09304-RA	GO:0004497
Tlin09304-RA	GO:0005506
Tlin09304-RA	GO:0016705
Tlin09304-RA	GO:0020037
Tlin09304-RA	GO:0004497
Tlin09304-RA	GO:0005506
Tlin09304-RA	GO:0016705
Tlin09304-RA	GO:0020037
Tlin09304-RA	GO:0004497
Tlin09899-RA	GO:0051015
Tlin09899-RA	GO:0007155
Tlin09899-RA	GO:0051015
Tlin09899-RA	GO:0007155
Tlin09899-RA	GO:0051015
Tlin09899-RA	GO:0007155
Tlin09899-RA	GO:0051015
Tlin09899-RA	GO:0007155
Tlin09899-RA	GO:0051015
Tlin09899-RA	GO:0007155
Tlin09899-RA	GO:0051015
Tlin09899-RA	GO:0007155
Tlin09899-RA	GO:0051015
Tlin09899-RA	GO:0007155
Tlin07166-RA	GO:0000398
Tlin07166-RA	GO:0000398
Tlin07166-RA	GO:0000398
Tlin02133-RA	GO:0004523
Tlin02133-RA	GO:0003723
Tlin02133-RA	GO:0004523
Tlin02133-RA	GO:0003676
Tlin02133-RA	GO:0004523
Tlin01318-RA	GO:0003684
Tlin01318-RA	GO:0005634
Tlin01318-RA	GO:0000012
Tlin01318-RA	GO:0003684
Tlin01318-RA	GO:0006284
Tlin01318-RA	GO:0006303
Tlin01318-RA	GO:0000012
Tlin11719-RA	GO:0006457
Tlin11719-RA	GO:0016887
Tlin11719-RA	GO:0051082
Tlin11719-RA	GO:0005524
Tlin11719-RA	GO:0005524
Tlin11719-RA	GO:0006457
Tlin11719-RA	GO:0016887
Tlin11719-RA	GO:0051082
Tlin11719-RA	GO:0005524
Tlin11719-RA	GO:0008610
Tlin11719-RA	GO:0016491
Tlin11719-RA	GO:0005506
Tlin11719-RA	GO:0006457
Tlin11719-RA	GO:0016887
Tlin11719-RA	GO:0051082
Tlin11719-RA	GO:0005524
Tlin11719-RA	GO:0140662
Tlin11719-RA	GO:0006457
Tlin11719-RA	GO:0016887
Tlin11719-RA	GO:0051082
Tlin11719-RA	GO:0005524
Tlin07326-RA	GO:0016491
Tlin00922-RA	GO:0008194
Tlin00922-RA	GO:0008194
Tlin03778-RA	GO:0005524
Tlin03778-RA	GO:0005524
Tlin03778-RA	GO:1902600
Tlin03778-RA	GO:0046034
Tlin03778-RA	GO:1902600
Tlin03778-RA	GO:0046034
Tlin00787-RA	GO:0046332
Tlin05162-RA	GO:0005515
Tlin09657-RA	GO:0006508
Tlin09657-RA	GO:0004252
Tlin09657-RA	GO:0006508
Tlin09657-RA	GO:0004252
Tlin09657-RA	GO:0006508
Tlin09657-RA	GO:0004252
Tlin00081-RA	GO:0006814
Tlin00081-RA	GO:0016020
Tlin00081-RA	GO:0005272
Tlin00081-RA	GO:0006814
Tlin00081-RA	GO:0016020
Tlin00081-RA	GO:0005272
Tlin00081-RA	GO:0006814
Tlin00081-RA	GO:0016020
Tlin00081-RA	GO:0005272
Tlin04647-RA	GO:0046982
Tlin04647-RA	GO:0046982
Tlin04647-RA	GO:0071821
Tlin14224-RA	GO:0006915
Tlin10693-RA	GO:0005975
Tlin10693-RA	GO:0004563
Tlin10693-RA	GO:0005975
Tlin10693-RA	GO:0004553
Tlin01551-RA	GO:0003676
Tlin01551-RA	GO:0043484
Tlin01551-RA	GO:0051726
Tlin01551-RA	GO:0003723
Tlin07858-RA	GO:0003676
Tlin07858-RA	GO:0003723
Tlin07858-RA	GO:0003723
Tlin07858-RA	GO:0003676
Tlin05058-RA	GO:0008194
Tlin05058-RA	GO:0008194
Tlin07659-RA	GO:0005085
Tlin11614-RA	GO:0016709
Tlin11614-RA	GO:0071949
Tlin10551-RA	GO:0006979
Tlin10551-RA	GO:0004602
Tlin10551-RA	GO:0006979
Tlin10551-RA	GO:0004602
Tlin10551-RA	GO:0006979
Tlin10551-RA	GO:0004602
Tlin05399-RA	GO:0005515
Tlin05399-RA	GO:0005515
Tlin03133-RA	GO:0016020
Tlin03133-RA	GO:0005509
Tlin03133-RA	GO:0016020
Tlin03133-RA	GO:0005509
Tlin03133-RA	GO:0016020
Tlin03133-RA	GO:0005509
Tlin03133-RA	GO:0007155
Tlin03133-RA	GO:0005886
Tlin03133-RA	GO:0007156
Tlin03133-RA	GO:0016020
Tlin03133-RA	GO:0005509
Tlin03133-RA	GO:0007156
Tlin03133-RA	GO:0016020
Tlin03133-RA	GO:0005509
Tlin03133-RA	GO:0007156
Tlin03133-RA	GO:0016020
Tlin03133-RA	GO:0005509
Tlin03133-RA	GO:0007156
Tlin03133-RA	GO:0016020
Tlin03133-RA	GO:0005509
Tlin03133-RA	GO:0007156
Tlin03133-RA	GO:0016020
Tlin03133-RA	GO:0005509
Tlin03133-RA	GO:0007156
Tlin03133-RA	GO:0016020
Tlin03133-RA	GO:0005509
Tlin03133-RA	GO:0007156
Tlin03133-RA	GO:0016020
Tlin03133-RA	GO:0005509
Tlin03133-RA	GO:0007156
Tlin03133-RA	GO:0016020
Tlin03133-RA	GO:0005509
Tlin03133-RA	GO:0007156
Tlin03133-RA	GO:0016020
Tlin03133-RA	GO:0005509
Tlin03133-RA	GO:0016020
Tlin03133-RA	GO:0005509
Tlin03133-RA	GO:0016020
Tlin03133-RA	GO:0005509
Tlin03133-RA	GO:0016020
Tlin03133-RA	GO:0005509
Tlin03133-RA	GO:0016020
Tlin03133-RA	GO:0005509
Tlin03133-RA	GO:0007155
Tlin03133-RA	GO:0005886
Tlin03133-RA	GO:0007155
Tlin03133-RA	GO:0005886
Tlin03133-RA	GO:0016020
Tlin03133-RA	GO:0005509
Tlin03133-RA	GO:0016020
Tlin03133-RA	GO:0005509
Tlin03133-RA	GO:0007155
Tlin03133-RA	GO:0005886
Tlin03133-RA	GO:0098609
Tlin03133-RA	GO:0016020
Tlin03133-RA	GO:0005509
Tlin03133-RA	GO:0007155
Tlin03133-RA	GO:0005886
Tlin03133-RA	GO:0016020
Tlin03133-RA	GO:0005509
Tlin03133-RA	GO:0016020
Tlin03133-RA	GO:0005509
Tlin03133-RA	GO:0016020
Tlin03133-RA	GO:0005509
Tlin03133-RA	GO:0016020
Tlin03133-RA	GO:0005509
Tlin03133-RA	GO:0007155
Tlin03133-RA	GO:0005886
Tlin08765-RA	GO:0005515
Tlin08765-RA	GO:0005515
Tlin08765-RA	GO:0005515
Tlin08765-RA	GO:0005515
Tlin08765-RA	GO:0005515
Tlin06064-RA	GO:0005634
Tlin01364-RA	GO:0005515
Tlin01364-RA	GO:0005515
Tlin01364-RA	GO:0005515
Tlin01364-RA	GO:0005515
Tlin13639-RA	GO:0005515
Tlin13639-RA	GO:0005515
Tlin12342-RA	GO:0003723
Tlin12342-RA	GO:0003723
Tlin12342-RA	GO:0003723
Tlin14170-RA	GO:0003676
Tlin03187-RA	GO:0005524
Tlin03187-RA	GO:0003676
Tlin03187-RA	GO:0005524
Tlin03187-RA	GO:0003676
Tlin07738-RA	GO:0006508
Tlin07738-RA	GO:0004252
Tlin07738-RA	GO:0006508
Tlin07738-RA	GO:0004252
Tlin07738-RA	GO:0006508
Tlin07738-RA	GO:0004252
Tlin00373-RA	GO:0019674
Tlin00373-RA	GO:0003951
Tlin00373-RA	GO:0006741
Tlin00373-RA	GO:0003951
Tlin09549-RA	GO:0005515
Tlin09549-RA	GO:0099122
Tlin09549-RA	GO:0016422
Tlin09549-RA	GO:0005515
Tlin09549-RA	GO:0005515
Tlin06219-RA	GO:0005515
Tlin06219-RA	GO:0005515
Tlin06219-RA	GO:0005515
Tlin06219-RA	GO:0005515
Tlin06219-RA	GO:0005515
Tlin06219-RA	GO:0005515
Tlin06219-RA	GO:0035329
Tlin06219-RA	GO:0042127
Tlin06219-RA	GO:0060090
Tlin06219-RA	GO:0006915
Tlin09388-RA	GO:0016020
Tlin09388-RA	GO:0019829
Tlin09388-RA	GO:0140358
Tlin09388-RA	GO:0006812
Tlin09388-RA	GO:0000166
Tlin09388-RA	GO:0000166
Tlin10006-RA	GO:0008061
Tlin10006-RA	GO:0008061
Tlin10006-RA	GO:0005576
Tlin06435-RA	GO:0006890
Tlin06435-RA	GO:0005484
Tlin06435-RA	GO:0006890
Tlin06435-RA	GO:0005484
Tlin04753-RA	GO:0006779
Tlin04753-RA	GO:0004109
Tlin04753-RA	GO:0006779
Tlin04753-RA	GO:0004109
Tlin04753-RA	GO:0006779
Tlin04753-RA	GO:0004109
Tlin04753-RA	GO:0006779
Tlin04753-RA	GO:0004109
Tlin04753-RA	GO:0006779
Tlin04753-RA	GO:0004109
Tlin01579-RA	GO:0005515
Tlin01579-RA	GO:0005515
Tlin01579-RA	GO:0005515
Tlin07315-RA	GO:0003824
Tlin07315-RA	GO:0003824
Tlin07315-RA	GO:0019752
Tlin07315-RA	GO:0030170
Tlin07315-RA	GO:0016830
Tlin00109-RA	GO:0016020
Tlin00109-RA	GO:0016020
Tlin00762-RA	GO:0016020
Tlin00762-RA	GO:0055085
Tlin00762-RA	GO:0016020
Tlin02636-RA	GO:0007165
Tlin02636-RA	GO:0005515
Tlin05624-RA	GO:0022857
Tlin05624-RA	GO:0055085
Tlin05624-RA	GO:0016020
Tlin06463-RA	GO:0030414
Tlin06463-RA	GO:0005576
Tlin00948-RA	GO:0005975
Tlin03294-RA	GO:0005515
Tlin03294-RA	GO:0005515
Tlin03294-RA	GO:0005515
Tlin03294-RA	GO:0005515
Tlin12592-RA	GO:0032481
Tlin12592-RA	GO:0002218
Tlin12592-RA	GO:0032481
Tlin12592-RA	GO:0002218
Tlin12659-RA	GO:0007018
Tlin12659-RA	GO:0003777
Tlin12659-RA	GO:0005524
Tlin12659-RA	GO:0007018
Tlin12659-RA	GO:0003777
Tlin12659-RA	GO:0005524
Tlin12659-RA	GO:0007018
Tlin12659-RA	GO:0008017
Tlin12659-RA	GO:0003777
Tlin06311-RA	GO:0046982
Tlin06311-RA	GO:0051382
Tlin06311-RA	GO:0006281
Tlin06311-RA	GO:0051382
Tlin06311-RA	GO:0006281
Tlin11989-RA	GO:0008236
Tlin11989-RA	GO:0006508
Tlin12488-RA	GO:0005549
Tlin12488-RA	GO:0007608
Tlin12488-RA	GO:0016020
Tlin12488-RA	GO:0004984
Tlin01391-RA	GO:0016787
Tlin08837-RA	GO:0005524
Tlin08837-RA	GO:0005524
Tlin08837-RA	GO:0016887
Tlin08837-RA	GO:0005524
Tlin07543-RA	GO:0005515
Tlin07543-RA	GO:0005515
Tlin07543-RA	GO:0060271
Tlin07543-RA	GO:0005515
Tlin07543-RA	GO:0005515
Tlin12098-RA	GO:0006468
Tlin12098-RA	GO:0004672
Tlin12098-RA	GO:0005515
Tlin12098-RA	GO:0005515
Tlin12098-RA	GO:0005515
Tlin12098-RA	GO:0005085
Tlin12098-RA	GO:0035556
Tlin12098-RA	GO:0005085
Tlin12098-RA	GO:0005515
Tlin12098-RA	GO:0005085
Tlin12098-RA	GO:0005085
Tlin12098-RA	GO:0005515
Tlin12098-RA	GO:0005515
Tlin12098-RA	GO:0005524
Tlin12098-RA	GO:0006468
Tlin12098-RA	GO:0004672
Tlin12098-RA	GO:0005085
Tlin05786-RA	GO:0016747
Tlin03603-RA	GO:0090560
Tlin03603-RA	GO:0017183
Tlin03603-RA	GO:0090560
Tlin03603-RA	GO:0017183
Tlin06497-RA	GO:0006281
Tlin06497-RA	GO:0030915
Tlin06497-RA	GO:0005634
Tlin10752-RA	GO:0005669
Tlin10752-RA	GO:0006367
Tlin10752-RA	GO:0005669
Tlin10752-RA	GO:0006367
Tlin10752-RA	GO:0005669
Tlin07343-RA	GO:0003677
Tlin07343-RA	GO:0003677
Tlin07343-RA	GO:0003677
Tlin08937-RA	GO:0005525
Tlin08937-RA	GO:0003924
Tlin08937-RA	GO:0005525
Tlin08937-RA	GO:0005525
Tlin08937-RA	GO:0003924
Tlin08937-RA	GO:0005525
Tlin10768-RA	GO:0005515
Tlin10768-RA	GO:0005515
Tlin10768-RA	GO:0006355
Tlin10768-RA	GO:0043565
Tlin10768-RA	GO:0003700
Tlin10768-RA	GO:0005515
Tlin10768-RA	GO:0005515
Tlin10768-RA	GO:0005515
Tlin10768-RA	GO:0005515
Tlin10768-RA	GO:0005515
Tlin05127-RA	GO:0007186
Tlin05127-RA	GO:0016020
Tlin05127-RA	GO:0004930
Tlin05127-RA	GO:0007186
Tlin05127-RA	GO:0016020
Tlin05127-RA	GO:0004930
Tlin10912-RA	GO:0006396
Tlin10912-RA	GO:0008174
Tlin10912-RA	GO:0080009
Tlin10912-RA	GO:0003723
Tlin02140-RA	GO:0005840
Tlin02140-RA	GO:0006412
Tlin02140-RA	GO:0008097
Tlin02140-RA	GO:0003735
Tlin11767-RA	GO:0016020
Tlin11767-RA	GO:0005509
Tlin00730-RA	GO:0008194
Tlin00730-RA	GO:0006508
Tlin00730-RA	GO:0004185
Tlin00730-RA	GO:0006508
Tlin00730-RA	GO:0004185
Tlin00730-RA	GO:0008194
Tlin00730-RA	GO:0004185
Tlin00730-RA	GO:0004185
Tlin07534-RA	GO:0051536
Tlin08140-RA	GO:0005515
Tlin08140-RA	GO:0006886
Tlin08140-RA	GO:0016192
Tlin08140-RA	GO:0030117
Tlin08140-RA	GO:0005198
Tlin08140-RA	GO:0005515
Tlin08140-RA	GO:0006886
Tlin08140-RA	GO:0016192
Tlin08140-RA	GO:0030126
Tlin08140-RA	GO:0005198
Tlin08140-RA	GO:0005515
Tlin08140-RA	GO:0005515
Tlin08140-RA	GO:0005515
Tlin08140-RA	GO:0005515
Tlin08140-RA	GO:0005515
Tlin08140-RA	GO:0005515
Tlin14002-RA	GO:0006282
Tlin14002-RA	GO:0004649
Tlin14002-RA	GO:0005975
Tlin14002-RA	GO:0006282
Tlin14002-RA	GO:0004649
Tlin08836-RA	GO:0005515
Tlin08836-RA	GO:0005515
Tlin08836-RA	GO:0005515
Tlin08836-RA	GO:0005515
Tlin08836-RA	GO:0005515
Tlin08836-RA	GO:0005515
Tlin00707-RA	GO:0016787
Tlin00707-RA	GO:0016787
Tlin00707-RA	GO:0004722
Tlin04684-RA	GO:0005515
Tlin04684-RA	GO:0005515
Tlin04684-RA	GO:0005515
Tlin04684-RA	GO:0005515
Tlin11944-RA	GO:0003676
Tlin11944-RA	GO:0006508
Tlin11944-RA	GO:0004190
Tlin01101-RA	GO:0033177
Tlin01101-RA	GO:1902600
Tlin01101-RA	GO:0015078
Tlin01101-RA	GO:0030488
Tlin01101-RA	GO:0031515
Tlin01101-RA	GO:0016429
Tlin01101-RA	GO:0003735
Tlin01101-RA	GO:0005840
Tlin01101-RA	GO:0006412
Tlin01101-RA	GO:0003723
Tlin01101-RA	GO:0030488
Tlin01101-RA	GO:0031515
Tlin01101-RA	GO:0016429
Tlin01101-RA	GO:0005840
Tlin01101-RA	GO:0006412
Tlin01101-RA	GO:0003735
Tlin01932-RA	GO:0055085
Tlin01932-RA	GO:0022857
Tlin01760-RA	GO:0000493
Tlin06044-RA	GO:0008569
Tlin06044-RA	GO:0030286
Tlin06044-RA	GO:0007018
Tlin06044-RA	GO:0005524
Tlin06044-RA	GO:0008569
Tlin06044-RA	GO:0030286
Tlin06044-RA	GO:0045505
Tlin06044-RA	GO:0051959
Tlin06044-RA	GO:0007018
Tlin05156-RA	GO:0005506
Tlin05156-RA	GO:0016705
Tlin05156-RA	GO:0020037
Tlin05156-RA	GO:0004497
Tlin05156-RA	GO:0005506
Tlin05156-RA	GO:0016705
Tlin05156-RA	GO:0020037
Tlin05156-RA	GO:0004497
Tlin05156-RA	GO:0005506
Tlin05156-RA	GO:0016705
Tlin05156-RA	GO:0020037
Tlin05156-RA	GO:0004497
Tlin07714-RA	GO:0042742
Tlin07714-RA	GO:0005576
Tlin00153-RA	GO:0005509
Tlin00153-RA	GO:0005509
Tlin11971-RA	GO:0007218
Tlin11971-RA	GO:0042811
Tlin11971-RA	GO:0005184
Tlin05206-RA	GO:0006352
Tlin05206-RA	GO:0005669
Tlin05206-RA	GO:0006352
Tlin05206-RA	GO:0005669
Tlin05206-RA	GO:0006351
Tlin05206-RA	GO:0046982
Tlin05206-RA	GO:0046982
Tlin05206-RA	GO:0006351
Tlin05206-RA	GO:0006351
Tlin05206-RA	GO:0006352
Tlin05206-RA	GO:0005669
Tlin06132-RA	GO:0015297
Tlin06132-RA	GO:0016020
Tlin06132-RA	GO:0055085
Tlin06132-RA	GO:1902600
Tlin06132-RA	GO:0006812
Tlin14877-RA	GO:0046983
Tlin09569-RA	GO:0005515
Tlin09569-RA	GO:0005515
Tlin09569-RA	GO:0005515
Tlin09569-RA	GO:0005515
Tlin09569-RA	GO:0005515
Tlin09569-RA	GO:0005515
Tlin09569-RA	GO:0005515
Tlin09569-RA	GO:0005515
Tlin09569-RA	GO:0005515
Tlin09569-RA	GO:0005515
Tlin09569-RA	GO:0005515
Tlin09569-RA	GO:0005515
Tlin09569-RA	GO:0005515
Tlin09569-RA	GO:0005515
Tlin09569-RA	GO:0005515
Tlin09569-RA	GO:0005515
Tlin09569-RA	GO:0005515
Tlin09569-RA	GO:0005515
Tlin09569-RA	GO:0005515
Tlin09569-RA	GO:0005515
Tlin09569-RA	GO:0005515
Tlin09569-RA	GO:0005515
Tlin09569-RA	GO:0005515
Tlin09569-RA	GO:0005515
Tlin09569-RA	GO:0005515
Tlin09569-RA	GO:0005515
Tlin09569-RA	GO:0005515
Tlin09569-RA	GO:0005515
Tlin09569-RA	GO:0005515
Tlin09569-RA	GO:0005515
Tlin09569-RA	GO:0005515
Tlin09569-RA	GO:0005515
Tlin09569-RA	GO:0005515
Tlin09569-RA	GO:0005515
Tlin09569-RA	GO:0005515
Tlin09569-RA	GO:0005515
Tlin09569-RA	GO:0005515
Tlin09569-RA	GO:0005515
Tlin09569-RA	GO:0005515
Tlin09569-RA	GO:0005515
Tlin09569-RA	GO:0005515
Tlin09569-RA	GO:0005515
Tlin09569-RA	GO:0005515
Tlin09569-RA	GO:0005515
Tlin09569-RA	GO:0005515
Tlin09569-RA	GO:0005515
Tlin09569-RA	GO:0005515
Tlin09569-RA	GO:0005515
Tlin09569-RA	GO:0005515
Tlin09569-RA	GO:0005515
Tlin09569-RA	GO:0005515
Tlin09569-RA	GO:0005515
Tlin09569-RA	GO:0005515
Tlin09569-RA	GO:0005515
Tlin09569-RA	GO:0005515
Tlin09569-RA	GO:0005515
Tlin09569-RA	GO:0005886
Tlin09569-RA	GO:0007155
Tlin09569-RA	GO:0007411
Tlin09569-RA	GO:0005515
Tlin09569-RA	GO:0005515
Tlin09569-RA	GO:0005515
Tlin09569-RA	GO:0005515
Tlin07494-RA	GO:0008083
Tlin07494-RA	GO:0005576
Tlin07494-RA	GO:0008083
Tlin01933-RA	GO:0022857
Tlin01933-RA	GO:0055085
Tlin01933-RA	GO:0016020
Tlin01845-RA	GO:0005515
Tlin01845-RA	GO:0005515
Tlin01845-RA	GO:0005515
Tlin01845-RA	GO:0005515
Tlin11208-RA	GO:0016763
Tlin11208-RA	GO:0006400
Tlin11208-RA	GO:0016763
Tlin11208-RA	GO:0006400
Tlin11208-RA	GO:0016763
Tlin11208-RA	GO:0006400
Tlin00768-RA	GO:0006281
Tlin06673-RA	GO:0005751
Tlin06673-RA	GO:0005743
Tlin06673-RA	GO:0005751
Tlin06673-RA	GO:0005743
Tlin13793-RA	GO:0003676
Tlin13793-RA	GO:0003676
Tlin13793-RA	GO:0008270
Tlin13793-RA	GO:0005634
Tlin13793-RA	GO:0008270
Tlin13793-RA	GO:0005634
Tlin13793-RA	GO:0008270
Tlin13793-RA	GO:0005634
Tlin13793-RA	GO:0008270
Tlin13793-RA	GO:0005634
Tlin13793-RA	GO:0008270
Tlin13793-RA	GO:0005634
Tlin13793-RA	GO:0008270
Tlin13793-RA	GO:0005634
Tlin13793-RA	GO:0008270
Tlin13793-RA	GO:0005634
Tlin13793-RA	GO:0003676
Tlin13793-RA	GO:0003700
Tlin13793-RA	GO:0003676
Tlin00784-RA	GO:0008047
Tlin00784-RA	GO:0006689
Tlin12285-RA	GO:0022857
Tlin12285-RA	GO:0055085
Tlin12285-RA	GO:0016020
Tlin12285-RA	GO:0022857
Tlin12285-RA	GO:0055085
Tlin12285-RA	GO:0016020
Tlin12285-RA	GO:0022857
Tlin12285-RA	GO:0055085
Tlin12285-RA	GO:0016020
Tlin00048-RA	GO:0005515
Tlin00048-RA	GO:0005515
Tlin00048-RA	GO:0005515
Tlin00048-RA	GO:0005515
Tlin00048-RA	GO:0005515
Tlin00048-RA	GO:0005515
Tlin00048-RA	GO:0005515
Tlin00048-RA	GO:0005515
Tlin00048-RA	GO:0032040
Tlin00048-RA	GO:0006364
Tlin00048-RA	GO:0005515
Tlin00048-RA	GO:0005515
Tlin03902-RA	GO:0005261
Tlin05212-RA	GO:0005509
Tlin05212-RA	GO:0005509
Tlin05212-RA	GO:0005509
Tlin05212-RA	GO:0005509
Tlin05212-RA	GO:0005509
Tlin12470-RA	GO:0004672
Tlin12470-RA	GO:0005524
Tlin12470-RA	GO:0005524
Tlin12470-RA	GO:0006468
Tlin12470-RA	GO:0004672
Tlin12470-RA	GO:0006468
Tlin12470-RA	GO:0004672
Tlin06665-RA	GO:0017174
Tlin10764-RA	GO:0005515
Tlin10764-RA	GO:0005515
Tlin10764-RA	GO:0005515
Tlin10764-RA	GO:0005515
Tlin10764-RA	GO:0005515
Tlin10764-RA	GO:0005515
Tlin10764-RA	GO:0005515
Tlin10764-RA	GO:0005515
Tlin09320-RA	GO:0007186
Tlin09320-RA	GO:0016020
Tlin09320-RA	GO:0004930
Tlin09320-RA	GO:0007186
Tlin09320-RA	GO:0016020
Tlin09320-RA	GO:0004930
Tlin06936-RA	GO:0005515
Tlin06936-RA	GO:0005515
Tlin06936-RA	GO:0004386
Tlin06936-RA	GO:0004386
Tlin06936-RA	GO:0046872
Tlin02585-RA	GO:0000398
Tlin08653-RA	GO:0005615
Tlin08653-RA	GO:0004867
Tlin03029-RA	GO:0005977
Tlin03029-RA	GO:0005516
Tlin03029-RA	GO:0005975
Tlin03029-RA	GO:0005975
Tlin01435-RA	GO:0005515
Tlin01435-RA	GO:0005515
Tlin01435-RA	GO:0001540
Tlin12636-RA	GO:0006139
Tlin12636-RA	GO:0019205
Tlin12636-RA	GO:0005524
Tlin12636-RA	GO:0006139
Tlin12636-RA	GO:0019205
Tlin12636-RA	GO:0005524
Tlin07873-RA	GO:0022857
Tlin07873-RA	GO:0055085
Tlin07873-RA	GO:0016020
Tlin07873-RA	GO:0022857
Tlin07873-RA	GO:0055085
Tlin07873-RA	GO:0016020
Tlin07873-RA	GO:0022857
Tlin07873-RA	GO:0055085
Tlin07873-RA	GO:0016020
Tlin10170-RA	GO:0055085
Tlin10170-RA	GO:0022857
Tlin07467-RA	GO:0010506
Tlin07467-RA	GO:0005615
Tlin03938-RA	GO:0046983
Tlin03938-RA	GO:0046983
Tlin03938-RA	GO:0046983
Tlin12743-RA	GO:0004843
Tlin12743-RA	GO:0016579
Tlin12743-RA	GO:0004843
Tlin04686-RA	GO:0008081
Tlin04686-RA	GO:0006629
Tlin04686-RA	GO:0006629
Tlin04686-RA	GO:0007165
Tlin04686-RA	GO:0035556
Tlin04686-RA	GO:0004435
Tlin04686-RA	GO:0008081
Tlin04686-RA	GO:0006629
Tlin04686-RA	GO:0035556
Tlin01877-RA	GO:0006508
Tlin01877-RA	GO:0004252
Tlin01877-RA	GO:0006508
Tlin01877-RA	GO:0004252
Tlin01877-RA	GO:0006508
Tlin01877-RA	GO:0004252
Tlin09456-RA	GO:0033588
Tlin09456-RA	GO:0002098
Tlin09456-RA	GO:0033588
Tlin09456-RA	GO:0002098
Tlin12596-RA	GO:0016765
Tlin12596-RA	GO:0016020
Tlin12596-RA	GO:0008495
Tlin12596-RA	GO:0016020
Tlin12596-RA	GO:0006783
Tlin12596-RA	GO:0008495
Tlin12596-RA	GO:0016020
Tlin12596-RA	GO:0006783
Tlin04438-RA	GO:0070569
Tlin01149-RA	GO:0005506
Tlin01149-RA	GO:0016705
Tlin01149-RA	GO:0020037
Tlin01149-RA	GO:0004497
Tlin01149-RA	GO:0005506
Tlin01149-RA	GO:0016705
Tlin01149-RA	GO:0020037
Tlin01149-RA	GO:0004497
Tlin01149-RA	GO:0016705
Tlin01149-RA	GO:0005506
Tlin01149-RA	GO:0005506
Tlin01149-RA	GO:0016705
Tlin01149-RA	GO:0020037
Tlin01149-RA	GO:0004497
Tlin10894-RA	GO:0005509
Tlin11001-RA	GO:0008270
Tlin11001-RA	GO:0008237
Tlin09772-RA	GO:0000902
Tlin02772-RA	GO:0005515
Tlin02772-RA	GO:0005509
Tlin02772-RA	GO:0005783
Tlin02772-RA	GO:0006457
Tlin02772-RA	GO:0051082
Tlin02772-RA	GO:0005509
Tlin02772-RA	GO:0005783
Tlin02772-RA	GO:0006457
Tlin02772-RA	GO:0051082
Tlin02772-RA	GO:0005509
Tlin02772-RA	GO:0005515
Tlin02772-RA	GO:0005509
Tlin02772-RA	GO:0005509
Tlin02772-RA	GO:0005509
Tlin03352-RA	GO:0006397
Tlin03352-RA	GO:0006397
Tlin02108-RA	GO:0003677
Tlin02108-RA	GO:0003677
Tlin08437-RA	GO:0008061
Tlin08437-RA	GO:0005576
Tlin08437-RA	GO:0008061
Tlin06160-RA	GO:0016491
Tlin01580-RA	GO:0016791
Tlin01580-RA	GO:0016311
Tlin01580-RA	GO:0006470
Tlin01580-RA	GO:0004725
Tlin01580-RA	GO:0006470
Tlin01580-RA	GO:0004725
Tlin00403-RA	GO:0045048
Tlin00403-RA	GO:0005515
Tlin00403-RA	GO:0005515
Tlin00403-RA	GO:0045048
Tlin00403-RA	GO:0005515
Tlin04832-RA	GO:0016020
Tlin04832-RA	GO:1902600
Tlin04832-RA	GO:0015252
Tlin04832-RA	GO:0016020
Tlin04832-RA	GO:1902600
Tlin04832-RA	GO:0015252
Tlin09888-RA	GO:0061630
Tlin09888-RA	GO:0016567
Tlin13492-RA	GO:0004519
Tlin13492-RA	GO:0005515
Tlin12647-RA	GO:0016616
Tlin12647-RA	GO:0051287
Tlin12647-RA	GO:0000287
Tlin12647-RA	GO:0016491
Tlin12647-RA	GO:0010181
Tlin12647-RA	GO:0016491
Tlin12647-RA	GO:0016491
Tlin12647-RA	GO:0008299
Tlin12647-RA	GO:0016491
Tlin12647-RA	GO:0006102
Tlin12647-RA	GO:0004450
Tlin03864-RA	GO:0007165
Tlin14646-RA	GO:0140359
Tlin14646-RA	GO:0016020
Tlin14646-RA	GO:0005524
Tlin14646-RA	GO:0016887
Tlin14646-RA	GO:0005524
Tlin02219-RA	GO:0005515
Tlin02219-RA	GO:0007165
Tlin03069-RA	GO:0003824
Tlin08777-RA	GO:0016772
Tlin08777-RA	GO:0016020
Tlin08777-RA	GO:0004605
Tlin11696-RA	GO:0006457
Tlin05073-RA	GO:0005515
Tlin05073-RA	GO:0005515
Tlin05073-RA	GO:0005515
Tlin07373-RA	GO:0005524
Tlin04267-RA	GO:0006508
Tlin04267-RA	GO:0004222
Tlin04267-RA	GO:0006508
Tlin04267-RA	GO:0008237
Tlin04267-RA	GO:0006508
Tlin04267-RA	GO:0004222
Tlin04267-RA	GO:0006508
Tlin04267-RA	GO:0004222
Tlin14647-RA	GO:0016614
Tlin14647-RA	GO:0050660
Tlin03325-RA	GO:0003677
Tlin03804-RA	GO:0005515
Tlin03804-RA	GO:0005515
Tlin03804-RA	GO:0005515
Tlin03804-RA	GO:0005515
Tlin03804-RA	GO:0005515
Tlin09659-RA	GO:0036211
Tlin07999-RA	GO:0005840
Tlin07999-RA	GO:0006412
Tlin07999-RA	GO:0003735
Tlin07999-RA	GO:0005840
Tlin07999-RA	GO:0006412
Tlin07999-RA	GO:0003735
Tlin05079-RA	GO:0019915
Tlin05079-RA	GO:0019915
Tlin08651-RA	GO:0016491
Tlin08651-RA	GO:0006098
Tlin08651-RA	GO:0004616
Tlin08651-RA	GO:0050661
Tlin08651-RA	GO:0006098
Tlin08651-RA	GO:0004616
Tlin08651-RA	GO:0004616
Tlin11185-RA	GO:0005515
Tlin11185-RA	GO:0003723
Tlin11185-RA	GO:0003743
Tlin06747-RA	GO:0006556
Tlin06747-RA	GO:0004478
Tlin06747-RA	GO:0005524
Tlin06747-RA	GO:0006556
Tlin06747-RA	GO:0004478
Tlin06747-RA	GO:0006556
Tlin06747-RA	GO:0004478
Tlin06747-RA	GO:0006556
Tlin06747-RA	GO:0004478
Tlin06747-RA	GO:0006556
Tlin06747-RA	GO:0004478
Tlin06747-RA	GO:0006556
Tlin06747-RA	GO:0004478
Tlin06747-RA	GO:0006556
Tlin06747-RA	GO:0004478
Tlin06747-RA	GO:0006556
Tlin06747-RA	GO:0004478
Tlin06747-RA	GO:0006556
Tlin06747-RA	GO:0004478
Tlin07759-RA	GO:0006355
Tlin09221-RA	GO:0005741
Tlin09221-RA	GO:0008053
Tlin09221-RA	GO:0016020
Tlin09221-RA	GO:0003924
Tlin09221-RA	GO:0003924
Tlin05360-RA	GO:0051603
Tlin05360-RA	GO:0005839
Tlin12752-RA	GO:0005515
Tlin12752-RA	GO:0005515
Tlin12752-RA	GO:0005515
Tlin12637-RA	GO:0140359
Tlin12637-RA	GO:0005524
Tlin12637-RA	GO:0016887
Tlin12637-RA	GO:0005524
Tlin12637-RA	GO:0140359
Tlin12637-RA	GO:0016020
Tlin12637-RA	GO:0005524
Tlin12637-RA	GO:0016020
Tlin12637-RA	GO:0005524
Tlin12637-RA	GO:0016020
Tlin12637-RA	GO:0005524
Tlin12637-RA	GO:0016020
Tlin12637-RA	GO:0005524
Tlin12637-RA	GO:0005524
Tlin12637-RA	GO:0016887
Tlin12637-RA	GO:0005524
Tlin12637-RA	GO:0016020
Tlin12637-RA	GO:0055085
Tlin12637-RA	GO:0140359
Tlin12637-RA	GO:0005524
Tlin12637-RA	GO:0016020
Tlin12637-RA	GO:0055085
Tlin12637-RA	GO:0140359
Tlin12637-RA	GO:0005524
Tlin12338-RA	GO:0030659
Tlin02964-RA	GO:0007155
Tlin02964-RA	GO:0005886
Tlin02964-RA	GO:0016020
Tlin02964-RA	GO:0005509
Tlin02964-RA	GO:0016020
Tlin02964-RA	GO:0005509
Tlin02964-RA	GO:0007155
Tlin02964-RA	GO:0005886
Tlin02964-RA	GO:0016020
Tlin02964-RA	GO:0005509
Tlin02964-RA	GO:0016020
Tlin02964-RA	GO:0005509
Tlin02964-RA	GO:0007155
Tlin02964-RA	GO:0005886
Tlin02964-RA	GO:0007155
Tlin02964-RA	GO:0005886
Tlin02964-RA	GO:0016020
Tlin02964-RA	GO:0005509
Tlin02964-RA	GO:0016020
Tlin02964-RA	GO:0005509
Tlin02964-RA	GO:0007155
Tlin02964-RA	GO:0005886
Tlin02964-RA	GO:0016020
Tlin02964-RA	GO:0005509
Tlin02964-RA	GO:0007155
Tlin02964-RA	GO:0005886
Tlin02964-RA	GO:0016020
Tlin02964-RA	GO:0005509
Tlin02964-RA	GO:0016020
Tlin02964-RA	GO:0005509
Tlin02964-RA	GO:0007155
Tlin02964-RA	GO:0005886
Tlin02964-RA	GO:0016020
Tlin02964-RA	GO:0005509
Tlin02964-RA	GO:0007155
Tlin02964-RA	GO:0005886
Tlin02964-RA	GO:0016020
Tlin02964-RA	GO:0005509
Tlin02964-RA	GO:0016020
Tlin02964-RA	GO:0005509
Tlin02964-RA	GO:0016020
Tlin02964-RA	GO:0005509
Tlin02964-RA	GO:0016020
Tlin02964-RA	GO:0005509
Tlin02964-RA	GO:0007155
Tlin02964-RA	GO:0005886
Tlin02964-RA	GO:0007156
Tlin02964-RA	GO:0016020
Tlin02964-RA	GO:0005509
Tlin02964-RA	GO:0007156
Tlin02964-RA	GO:0016020
Tlin02964-RA	GO:0005509
Tlin02964-RA	GO:0007156
Tlin02964-RA	GO:0016020
Tlin02964-RA	GO:0005509
Tlin02964-RA	GO:0007156
Tlin02964-RA	GO:0016020
Tlin02964-RA	GO:0005509
Tlin02964-RA	GO:0007156
Tlin02964-RA	GO:0016020
Tlin02964-RA	GO:0005509
Tlin02964-RA	GO:0007156
Tlin02964-RA	GO:0016020
Tlin02964-RA	GO:0005509
Tlin02964-RA	GO:0007156
Tlin02964-RA	GO:0016020
Tlin02964-RA	GO:0005509
Tlin02964-RA	GO:0007156
Tlin02964-RA	GO:0016020
Tlin02964-RA	GO:0005509
Tlin02964-RA	GO:0007156
Tlin02964-RA	GO:0016020
Tlin02964-RA	GO:0005509
Tlin02964-RA	GO:0007156
Tlin02964-RA	GO:0016020
Tlin02964-RA	GO:0005509
Tlin02964-RA	GO:0007156
Tlin02964-RA	GO:0016020
Tlin02964-RA	GO:0005509
Tlin02964-RA	GO:0007156
Tlin02964-RA	GO:0016020
Tlin02964-RA	GO:0005509
Tlin02964-RA	GO:0007156
Tlin02964-RA	GO:0016020
Tlin02964-RA	GO:0005509
Tlin02964-RA	GO:0007156
Tlin02964-RA	GO:0016020
Tlin02964-RA	GO:0005509
Tlin02964-RA	GO:0007156
Tlin02964-RA	GO:0016020
Tlin02964-RA	GO:0005509
Tlin02964-RA	GO:0007156
Tlin02964-RA	GO:0016020
Tlin02964-RA	GO:0005509
Tlin02964-RA	GO:0007156
Tlin02964-RA	GO:0016020
Tlin02964-RA	GO:0005509
Tlin02964-RA	GO:0007156
Tlin02964-RA	GO:0016020
Tlin02964-RA	GO:0005509
Tlin02964-RA	GO:0007156
Tlin02964-RA	GO:0016020
Tlin02964-RA	GO:0005509
Tlin02964-RA	GO:0007156
Tlin02964-RA	GO:0016020
Tlin02964-RA	GO:0005509
Tlin02964-RA	GO:0007156
Tlin02964-RA	GO:0016020
Tlin02964-RA	GO:0005509
Tlin02964-RA	GO:0007156
Tlin02964-RA	GO:0016020
Tlin02964-RA	GO:0005509
Tlin02964-RA	GO:0016020
Tlin02964-RA	GO:0005509
Tlin02964-RA	GO:0016020
Tlin02964-RA	GO:0005509
Tlin02964-RA	GO:0016020
Tlin02964-RA	GO:0005509
Tlin02964-RA	GO:0007155
Tlin02964-RA	GO:0005886
Tlin02964-RA	GO:0016020
Tlin02964-RA	GO:0005509
Tlin02964-RA	GO:0007155
Tlin02964-RA	GO:0005886
Tlin02964-RA	GO:0007155
Tlin02964-RA	GO:0005886
Tlin02964-RA	GO:0016020
Tlin02964-RA	GO:0005509
Tlin02964-RA	GO:0007155
Tlin02964-RA	GO:0005886
Tlin02964-RA	GO:0016020
Tlin02964-RA	GO:0005509
Tlin02964-RA	GO:0016020
Tlin02964-RA	GO:0005509
Tlin02964-RA	GO:0016020
Tlin02964-RA	GO:0005509
Tlin05697-RA	GO:0005634
Tlin05697-RA	GO:0003713
Tlin10343-RA	GO:0055085
Tlin10343-RA	GO:0022857
Tlin10343-RA	GO:0055085
Tlin10343-RA	GO:0022857
Tlin05132-RA	GO:0016787
Tlin11456-RA	GO:0005778
Tlin11456-RA	GO:0016560
Tlin11456-RA	GO:0005515
Tlin12068-RA	GO:0005515
Tlin12068-RA	GO:0005515
Tlin12068-RA	GO:0005515
Tlin12068-RA	GO:0005515
Tlin12068-RA	GO:0005515
Tlin04192-RA	GO:0033130
Tlin04192-RA	GO:0043495
Tlin04192-RA	GO:0007268
Tlin04192-RA	GO:0005515
Tlin04192-RA	GO:0005515
Tlin04192-RA	GO:0005515
Tlin04192-RA	GO:0005515
Tlin11029-RA	GO:0032367
Tlin11029-RA	GO:0032934
Tlin11029-RA	GO:0015918
Tlin10548-RA	GO:0008270
Tlin10548-RA	GO:0008237
Tlin12939-RA	GO:0005515
Tlin14926-RA	GO:0008270
Tlin14926-RA	GO:0003676
Tlin00694-RA	GO:0005506
Tlin00694-RA	GO:0016705
Tlin00694-RA	GO:0020037
Tlin00694-RA	GO:0004497
Tlin00694-RA	GO:0005506
Tlin00694-RA	GO:0016705
Tlin00694-RA	GO:0020037
Tlin00694-RA	GO:0004497
Tlin00694-RA	GO:0005506
Tlin00694-RA	GO:0016705
Tlin00694-RA	GO:0020037
Tlin00694-RA	GO:0004497
Tlin00694-RA	GO:0016705
Tlin00694-RA	GO:0005506
Tlin00460-RA	GO:0045254
Tlin00460-RA	GO:0006086
Tlin00460-RA	GO:0016746
Tlin00460-RA	GO:0016746
Tlin00460-RA	GO:0016746
Tlin00460-RA	GO:0016746
Tlin04225-RA	GO:0016020
Tlin04225-RA	GO:0004252
Tlin04225-RA	GO:0006465
Tlin04225-RA	GO:0004252
Tlin04225-RA	GO:0006627
Tlin04225-RA	GO:0008236
Tlin04225-RA	GO:0042720
Tlin04225-RA	GO:0006465
Tlin04225-RA	GO:0006465
Tlin04225-RA	GO:0004252
Tlin12013-RA	GO:0001227
Tlin12013-RA	GO:0005515
Tlin10712-RA	GO:0016020
Tlin10712-RA	GO:0016020
Tlin10712-RA	GO:0016020
Tlin10712-RA	GO:0016020
Tlin04860-RA	GO:0005509
Tlin04860-RA	GO:0005509
Tlin11529-RA	GO:0007165
Tlin11529-RA	GO:0004114
Tlin11529-RA	GO:0007165
Tlin11529-RA	GO:0004114
Tlin01612-RA	GO:0006508
Tlin01612-RA	GO:0004252
Tlin01612-RA	GO:0008236
Tlin01612-RA	GO:0006508
Tlin01612-RA	GO:0004252
Tlin07367-RA	GO:0005515
Tlin07367-RA	GO:0003677
Tlin10290-RA	GO:0016020
Tlin10290-RA	GO:0006811
Tlin10290-RA	GO:0016020
Tlin10290-RA	GO:0006811
Tlin10290-RA	GO:0005216
Tlin10290-RA	GO:0016020
Tlin10290-RA	GO:0034220
Tlin10290-RA	GO:0004888
Tlin13341-RA	GO:0005515
Tlin13341-RA	GO:0005515
Tlin13341-RA	GO:0005515
Tlin08732-RA	GO:0006465
Tlin08732-RA	GO:0016020
Tlin08732-RA	GO:0005787
Tlin08732-RA	GO:0006465
Tlin08732-RA	GO:0016020
Tlin08732-RA	GO:0005787
Tlin12940-RA	GO:0000124
Tlin04065-RA	GO:0015629
Tlin04065-RA	GO:0030041
Tlin04065-RA	GO:0034314
Tlin04065-RA	GO:0005885
Tlin04065-RA	GO:0015629
Tlin04065-RA	GO:0030041
Tlin04065-RA	GO:0034314
Tlin04065-RA	GO:0005885
Tlin04065-RA	GO:0015629
Tlin04065-RA	GO:0030041
Tlin04065-RA	GO:0034314
Tlin04065-RA	GO:0005885
Tlin04065-RA	GO:0015629
Tlin04065-RA	GO:0030041
Tlin04065-RA	GO:0034314
Tlin04065-RA	GO:0005885
Tlin12230-RA	GO:0055085
Tlin12230-RA	GO:0016020
Tlin08419-RA	GO:0006383
Tlin08419-RA	GO:0006383
Tlin00180-RA	GO:0008270
Tlin00180-RA	GO:0008270
Tlin00180-RA	GO:0003916
Tlin00180-RA	GO:0006265
Tlin00180-RA	GO:0003677
Tlin00180-RA	GO:0003917
Tlin00180-RA	GO:0003916
Tlin00180-RA	GO:0005694
Tlin00180-RA	GO:0006265
Tlin00180-RA	GO:0003677
Tlin00180-RA	GO:0003916
Tlin00180-RA	GO:0006265
Tlin00180-RA	GO:0003677
Tlin00180-RA	GO:0003917
Tlin00180-RA	GO:0006265
Tlin00180-RA	GO:0003677
Tlin13107-RA	GO:0016020
Tlin13107-RA	GO:0005524
Tlin13107-RA	GO:0016020
Tlin13107-RA	GO:0005524
Tlin13107-RA	GO:0016020
Tlin13107-RA	GO:0005524
Tlin13107-RA	GO:0005524
Tlin13107-RA	GO:0005524
Tlin13107-RA	GO:0016020
Tlin13107-RA	GO:0055085
Tlin13107-RA	GO:0140359
Tlin13107-RA	GO:0005524
Tlin13107-RA	GO:0016020
Tlin13107-RA	GO:0055085
Tlin13107-RA	GO:0140359
Tlin13107-RA	GO:0005524
Tlin13107-RA	GO:0016887
Tlin13107-RA	GO:0005524
Tlin13107-RA	GO:0016887
Tlin13107-RA	GO:0005524
Tlin13107-RA	GO:0016020
Tlin13107-RA	GO:0005524
Tlin05956-RA	GO:0006629
Tlin07070-RA	GO:0016887
Tlin07070-RA	GO:0005524
Tlin07070-RA	GO:0016887
Tlin07070-RA	GO:0005524
Tlin13624-RA	GO:0005869
Tlin03189-RA	GO:0016020
Tlin07085-RA	GO:0005515
Tlin07085-RA	GO:0005634
Tlin07085-RA	GO:0003676
Tlin07085-RA	GO:0005515
Tlin06934-RA	GO:0006888
Tlin06934-RA	GO:0030127
Tlin06934-RA	GO:0006886
Tlin06934-RA	GO:0006888
Tlin06934-RA	GO:0008270
Tlin06934-RA	GO:0030127
Tlin06934-RA	GO:0006886
Tlin06934-RA	GO:0006888
Tlin06934-RA	GO:0008270
Tlin06934-RA	GO:0030127
Tlin06934-RA	GO:0006886
Tlin06934-RA	GO:0006811
Tlin06934-RA	GO:0016020
Tlin06934-RA	GO:0055085
Tlin06934-RA	GO:0005216
Tlin06934-RA	GO:0006888
Tlin06934-RA	GO:0030127
Tlin06934-RA	GO:0006886
Tlin06934-RA	GO:0006888
Tlin06934-RA	GO:0030127
Tlin06934-RA	GO:0006886
Tlin06934-RA	GO:0006888
Tlin06934-RA	GO:0030127
Tlin06934-RA	GO:0006886
Tlin06934-RA	GO:0051260
Tlin10718-RA	GO:0005524
Tlin10718-RA	GO:0005524
Tlin10718-RA	GO:0006468
Tlin10718-RA	GO:0004672
Tlin10718-RA	GO:0006468
Tlin10718-RA	GO:0004672
Tlin08992-RA	GO:0055085
Tlin08992-RA	GO:0022857
Tlin14777-RA	GO:0006310
Tlin14777-RA	GO:0015074
Tlin14777-RA	GO:0003677
Tlin14777-RA	GO:0003677
Tlin14777-RA	GO:0006310
Tlin14777-RA	GO:0015074
Tlin14777-RA	GO:0003677
Tlin05743-RA	GO:0004861
Tlin05743-RA	GO:0005634
Tlin05743-RA	GO:0005737
Tlin05743-RA	GO:0017069
Tlin05743-RA	GO:0000122
Tlin05743-RA	GO:0004861
Tlin05743-RA	GO:0005634
Tlin05743-RA	GO:0005737
Tlin05743-RA	GO:0017069
Tlin05743-RA	GO:0000122
Tlin05972-RA	GO:0016787
Tlin05972-RA	GO:0015016
Tlin05972-RA	GO:0008146
Tlin05972-RA	GO:0008146
Tlin00447-RA	GO:0005515
Tlin00447-RA	GO:0005515
Tlin00447-RA	GO:0005515
Tlin00447-RA	GO:0005515
Tlin00447-RA	GO:0005515
Tlin00447-RA	GO:0004842
Tlin00447-RA	GO:0005515
Tlin00447-RA	GO:0005515
Tlin00447-RA	GO:0005515
Tlin00447-RA	GO:0005515
Tlin00447-RA	GO:0004842
Tlin00447-RA	GO:0004842
Tlin00447-RA	GO:0005515
Tlin14050-RA	GO:0005506
Tlin14050-RA	GO:0016705
Tlin14050-RA	GO:0020037
Tlin14050-RA	GO:0004497
Tlin14050-RA	GO:0005506
Tlin14050-RA	GO:0016705
Tlin14050-RA	GO:0020037
Tlin14050-RA	GO:0004497
Tlin14050-RA	GO:0005506
Tlin14050-RA	GO:0016705
Tlin14050-RA	GO:0020037
Tlin14050-RA	GO:0004497
Tlin14050-RA	GO:0016705
Tlin14050-RA	GO:0005506
Tlin06425-RA	GO:0106035
Tlin03239-RA	GO:0018149
Tlin03239-RA	GO:0018149
Tlin03239-RA	GO:0003810
Tlin03239-RA	GO:0018149
Tlin03239-RA	GO:0003810
Tlin03239-RA	GO:0018149
Tlin03239-RA	GO:0003810
Tlin03239-RA	GO:0018149
Tlin03239-RA	GO:0003810
Tlin12812-RA	GO:0046907
Tlin10660-RA	GO:0005515
Tlin10660-RA	GO:0005515
Tlin10660-RA	GO:0005515
Tlin10660-RA	GO:0005515
Tlin10660-RA	GO:0005515
Tlin10660-RA	GO:0005515
Tlin10660-RA	GO:0005515
Tlin10660-RA	GO:0005515
Tlin10660-RA	GO:0005515
Tlin10660-RA	GO:0005515
Tlin10660-RA	GO:0005515
Tlin10660-RA	GO:0005515
Tlin10660-RA	GO:0005515
Tlin01733-RA	GO:0005515
Tlin01733-RA	GO:0005515
Tlin01733-RA	GO:0005515
Tlin01733-RA	GO:0005515
Tlin01733-RA	GO:0098609
Tlin04216-RA	GO:0005515
Tlin04216-RA	GO:0005515
Tlin04216-RA	GO:0005515
Tlin04216-RA	GO:0005515
Tlin05770-RA	GO:0005840
Tlin05770-RA	GO:0006412
Tlin05770-RA	GO:0003735
Tlin05770-RA	GO:0005840
Tlin05770-RA	GO:0006412
Tlin05770-RA	GO:0003735
Tlin12289-RA	GO:0005515
Tlin12289-RA	GO:0005515
Tlin12289-RA	GO:0005515
Tlin12289-RA	GO:0005515
Tlin12289-RA	GO:0005515
Tlin12289-RA	GO:0005515
Tlin12289-RA	GO:0005515
Tlin12289-RA	GO:0005515
Tlin12289-RA	GO:0005515
Tlin12289-RA	GO:0005515
Tlin12289-RA	GO:0005515
Tlin05804-RA	GO:0003899
Tlin05804-RA	GO:0006351
Tlin05804-RA	GO:0003677
Tlin05804-RA	GO:0003899
Tlin05804-RA	GO:0006351
Tlin05804-RA	GO:0003677
Tlin05804-RA	GO:0003899
Tlin05804-RA	GO:0006351
Tlin05804-RA	GO:0003677
Tlin05804-RA	GO:0003899
Tlin05804-RA	GO:0006351
Tlin05804-RA	GO:0003677
Tlin06119-RA	GO:0003725
Tlin06119-RA	GO:0004386
Tlin06119-RA	GO:0003725
Tlin06119-RA	GO:0005524
Tlin06119-RA	GO:0003676
Tlin02251-RA	GO:0016020
Tlin02251-RA	GO:0006811
Tlin02251-RA	GO:0006811
Tlin02251-RA	GO:0016020
Tlin02251-RA	GO:0005230
Tlin02251-RA	GO:0005216
Tlin02251-RA	GO:0016020
Tlin02251-RA	GO:0034220
Tlin02251-RA	GO:0004888
Tlin02251-RA	GO:0006811
Tlin02251-RA	GO:0016020
Tlin02251-RA	GO:0005230
Tlin02251-RA	GO:0006811
Tlin02251-RA	GO:0016020
Tlin02251-RA	GO:0005230
Tlin02251-RA	GO:0016020
Tlin02251-RA	GO:0006811
Tlin08955-RA	GO:0005524
Tlin08955-RA	GO:0003676
Tlin08955-RA	GO:0005524
Tlin08955-RA	GO:0003676
Tlin01732-RA	GO:0046600
Tlin01732-RA	GO:0008017
Tlin01732-RA	GO:0046600
Tlin01732-RA	GO:0008017
Tlin10825-RA	GO:0005634
Tlin10825-RA	GO:0006397
Tlin10825-RA	GO:0003723
Tlin10825-RA	GO:0003723
Tlin10825-RA	GO:0003723
Tlin10825-RA	GO:0003676
Tlin10825-RA	GO:0003676
Tlin10169-RA	GO:0007029
Tlin10169-RA	GO:0005789
Tlin10169-RA	GO:0007029
Tlin10169-RA	GO:0005789
Tlin01860-RA	GO:0008324
Tlin01860-RA	GO:0006812
Tlin01860-RA	GO:0008324
Tlin01860-RA	GO:0006812
Tlin01860-RA	GO:0008324
Tlin01860-RA	GO:0006812
Tlin01860-RA	GO:0008324
Tlin01860-RA	GO:0006812
Tlin01860-RA	GO:0008324
Tlin01860-RA	GO:0006812
Tlin01860-RA	GO:0008324
Tlin01860-RA	GO:0006812
Tlin01860-RA	GO:0008324
Tlin06114-RA	GO:0016020
Tlin06114-RA	GO:0016020
Tlin06114-RA	GO:0016020
Tlin06114-RA	GO:0016020
Tlin08982-RA	GO:0020037
Tlin08982-RA	GO:0009055
Tlin08982-RA	GO:0020037
Tlin08982-RA	GO:0009055
Tlin08982-RA	GO:0020037
Tlin08982-RA	GO:0009055
Tlin08982-RA	GO:0020037
Tlin08982-RA	GO:0009055
Tlin09853-RA	GO:0046961
Tlin09853-RA	GO:1902600
Tlin09853-RA	GO:0033178
Tlin09853-RA	GO:0046961
Tlin09853-RA	GO:1902600
Tlin09853-RA	GO:0033178
Tlin08331-RA	GO:0006468
Tlin08331-RA	GO:0004672
Tlin08331-RA	GO:0005524
Tlin08331-RA	GO:0006468
Tlin08331-RA	GO:0004672
Tlin08331-RA	GO:0005524
Tlin08331-RA	GO:0006468
Tlin08331-RA	GO:0004707
Tlin08331-RA	GO:0005524
Tlin11464-RA	GO:0140359
Tlin11464-RA	GO:0016020
Tlin11464-RA	GO:0016887
Tlin11464-RA	GO:0005524
Tlin11464-RA	GO:0005524
Tlin08163-RA	GO:0006355
Tlin08163-RA	GO:0008270
Tlin08163-RA	GO:0043565
Tlin08163-RA	GO:0003700
Tlin08163-RA	GO:0006355
Tlin08163-RA	GO:0008270
Tlin08163-RA	GO:0043565
Tlin08163-RA	GO:0003700
Tlin08163-RA	GO:0008270
Tlin08163-RA	GO:0006355
Tlin02486-RA	GO:0020037
Tlin02486-RA	GO:0004096
Tlin02486-RA	GO:0006979
Tlin02486-RA	GO:0020037
Tlin02486-RA	GO:0004096
Tlin02486-RA	GO:0020037
Tlin02486-RA	GO:0020037
Tlin03525-RA	GO:0005524
Tlin03525-RA	GO:0006468
Tlin03525-RA	GO:0004672
Tlin03525-RA	GO:0005524
Tlin03525-RA	GO:0006468
Tlin03525-RA	GO:0004672
Tlin08658-RA	GO:0019786
Tlin02224-RA	GO:0000139
Tlin13384-RA	GO:0005634
Tlin13384-RA	GO:0006260
Tlin13384-RA	GO:0006281
Tlin13384-RA	GO:0006310
Tlin13384-RA	GO:0003677
Tlin13384-RA	GO:0005634
Tlin13384-RA	GO:0006260
Tlin13384-RA	GO:0003677
Tlin13384-RA	GO:0003676
Tlin07250-RA	GO:0051287
Tlin07250-RA	GO:0016616
Tlin07250-RA	GO:0003979
Tlin08709-RA	GO:0016301
Tlin08709-RA	GO:0005524
Tlin04004-RA	GO:0005515
Tlin04004-RA	GO:0016192
Tlin04004-RA	GO:0016020
Tlin11724-RA	GO:0008270
Tlin11724-RA	GO:0004089
Tlin11724-RA	GO:0008270
Tlin11724-RA	GO:0004089
Tlin07907-RA	GO:0005515
Tlin07907-RA	GO:0005515
Tlin08964-RA	GO:0006887
Tlin08964-RA	GO:0000145
Tlin08964-RA	GO:0005546
Tlin08964-RA	GO:0006887
Tlin08964-RA	GO:0000145
Tlin08964-RA	GO:0005546
Tlin08964-RA	GO:0006887
Tlin08964-RA	GO:0000145
Tlin12201-RA	GO:0043565
Tlin10230-RA	GO:0042981
Tlin10230-RA	GO:0042981
Tlin02034-RA	GO:0005515
Tlin02034-RA	GO:0005515
Tlin13228-RA	GO:0046983
Tlin00201-RA	GO:0016020
Tlin00201-RA	GO:0016020
Tlin00201-RA	GO:0016020
Tlin08244-RA	GO:0005515
Tlin08244-RA	GO:0005515
Tlin08244-RA	GO:0005515
Tlin08244-RA	GO:0005515
Tlin08244-RA	GO:0005515
Tlin08244-RA	GO:0005515
Tlin08244-RA	GO:0005515
Tlin08244-RA	GO:0005515
Tlin08244-RA	GO:0005515
Tlin13556-RA	GO:0003677
Tlin07978-RA	GO:0016020
Tlin07978-RA	GO:0016020
Tlin12679-RA	GO:0003721
Tlin12679-RA	GO:0003677
Tlin09232-RA	GO:0005524
Tlin09232-RA	GO:0007018
Tlin09232-RA	GO:0003777
Tlin09232-RA	GO:0007018
Tlin09232-RA	GO:0003777
Tlin09232-RA	GO:0005524
Tlin09232-RA	GO:0007018
Tlin09232-RA	GO:0008017
Tlin09232-RA	GO:0003777
Tlin11068-RA	GO:0006657
Tlin11068-RA	GO:0004105
Tlin11068-RA	GO:0009058
Tlin11068-RA	GO:0003824
Tlin10804-RA	GO:0005515
Tlin10804-RA	GO:0005515
Tlin09847-RA	GO:0005506
Tlin09847-RA	GO:0016705
Tlin09847-RA	GO:0020037
Tlin09847-RA	GO:0004497
Tlin09847-RA	GO:0005506
Tlin09847-RA	GO:0016705
Tlin09847-RA	GO:0020037
Tlin09847-RA	GO:0004497
Tlin09847-RA	GO:0005506
Tlin09847-RA	GO:0016705
Tlin09847-RA	GO:0020037
Tlin09847-RA	GO:0004497
Tlin09847-RA	GO:0016705
Tlin09847-RA	GO:0005506
Tlin07830-RA	GO:0061640
Tlin07830-RA	GO:0005869
Tlin07830-RA	GO:0061640
Tlin07830-RA	GO:0005869
Tlin02381-RA	GO:0022857
Tlin02381-RA	GO:0055085
Tlin02381-RA	GO:0016020
Tlin02381-RA	GO:0008194
Tlin02381-RA	GO:0022857
Tlin02381-RA	GO:0055085
Tlin02381-RA	GO:0016020
Tlin02381-RA	GO:0008194
Tlin13737-RA	GO:0006357
Tlin13737-RA	GO:0016592
Tlin13737-RA	GO:0003712
Tlin02203-RA	GO:0022625
Tlin02203-RA	GO:0003735
Tlin02203-RA	GO:0005840
Tlin02203-RA	GO:0006412
Tlin02203-RA	GO:0003735
Tlin02203-RA	GO:0005840
Tlin02203-RA	GO:0006412
Tlin02203-RA	GO:0003735
Tlin02203-RA	GO:0003735
Tlin02203-RA	GO:0022625
Tlin02203-RA	GO:0003723
Tlin02203-RA	GO:0005840
Tlin02203-RA	GO:0006412
Tlin02203-RA	GO:0003735
Tlin07992-RA	GO:0036211
Tlin07992-RA	GO:0004719
Tlin01194-RA	GO:0046982
Tlin01194-RA	GO:0003677
Tlin01194-RA	GO:0030527
Tlin01194-RA	GO:0000786
Tlin01194-RA	GO:0003677
Tlin01194-RA	GO:0046982
Tlin01194-RA	GO:0003677
Tlin01194-RA	GO:0030527
Tlin01194-RA	GO:0000786
Tlin07797-RA	GO:0005515
Tlin07797-RA	GO:0005515
Tlin07797-RA	GO:0005515
Tlin07797-RA	GO:0005515
Tlin07797-RA	GO:0005515
Tlin07797-RA	GO:0005515
Tlin07797-RA	GO:0005515
Tlin07797-RA	GO:0005515
Tlin07797-RA	GO:0031124
Tlin07797-RA	GO:0005515
Tlin07797-RA	GO:0005515
Tlin12072-RA	GO:0006814
Tlin12072-RA	GO:0016020
Tlin12072-RA	GO:0005272
Tlin12072-RA	GO:0006814
Tlin12072-RA	GO:0016020
Tlin12072-RA	GO:0005272
Tlin09312-RA	GO:0016747
Tlin07297-RA	GO:0043130
Tlin07297-RA	GO:0035091
Tlin07297-RA	GO:0043130
Tlin07297-RA	GO:0035091
Tlin02523-RA	GO:0016298
Tlin02523-RA	GO:0016298
Tlin02458-RA	GO:0016717
Tlin02458-RA	GO:0016717
Tlin02458-RA	GO:0006629
Tlin13640-RA	GO:0051536
Tlin13640-RA	GO:0051536
Tlin13640-RA	GO:0009055
Tlin13640-RA	GO:0051537
Tlin13640-RA	GO:0051536
Tlin05398-RA	GO:0005515
Tlin04521-RA	GO:0005524
Tlin04521-RA	GO:0005694
Tlin04521-RA	GO:0051276
Tlin04521-RA	GO:0005515
Tlin04521-RA	GO:0007062
Tlin04521-RA	GO:0008278
Tlin04521-RA	GO:0016887
Tlin04521-RA	GO:0005524
Tlin04521-RA	GO:0007062
Tlin04521-RA	GO:0008278
Tlin04521-RA	GO:0016887
Tlin04521-RA	GO:0005524
Tlin04521-RA	GO:0005524
Tlin04521-RA	GO:0005694
Tlin04521-RA	GO:0051276
Tlin04521-RA	GO:0005515
Tlin05006-RA	GO:0030001
Tlin05006-RA	GO:0046873
Tlin05006-RA	GO:0055085
Tlin05006-RA	GO:0016020
Tlin09962-RA	GO:0006468
Tlin09962-RA	GO:0004672
Tlin09962-RA	GO:0005524
Tlin09962-RA	GO:0005515
Tlin09962-RA	GO:0006468
Tlin09962-RA	GO:0004672
Tlin09962-RA	GO:0005515
Tlin08020-RA	GO:0003723
Tlin08020-RA	GO:0003676
Tlin05760-RA	GO:0005515
Tlin05760-RA	GO:0004842
Tlin05760-RA	GO:0005515
Tlin05760-RA	GO:0005515
Tlin05760-RA	GO:0005515
Tlin05760-RA	GO:0005515
Tlin05760-RA	GO:0005515
Tlin05760-RA	GO:0005515
Tlin05760-RA	GO:0005515
Tlin05760-RA	GO:0005515
Tlin05760-RA	GO:0004842
Tlin05760-RA	GO:0005515
Tlin05760-RA	GO:0004842
Tlin05760-RA	GO:0005515
Tlin05760-RA	GO:0005515
Tlin00037-RA	GO:0015629
Tlin00037-RA	GO:0030041
Tlin00037-RA	GO:0034314
Tlin00037-RA	GO:0005885
Tlin00037-RA	GO:0015629
Tlin00037-RA	GO:0030041
Tlin00037-RA	GO:0034314
Tlin00037-RA	GO:0005885
Tlin00037-RA	GO:0007018
Tlin00037-RA	GO:0003777
Tlin00037-RA	GO:0005524
Tlin00037-RA	GO:0007018
Tlin00037-RA	GO:0008017
Tlin00037-RA	GO:0003777
Tlin00037-RA	GO:0005524
Tlin00037-RA	GO:0007018
Tlin00037-RA	GO:0003777
Tlin00037-RA	GO:0015629
Tlin00037-RA	GO:0030041
Tlin00037-RA	GO:0034314
Tlin00037-RA	GO:0005885
Tlin00037-RA	GO:0015629
Tlin00037-RA	GO:0034314
Tlin00037-RA	GO:0005885
Tlin00037-RA	GO:0015629
Tlin00037-RA	GO:0030041
Tlin00037-RA	GO:0034314
Tlin00037-RA	GO:0005885
Tlin03384-RA	GO:0016020
Tlin03384-RA	GO:0055085
Tlin03384-RA	GO:0015267
Tlin13020-RA	GO:0015914
Tlin13020-RA	GO:0005548
Tlin13020-RA	GO:0015914
Tlin13020-RA	GO:0005548
Tlin12258-RA	GO:0005515
Tlin12258-RA	GO:0016579
Tlin12258-RA	GO:0004843
Tlin12258-RA	GO:0006511
Tlin12258-RA	GO:0004843
Tlin12258-RA	GO:0006511
Tlin12258-RA	GO:0004843
Tlin12258-RA	GO:0008270
Tlin14211-RA	GO:0043565
Tlin14211-RA	GO:0006313
Tlin14211-RA	GO:0004803
Tlin14361-RA	GO:0006207
Tlin14361-RA	GO:0004590
Tlin14361-RA	GO:0006207
Tlin14361-RA	GO:0004590
Tlin08789-RA	GO:0009966
Tlin08789-RA	GO:0062023
Tlin08789-RA	GO:0005886
Tlin08789-RA	GO:0009966
Tlin08789-RA	GO:0062023
Tlin08789-RA	GO:0005886
Tlin08789-RA	GO:0009966
Tlin08789-RA	GO:0062023
Tlin08789-RA	GO:0005886
Tlin08594-RA	GO:0005506
Tlin08594-RA	GO:0016705
Tlin08594-RA	GO:0020037
Tlin08594-RA	GO:0004497
Tlin08594-RA	GO:0005506
Tlin08594-RA	GO:0016705
Tlin08594-RA	GO:0020037
Tlin08594-RA	GO:0004497
Tlin08594-RA	GO:0005506
Tlin08594-RA	GO:0016705
Tlin08594-RA	GO:0020037
Tlin08594-RA	GO:0004497
Tlin08619-RA	GO:0140359
Tlin08619-RA	GO:0016020
Tlin08619-RA	GO:0055085
Tlin08619-RA	GO:0140359
Tlin08619-RA	GO:0005524
Tlin08619-RA	GO:0016020
Tlin08619-RA	GO:0055085
Tlin08619-RA	GO:0140359
Tlin08619-RA	GO:0005524
Tlin08619-RA	GO:0140359
Tlin08619-RA	GO:0005524
Tlin08619-RA	GO:0016020
Tlin08619-RA	GO:0005524
Tlin08619-RA	GO:0016020
Tlin08619-RA	GO:0005524
Tlin08619-RA	GO:0016887
Tlin08619-RA	GO:0005524
Tlin08619-RA	GO:0016020
Tlin08619-RA	GO:0005524
Tlin08619-RA	GO:0005524
Tlin08619-RA	GO:0016887
Tlin08619-RA	GO:0005524
Tlin08619-RA	GO:0016020
Tlin08619-RA	GO:0005524
Tlin04222-RA	GO:0003677
Tlin04222-RA	GO:0003677
Tlin04222-RA	GO:0006355
Tlin04222-RA	GO:0000981
Tlin12337-RA	GO:0043087
Tlin05999-RA	GO:0006750
Tlin05999-RA	GO:0004357
Tlin05999-RA	GO:0006750
Tlin05999-RA	GO:0004357
Tlin05999-RA	GO:0003824
Tlin10368-RA	GO:0061630
Tlin13915-RA	GO:0016272
Tlin13915-RA	GO:0051082
Tlin13915-RA	GO:0006457
Tlin13350-RA	GO:0003676
Tlin10579-RA	GO:0016887
Tlin10579-RA	GO:0005524
Tlin10579-RA	GO:0016887
Tlin10579-RA	GO:0005524
Tlin10444-RA	GO:0015935
Tlin10444-RA	GO:0019843
Tlin10444-RA	GO:0003735
Tlin10444-RA	GO:0019843
Tlin10444-RA	GO:0003723
Tlin10444-RA	GO:0003723
Tlin04856-RA	GO:0003950
Tlin00237-RA	GO:0003676
Tlin00237-RA	GO:0003723
Tlin09949-RA	GO:0008324
Tlin09949-RA	GO:0006812
Tlin09949-RA	GO:0008324
Tlin09949-RA	GO:0006812
Tlin09949-RA	GO:0008324
Tlin09949-RA	GO:0006812
Tlin09949-RA	GO:0008324
Tlin09949-RA	GO:0008324
Tlin09949-RA	GO:0006812
Tlin09949-RA	GO:0008324
Tlin09949-RA	GO:0006812
Tlin09949-RA	GO:0008324
Tlin09949-RA	GO:0006812
Tlin04752-RA	GO:0005515
Tlin04752-RA	GO:0005515
Tlin04752-RA	GO:0005515
Tlin07309-RA	GO:0007165
Tlin07309-RA	GO:0007165
Tlin02759-RA	GO:0050660
Tlin02759-RA	GO:0016491
Tlin02759-RA	GO:0016491
Tlin02759-RA	GO:0046983
Tlin02759-RA	GO:0050660
Tlin02759-RA	GO:0016491
Tlin08805-RA	GO:0008418
Tlin08805-RA	GO:0008418
Tlin09488-RA	GO:0005840
Tlin09488-RA	GO:0006412
Tlin09488-RA	GO:0003735
Tlin09488-RA	GO:0005840
Tlin09488-RA	GO:0006412
Tlin09488-RA	GO:0003735
Tlin09488-RA	GO:0005840
Tlin09488-RA	GO:0006412
Tlin09488-RA	GO:0003735
Tlin09488-RA	GO:0005840
Tlin09488-RA	GO:0006412
Tlin09488-RA	GO:0003735
Tlin01501-RA	GO:0005515
Tlin01501-RA	GO:0005515
Tlin11801-RA	GO:0005975
Tlin11801-RA	GO:0004553
Tlin11801-RA	GO:0005975
Tlin11801-RA	GO:0004553
Tlin08103-RA	GO:0005515
Tlin08103-RA	GO:0005515
Tlin08103-RA	GO:0005515
Tlin08103-RA	GO:0005515
Tlin03664-RA	GO:0005515
Tlin03664-RA	GO:0007165
Tlin03664-RA	GO:0035091
Tlin03664-RA	GO:0005515
Tlin03664-RA	GO:0035091
Tlin12554-RA	GO:0008270
Tlin12554-RA	GO:0003676
Tlin12554-RA	GO:0008270
Tlin12554-RA	GO:0003676
Tlin06751-RA	GO:0022857
Tlin06751-RA	GO:0055085
Tlin06751-RA	GO:0016020
Tlin06751-RA	GO:0022857
Tlin06751-RA	GO:0055085
Tlin06751-RA	GO:0016020
Tlin04134-RA	GO:0006096
Tlin04134-RA	GO:0004618
Tlin04134-RA	GO:0006096
Tlin04134-RA	GO:0004618
Tlin04134-RA	GO:0006096
Tlin04134-RA	GO:0004618
Tlin04134-RA	GO:0006096
Tlin04134-RA	GO:0004618
Tlin04134-RA	GO:0006096
Tlin04134-RA	GO:0004618
Tlin04134-RA	GO:0006096
Tlin04134-RA	GO:0004618
Tlin12128-RA	GO:0071569
Tlin12128-RA	GO:0061666
Tlin12128-RA	GO:0071569
Tlin12128-RA	GO:0061666
Tlin12128-RA	GO:0046872
Tlin07369-RA	GO:0016747
Tlin07369-RA	GO:0016747
Tlin07369-RA	GO:0016747
Tlin07369-RA	GO:0016747
Tlin07369-RA	GO:0016746
Tlin07369-RA	GO:0016746
Tlin07369-RA	GO:0016746
Tlin07369-RA	GO:0016747
Tlin07369-RA	GO:0016747
Tlin05971-RA	GO:0061630
Tlin05971-RA	GO:0016567
Tlin04205-RA	GO:0006814
Tlin12882-RA	GO:0005515
Tlin12882-RA	GO:0005515
Tlin03462-RA	GO:0005515
Tlin03462-RA	GO:0005515
Tlin03462-RA	GO:0005515
Tlin08127-RA	GO:0005515
Tlin08127-RA	GO:0003677
Tlin04165-RA	GO:0016620
Tlin04165-RA	GO:0016491
Tlin04165-RA	GO:0010133
Tlin04165-RA	GO:0003842
Tlin04165-RA	GO:0016491
Tlin04165-RA	GO:0016491
Tlin04165-RA	GO:0016491
Tlin10480-RA	GO:0005509
Tlin10480-RA	GO:0005509
Tlin08821-RA	GO:0006508
Tlin08821-RA	GO:0004252
Tlin08821-RA	GO:0006508
Tlin08821-RA	GO:0004252
Tlin08821-RA	GO:0006508
Tlin08821-RA	GO:0004252
Tlin06078-RA	GO:0022857
Tlin06078-RA	GO:0055085
Tlin06078-RA	GO:0016020
Tlin10140-RA	GO:0006468
Tlin10140-RA	GO:0004672
Tlin10140-RA	GO:0006468
Tlin10140-RA	GO:0004672
Tlin10140-RA	GO:0005524
Tlin10140-RA	GO:0004709
Tlin10140-RA	GO:0007165
Tlin10140-RA	GO:0000287
Tlin09428-RA	GO:0005549
Tlin09428-RA	GO:0007608
Tlin09428-RA	GO:0016020
Tlin09428-RA	GO:0004984
Tlin09428-RA	GO:0005549
Tlin09428-RA	GO:0007608
Tlin09428-RA	GO:0016020
Tlin09428-RA	GO:0004984
Tlin08729-RA	GO:0016020
Tlin08729-RA	GO:0016020
Tlin11658-RA	GO:0005549
Tlin11658-RA	GO:0005549
Tlin11658-RA	GO:0005549
Tlin11915-RA	GO:0016051
Tlin02651-RA	GO:0050660
Tlin02651-RA	GO:0003824
Tlin02651-RA	GO:0050660
Tlin02651-RA	GO:0003824
Tlin02651-RA	GO:0050660
Tlin02651-RA	GO:0050660
Tlin08745-RA	GO:0005975
Tlin08745-RA	GO:0043169
Tlin08745-RA	GO:0003824
Tlin08745-RA	GO:0005975
Tlin05929-RA	GO:0016192
Tlin05929-RA	GO:0016020
Tlin05929-RA	GO:0006886
Tlin05929-RA	GO:0016020
Tlin05929-RA	GO:0005484
Tlin05929-RA	GO:0016020
Tlin05929-RA	GO:0016020
Tlin09473-RA	GO:0006623
Tlin09473-RA	GO:0016192
Tlin09473-RA	GO:0006886
Tlin09473-RA	GO:0005515
Tlin09473-RA	GO:0005515
Tlin09473-RA	GO:0005515
Tlin04009-RA	GO:0032981
Tlin04009-RA	GO:0016020
Tlin04009-RA	GO:0032981
Tlin04009-RA	GO:0016020
Tlin00185-RA	GO:0005840
Tlin00185-RA	GO:0006412
Tlin00185-RA	GO:0003735
Tlin00185-RA	GO:0005840
Tlin00185-RA	GO:0006412
Tlin00185-RA	GO:0003735
Tlin04694-RA	GO:0016020
Tlin04694-RA	GO:0016020
Tlin07283-RA	GO:0030155
Tlin07283-RA	GO:0030334
Tlin07283-RA	GO:0045995
Tlin07283-RA	GO:0005102
Tlin07283-RA	GO:0007155
Tlin05320-RA	GO:0004386
Tlin05320-RA	GO:0004386
Tlin12124-RA	GO:0005975
Tlin12124-RA	GO:0016773
Tlin12124-RA	GO:0005524
Tlin12124-RA	GO:0005975
Tlin12124-RA	GO:0016773
Tlin12124-RA	GO:0005524
Tlin12124-RA	GO:0004396
Tlin12124-RA	GO:0005524
Tlin12124-RA	GO:0005536
Tlin12124-RA	GO:0005975
Tlin12124-RA	GO:0001678
Tlin09065-RA	GO:0006644
Tlin09065-RA	GO:0050482
Tlin09065-RA	GO:0004623
Tlin09065-RA	GO:0006644
Tlin09065-RA	GO:0050482
Tlin09065-RA	GO:0004623
Tlin09065-RA	GO:0006644
Tlin09065-RA	GO:0050482
Tlin09065-RA	GO:0004623
Tlin11346-RA	GO:0008270
Tlin11346-RA	GO:0005634
Tlin04928-RA	GO:0005515
Tlin04928-RA	GO:0005515
Tlin06269-RA	GO:0055085
Tlin06269-RA	GO:0022857
Tlin13433-RA	GO:0005549
Tlin13433-RA	GO:0007608
Tlin13433-RA	GO:0016020
Tlin13433-RA	GO:0004984
Tlin13433-RA	GO:0005549
Tlin13433-RA	GO:0007608
Tlin13433-RA	GO:0016020
Tlin13433-RA	GO:0004984
Tlin10020-RA	GO:0016020
Tlin01674-RA	GO:0003676
Tlin01674-RA	GO:0006396
Tlin01674-RA	GO:0003723
Tlin01674-RA	GO:0006396
Tlin01674-RA	GO:0003723
Tlin01674-RA	GO:0003723
Tlin01674-RA	GO:0006396
Tlin01674-RA	GO:0003723
Tlin01674-RA	GO:0003723
Tlin08817-RA	GO:0005515
Tlin08817-RA	GO:0005515
Tlin02939-RA	GO:0008168
Tlin06710-RA	GO:0007165
Tlin05806-RA	GO:0006629
Tlin05806-RA	GO:0016298
Tlin05806-RA	GO:0016298
Tlin07758-RA	GO:0006355
Tlin07758-RA	GO:0003700
Tlin03026-RA	GO:0016020
Tlin03026-RA	GO:0016020
Tlin04653-RA	GO:0005840
Tlin04653-RA	GO:0006412
Tlin04653-RA	GO:0003735
Tlin04653-RA	GO:0006412
Tlin04653-RA	GO:0019843
Tlin04653-RA	GO:0003735
Tlin04653-RA	GO:0005840
Tlin04653-RA	GO:0006412
Tlin04653-RA	GO:0003735
Tlin04653-RA	GO:0005840
Tlin04653-RA	GO:0006412
Tlin04653-RA	GO:0003735
Tlin04653-RA	GO:0005840
Tlin04653-RA	GO:0006412
Tlin04653-RA	GO:0003735
Tlin07814-RA	GO:0016020
Tlin07814-RA	GO:0016020
Tlin07814-RA	GO:0016020
Tlin07814-RA	GO:0016020
Tlin07814-RA	GO:0016020
Tlin07814-RA	GO:0016020
Tlin07814-RA	GO:0016020
Tlin07814-RA	GO:0016020
Tlin07814-RA	GO:0016020
Tlin07814-RA	GO:0016020
Tlin07814-RA	GO:0016020
Tlin14622-RA	GO:0008270
Tlin14622-RA	GO:0008237
Tlin14533-RA	GO:0008270
Tlin14533-RA	GO:0008237
Tlin14640-RA	GO:0006281
Tlin14640-RA	GO:0003684
Tlin14640-RA	GO:0006281
Tlin14640-RA	GO:0003684
Tlin14640-RA	GO:0006281
Tlin14640-RA	GO:0003684
Tlin14640-RA	GO:0006281
Tlin05417-RA	GO:0005515
Tlin05436-RA	GO:0016538
Tlin05436-RA	GO:0006357
Tlin14579-RA	GO:0006355
Tlin14579-RA	GO:0003700
Tlin14579-RA	GO:0006355
Tlin14579-RA	GO:0003700
Tlin12580-RA	GO:0006355
Tlin12580-RA	GO:0003700
Tlin12580-RA	GO:0006355
Tlin12580-RA	GO:0003700
Tlin08257-RA	GO:0003677
Tlin08257-RA	GO:0003677
Tlin08257-RA	GO:0006355
Tlin08257-RA	GO:0000981
Tlin04246-RA	GO:0030490
Tlin09033-RA	GO:0005515
Tlin09033-RA	GO:0005515
Tlin09033-RA	GO:0005515
Tlin09033-RA	GO:0005515
Tlin06245-RA	GO:0046922
Tlin06245-RA	GO:0036066
Tlin04127-RA	GO:0030150
Tlin04127-RA	GO:0005742
Tlin08779-RA	GO:0005515
Tlin08779-RA	GO:0005515
Tlin08779-RA	GO:0005515
Tlin08779-RA	GO:0034551
Tlin08779-RA	GO:0005515
Tlin02157-RA	GO:0006888
Tlin02157-RA	GO:0006890
Tlin02157-RA	GO:0005484
Tlin01211-RA	GO:0000077
Tlin01211-RA	GO:0000077
Tlin01498-RA	GO:0005515
Tlin01498-RA	GO:0005515
Tlin01498-RA	GO:0005515
Tlin01498-RA	GO:0005515
Tlin01498-RA	GO:0005515
Tlin01498-RA	GO:0005515
Tlin11733-RA	GO:0016787
Tlin11733-RA	GO:0016787
Tlin11733-RA	GO:0004298
Tlin02864-RA	GO:0005747
Tlin02864-RA	GO:0005743
Tlin02864-RA	GO:0005747
Tlin02864-RA	GO:0005743
Tlin05312-RA	GO:0016627
Tlin05312-RA	GO:0050660
Tlin05312-RA	GO:0016627
Tlin05312-RA	GO:0050660
Tlin05312-RA	GO:0016627
Tlin05312-RA	GO:0016627
Tlin05312-RA	GO:0003995
Tlin05312-RA	GO:0003995
Tlin05312-RA	GO:0016627
Tlin05312-RA	GO:0016627
Tlin05312-RA	GO:0016627
Tlin04475-RA	GO:0055085
Tlin04475-RA	GO:0140359
Tlin04475-RA	GO:0016020
Tlin13881-RA	GO:0008270
Tlin13881-RA	GO:0003676
Tlin13881-RA	GO:0003676
Tlin13881-RA	GO:0015074
Tlin05218-RA	GO:0005515
Tlin05218-RA	GO:0005515
Tlin05218-RA	GO:0016020
Tlin05218-RA	GO:0031267
Tlin05218-RA	GO:0006887
Tlin12930-RA	GO:0005515
Tlin12930-RA	GO:0005515
Tlin12931-RA	GO:0055085
Tlin12931-RA	GO:0055085
Tlin01605-RA	GO:0005524
Tlin01605-RA	GO:0007018
Tlin01605-RA	GO:0003777
Tlin01605-RA	GO:0007018
Tlin01605-RA	GO:0003777
Tlin01605-RA	GO:0005524
Tlin01605-RA	GO:0007018
Tlin01605-RA	GO:0008017
Tlin01605-RA	GO:0003777
Tlin00444-RA	GO:0005737
Tlin00444-RA	GO:0005852
Tlin00444-RA	GO:0003743
Tlin00444-RA	GO:0005737
Tlin00444-RA	GO:0005852
Tlin00444-RA	GO:0003743
Tlin04287-RA	GO:0003677
Tlin04287-RA	GO:0003677
Tlin13048-RA	GO:0005515
Tlin13048-RA	GO:0005515
Tlin13048-RA	GO:0006508
Tlin13048-RA	GO:0004252
Tlin13048-RA	GO:0005515
Tlin13048-RA	GO:0005515
Tlin13048-RA	GO:0006508
Tlin13048-RA	GO:0004252
Tlin13048-RA	GO:0005515
Tlin13048-RA	GO:0005515
Tlin13048-RA	GO:0005515
Tlin13048-RA	GO:0005515
Tlin13048-RA	GO:0005515
Tlin13048-RA	GO:0005515
Tlin13048-RA	GO:0005515
Tlin13048-RA	GO:0005515
Tlin13048-RA	GO:0005515
Tlin13048-RA	GO:0006508
Tlin13048-RA	GO:0004252
Tlin05588-RA	GO:0015078
Tlin05588-RA	GO:0015986
Tlin05588-RA	GO:0000276
Tlin05588-RA	GO:0015078
Tlin05588-RA	GO:0015986
Tlin05588-RA	GO:0000276
Tlin05588-RA	GO:0015078
Tlin05588-RA	GO:0015986
Tlin05588-RA	GO:0000276
Tlin05588-RA	GO:0015078
Tlin05588-RA	GO:0015986
Tlin05588-RA	GO:0000276
Tlin00395-RA	GO:0005515
Tlin00395-RA	GO:0005515
Tlin00395-RA	GO:0005515
Tlin01808-RA	GO:0016020
Tlin01808-RA	GO:0016020
Tlin01808-RA	GO:0016020
Tlin01808-RA	GO:0016020
Tlin01808-RA	GO:0016020
Tlin01445-RA	GO:0003723
Tlin01445-RA	GO:0031124
Tlin01445-RA	GO:0003676
Tlin02184-RA	GO:0006357
Tlin02184-RA	GO:0016592
Tlin02184-RA	GO:0003712
Tlin02184-RA	GO:0006357
Tlin02184-RA	GO:0016592
Tlin02184-RA	GO:0003712
Tlin06563-RA	GO:0051287
Tlin06563-RA	GO:0051287
Tlin06563-RA	GO:0016616
Tlin02419-RA	GO:0006355
Tlin02419-RA	GO:0006355
Tlin02781-RA	GO:0005515
Tlin02781-RA	GO:0005515
Tlin02781-RA	GO:0005515
Tlin02781-RA	GO:0005515
Tlin11344-RA	GO:0005576
Tlin11344-RA	GO:0007275
Tlin11344-RA	GO:0016055
Tlin11344-RA	GO:0005102
Tlin11344-RA	GO:0005576
Tlin11344-RA	GO:0007275
Tlin11344-RA	GO:0016055
Tlin11344-RA	GO:0005102
Tlin01529-RA	GO:0006811
Tlin01529-RA	GO:0016020
Tlin01529-RA	GO:0055085
Tlin01529-RA	GO:0005216
Tlin09912-RA	GO:0022857
Tlin09912-RA	GO:0055085
Tlin09912-RA	GO:0016020
Tlin09912-RA	GO:0022857
Tlin09912-RA	GO:0055085
Tlin09912-RA	GO:0016020
Tlin09912-RA	GO:0051119
Tlin09912-RA	GO:0008643
Tlin09912-RA	GO:0022857
Tlin09912-RA	GO:0055085
Tlin09912-RA	GO:0016020
Tlin05695-RA	GO:0006468
Tlin05695-RA	GO:0004672
Tlin05695-RA	GO:0016020
Tlin05695-RA	GO:0004675
Tlin05695-RA	GO:0005524
Tlin05695-RA	GO:0006750
Tlin05695-RA	GO:0004363
Tlin05695-RA	GO:0005524
Tlin05695-RA	GO:0006468
Tlin05695-RA	GO:0004672
Tlin05695-RA	GO:0005524
Tlin05695-RA	GO:0004363
Tlin05695-RA	GO:0005524
Tlin05695-RA	GO:0006750
Tlin05695-RA	GO:0016874
Tlin05695-RA	GO:0004363
Tlin05695-RA	GO:0005524
Tlin05695-RA	GO:0006750
Tlin05695-RA	GO:0004363
Tlin05695-RA	GO:0005524
Tlin05695-RA	GO:0006750
Tlin05695-RA	GO:0004363
Tlin05695-RA	GO:0005524
Tlin05695-RA	GO:0006468
Tlin05695-RA	GO:0016020
Tlin05695-RA	GO:0004675
Tlin05695-RA	GO:0005524
Tlin05695-RA	GO:0006750
Tlin05695-RA	GO:0004363
Tlin07509-RA	GO:0030246
Tlin07509-RA	GO:0016853
Tlin07509-RA	GO:0005975
Tlin07509-RA	GO:0005975
Tlin07509-RA	GO:0030246
Tlin07509-RA	GO:0003824
Tlin14250-RA	GO:0003677
Tlin06720-RA	GO:0016020
Tlin06720-RA	GO:0071805
Tlin06720-RA	GO:0005267
Tlin03578-RA	GO:0072487
Tlin03578-RA	GO:0043984
Tlin00987-RA	GO:1990112
Tlin00987-RA	GO:1990116
Tlin00987-RA	GO:0061630
Tlin10110-RA	GO:0005515
Tlin10110-RA	GO:0005515
Tlin10110-RA	GO:0005515
Tlin10110-RA	GO:0005515
Tlin10110-RA	GO:0005524
Tlin10110-RA	GO:0016459
Tlin10110-RA	GO:0003774
Tlin06045-RA	GO:0008569
Tlin06045-RA	GO:0030286
Tlin06045-RA	GO:0045505
Tlin06045-RA	GO:0051959
Tlin06045-RA	GO:0007018
Tlin01625-RA	GO:0005666
Tlin01625-RA	GO:0006383
Tlin01625-RA	GO:0003677
Tlin01625-RA	GO:0005666
Tlin01625-RA	GO:0006383
Tlin01625-RA	GO:0003677
Tlin02982-RA	GO:0006352
Tlin02982-RA	GO:0003677
Tlin02982-RA	GO:0006352
Tlin02982-RA	GO:0003677
Tlin02982-RA	GO:0006352
Tlin02982-RA	GO:0003677
Tlin02982-RA	GO:0006352
Tlin02982-RA	GO:0003677
Tlin12597-RA	GO:0005524
Tlin12597-RA	GO:0005524
Tlin12597-RA	GO:0006468
Tlin12597-RA	GO:0004672
Tlin12597-RA	GO:0006468
Tlin12597-RA	GO:0004672
Tlin04260-RA	GO:0004045
Tlin04260-RA	GO:0004045
Tlin04260-RA	GO:0003723
Tlin04260-RA	GO:0004045
Tlin04260-RA	GO:0003676
Tlin13175-RA	GO:0003676
Tlin06794-RA	GO:0000049
Tlin06889-RA	GO:0005515
Tlin06889-RA	GO:0005515
Tlin06889-RA	GO:0005515
Tlin06091-RA	GO:0006397
Tlin06091-RA	GO:0006397
Tlin04403-RA	GO:0016651
Tlin04403-RA	GO:0048038
Tlin04403-RA	GO:0051287
Tlin04403-RA	GO:0016651
Tlin04403-RA	GO:0016651
Tlin01570-RA	GO:0003676
Tlin02699-RA	GO:0003729
Tlin02699-RA	GO:0000245
Tlin13924-RA	GO:0016887
Tlin13924-RA	GO:0005524
Tlin14801-RA	GO:0016887
Tlin14801-RA	GO:0005524
Tlin03857-RA	GO:0009966
Tlin03857-RA	GO:0043666
Tlin03857-RA	GO:0004864
Tlin03857-RA	GO:0009966
Tlin03857-RA	GO:0043666
Tlin03857-RA	GO:0004864
Tlin12741-RA	GO:0006355
Tlin12741-RA	GO:0003677
Tlin14036-RA	GO:0006355
Tlin14036-RA	GO:0003677
Tlin11297-RA	GO:0016973
Tlin06304-RA	GO:0055085
Tlin06304-RA	GO:0022857
Tlin06304-RA	GO:0022857
Tlin06304-RA	GO:0055085
Tlin06304-RA	GO:0016020
Tlin11468-RA	GO:0004866
Tlin11468-RA	GO:0004866
Tlin08767-RA	GO:0016020
Tlin06828-RA	GO:0006468
Tlin06828-RA	GO:0004672
Tlin06828-RA	GO:0005524
Tlin06828-RA	GO:0005524
Tlin06828-RA	GO:0006468
Tlin06828-RA	GO:0004672
Tlin00722-RA	GO:0006355
Tlin00722-RA	GO:0000981
Tlin00722-RA	GO:0006355
Tlin00722-RA	GO:0003677
Tlin00722-RA	GO:0003677
Tlin00722-RA	GO:0003677
Tlin00722-RA	GO:0003677
Tlin00722-RA	GO:0006355
Tlin00722-RA	GO:0003677
Tlin06258-RA	GO:0043565
Tlin13284-RA	GO:0005515
Tlin02806-RA	GO:0005515
Tlin02806-RA	GO:0005515
Tlin02806-RA	GO:0005515
Tlin02806-RA	GO:0005515
Tlin04949-RA	GO:0006281
Tlin04949-RA	GO:0008081
Tlin04949-RA	GO:0005634
Tlin04949-RA	GO:0006281
Tlin04949-RA	GO:0008081
Tlin04949-RA	GO:0005634
Tlin12477-RA	GO:0007179
Tlin12477-RA	GO:0005515
Tlin12477-RA	GO:0006355
Tlin12477-RA	GO:0006355
Tlin12477-RA	GO:0007179
Tlin12477-RA	GO:0006355
Tlin04737-RA	GO:0046872
Tlin04737-RA	GO:0046872
Tlin04737-RA	GO:0046872
Tlin04737-RA	GO:0003729
Tlin04737-RA	GO:0046872
Tlin10497-RA	GO:0005576
Tlin12274-RA	GO:0005515
Tlin12274-RA	GO:0005515
Tlin12274-RA	GO:0005515
Tlin12274-RA	GO:0005515
Tlin12274-RA	GO:0005515
Tlin08883-RA	GO:0005786
Tlin08883-RA	GO:0006614
Tlin08883-RA	GO:0008312
Tlin08883-RA	GO:0030942
Tlin08883-RA	GO:0005047
Tlin08883-RA	GO:0003723
Tlin08883-RA	GO:0005786
Tlin08883-RA	GO:0006614
Tlin08883-RA	GO:0008312
Tlin08883-RA	GO:0030942
Tlin08883-RA	GO:0005047
Tlin01632-RA	GO:0062101
Tlin01632-RA	GO:0042264
Tlin01632-RA	GO:0005515
Tlin01632-RA	GO:0005515
Tlin01632-RA	GO:0018193
Tlin11910-RA	GO:0005634
Tlin11910-RA	GO:0051726
Tlin11910-RA	GO:0004861
Tlin11437-RA	GO:0006289
Tlin11437-RA	GO:0006355
Tlin11437-RA	GO:0000439
Tlin11437-RA	GO:0006289
Tlin11437-RA	GO:0006355
Tlin11437-RA	GO:0000439
Tlin03601-RA	GO:0046872
Tlin03601-RA	GO:0006801
Tlin03601-RA	GO:0046872
Tlin03601-RA	GO:0006801
Tlin03601-RA	GO:0046872
Tlin03601-RA	GO:0006801
Tlin03601-RA	GO:0005507
Tlin06260-RA	GO:0005525
Tlin06260-RA	GO:0003924
Tlin06260-RA	GO:0003924
Tlin06260-RA	GO:0005525
Tlin06260-RA	GO:0006413
Tlin06260-RA	GO:0003743
Tlin03721-RA	GO:0005515
Tlin03721-RA	GO:0005515
Tlin00867-RA	GO:0005515
Tlin00867-RA	GO:0005515
Tlin00867-RA	GO:0005515
Tlin00867-RA	GO:0005515
Tlin00867-RA	GO:0005515
Tlin00867-RA	GO:0005515
Tlin00867-RA	GO:0005515
Tlin00867-RA	GO:0005515
Tlin00867-RA	GO:0005515
Tlin00867-RA	GO:0005515
Tlin00867-RA	GO:0005515
Tlin00867-RA	GO:0005515
Tlin00867-RA	GO:0005515
Tlin02510-RA	GO:0005515
Tlin01787-RA	GO:0046983
Tlin01787-RA	GO:0003677
Tlin01787-RA	GO:0046983
Tlin01787-RA	GO:0003677
Tlin01787-RA	GO:0046983
Tlin01787-RA	GO:0003677
Tlin01787-RA	GO:0045944
Tlin01787-RA	GO:0000977
Tlin01787-RA	GO:0046983
Tlin01787-RA	GO:0003677
Tlin06966-RA	GO:0016780
Tlin06933-RA	GO:0032259
Tlin06933-RA	GO:0008168
Tlin07135-RA	GO:0006629
Tlin07135-RA	GO:0047499
Tlin07135-RA	GO:0005515
Tlin07135-RA	GO:0005515
Tlin05805-RA	GO:0006623
Tlin05805-RA	GO:0016192
Tlin05805-RA	GO:0016192
Tlin05805-RA	GO:0016192
Tlin10034-RA	GO:0004812
Tlin10034-RA	GO:0005524
Tlin10034-RA	GO:0043039
Tlin10034-RA	GO:0000049
Tlin10034-RA	GO:0004812
Tlin10034-RA	GO:0005524
Tlin10034-RA	GO:0043039
Tlin10034-RA	GO:0000049
Tlin00067-RA	GO:0003676
Tlin00067-RA	GO:0003676
Tlin00067-RA	GO:0004535
Tlin00067-RA	GO:0005634
Tlin00067-RA	GO:0005737
Tlin00067-RA	GO:0006402
Tlin00067-RA	GO:0046872
Tlin00067-RA	GO:0003723
Tlin00067-RA	GO:0003676
Tlin00067-RA	GO:0003676
Tlin00659-RA	GO:0006397
Tlin00659-RA	GO:0004540
Tlin00659-RA	GO:0005515
Tlin00659-RA	GO:0004674
Tlin00659-RA	GO:0030968
Tlin00659-RA	GO:0004521
Tlin00659-RA	GO:0005524
Tlin00659-RA	GO:0006468
Tlin00659-RA	GO:0004672
Tlin00659-RA	GO:0006468
Tlin00659-RA	GO:0004672
Tlin02005-RA	GO:0005509
Tlin02005-RA	GO:0005509
Tlin05878-RA	GO:0140359
Tlin05878-RA	GO:0016020
Tlin05878-RA	GO:0005524
Tlin05878-RA	GO:0016020
Tlin05878-RA	GO:0055085
Tlin05878-RA	GO:0140359
Tlin05878-RA	GO:0005524
Tlin05878-RA	GO:0016020
Tlin05878-RA	GO:0055085
Tlin05878-RA	GO:0140359
Tlin05878-RA	GO:0005524
Tlin05878-RA	GO:0016020
Tlin05878-RA	GO:0005524
Tlin05878-RA	GO:0016020
Tlin05878-RA	GO:0005524
Tlin05878-RA	GO:0016020
Tlin05878-RA	GO:0005524
Tlin05878-RA	GO:0005524
Tlin05878-RA	GO:0016887
Tlin05878-RA	GO:0005524
Tlin05878-RA	GO:0005524
Tlin05878-RA	GO:0016887
Tlin05878-RA	GO:0005524
Tlin11215-RA	GO:0044237
Tlin05601-RA	GO:0006511
Tlin05601-RA	GO:0004843
Tlin05601-RA	GO:0006511
Tlin05601-RA	GO:0004843
Tlin05601-RA	GO:0016579
Tlin05601-RA	GO:0004843
Tlin05601-RA	GO:0005515
Tlin05601-RA	GO:0005515
Tlin00049-RA	GO:0003723
Tlin00049-RA	GO:0003755
Tlin00049-RA	GO:0000413
Tlin00049-RA	GO:0003676
Tlin05121-RA	GO:0004781
Tlin05121-RA	GO:0004781
Tlin05121-RA	GO:0000103
Tlin05121-RA	GO:0004020
Tlin05121-RA	GO:0005524
Tlin05121-RA	GO:0000103
Tlin14399-RA	GO:0051087
Tlin14399-RA	GO:0000774
Tlin01900-RA	GO:0046872
Tlin01900-RA	GO:0004842
Tlin12153-RA	GO:0005509
Tlin12153-RA	GO:0005509
Tlin05092-RA	GO:0016491
Tlin08137-RA	GO:0046982
Tlin08137-RA	GO:0046982
Tlin10282-RA	GO:0008270
Tlin09762-RA	GO:0019239
Tlin09762-RA	GO:0005615
Tlin14282-RA	GO:0006355
Tlin14282-RA	GO:0043565
Tlin14282-RA	GO:0003700
Tlin14282-RA	GO:0006355
Tlin14282-RA	GO:0043565
Tlin14282-RA	GO:0003700
Tlin14282-RA	GO:0006355
Tlin14282-RA	GO:0043565
Tlin14282-RA	GO:0003700
Tlin14282-RA	GO:0006357
Tlin14282-RA	GO:0003700
Tlin14282-RA	GO:0043565
Tlin03347-RA	GO:0005515
Tlin03347-RA	GO:0140658
Tlin03347-RA	GO:0005524
Tlin01326-RA	GO:0004842
Tlin01326-RA	GO:0004842
Tlin01326-RA	GO:0004842
Tlin08002-RA	GO:0007017
Tlin08002-RA	GO:0005869
Tlin08002-RA	GO:0007017
Tlin08002-RA	GO:0005869
Tlin04864-RA	GO:0006508
Tlin04864-RA	GO:0004222
Tlin04864-RA	GO:0008237
Tlin08512-RA	GO:0005737
Tlin13449-RA	GO:0006164
Tlin13449-RA	GO:0004639
Tlin13449-RA	GO:0006164
Tlin13449-RA	GO:0004639
Tlin13449-RA	GO:0006189
Tlin01471-RA	GO:0005506
Tlin01471-RA	GO:0016705
Tlin01471-RA	GO:0020037
Tlin01471-RA	GO:0004497
Tlin01471-RA	GO:0005506
Tlin01471-RA	GO:0016705
Tlin01471-RA	GO:0020037
Tlin01471-RA	GO:0004497
Tlin01471-RA	GO:0005506
Tlin01471-RA	GO:0016705
Tlin01471-RA	GO:0020037
Tlin01471-RA	GO:0004497
Tlin12367-RA	GO:0016705
Tlin12367-RA	GO:0005506
Tlin12367-RA	GO:0005506
Tlin12367-RA	GO:0016705
Tlin12367-RA	GO:0020037
Tlin12367-RA	GO:0004497
Tlin12367-RA	GO:0005506
Tlin12367-RA	GO:0016705
Tlin12367-RA	GO:0020037
Tlin12367-RA	GO:0004497
Tlin12367-RA	GO:0005506
Tlin12367-RA	GO:0016705
Tlin12367-RA	GO:0020037
Tlin12367-RA	GO:0004497
Tlin01358-RA	GO:0046540
Tlin01358-RA	GO:0000398
Tlin01358-RA	GO:0046540
Tlin01358-RA	GO:0000398
Tlin01358-RA	GO:0046540
Tlin01358-RA	GO:0000398
Tlin01431-RA	GO:0016491
Tlin08095-RA	GO:0006488
Tlin08095-RA	GO:0006488
Tlin05109-RA	GO:0033617
Tlin05109-RA	GO:0005758
Tlin04302-RA	GO:0045893
Tlin04302-RA	GO:0003700
Tlin04302-RA	GO:0006355
Tlin04302-RA	GO:0003700
Tlin04302-RA	GO:0005634
Tlin04302-RA	GO:0006355
Tlin04302-RA	GO:0003700
Tlin04302-RA	GO:0003700
Tlin04302-RA	GO:0006355
Tlin04302-RA	GO:0000978
Tlin04302-RA	GO:0005634
Tlin04302-RA	GO:0006355
Tlin04302-RA	GO:0003700
Tlin04302-RA	GO:0005634
Tlin04302-RA	GO:0006355
Tlin04302-RA	GO:0003700
Tlin00864-RA	GO:0006508
Tlin00864-RA	GO:0004252
Tlin04651-RA	GO:0046983
Tlin04651-RA	GO:0006355
Tlin04651-RA	GO:0003677
Tlin04651-RA	GO:0046983
Tlin04651-RA	GO:0046983
Tlin12224-RA	GO:0051287
Tlin12224-RA	GO:0016491
Tlin12224-RA	GO:0005515
Tlin12224-RA	GO:0016491
Tlin12224-RA	GO:0050661
Tlin03361-RA	GO:0008484
Tlin09618-RA	GO:0016887
Tlin09618-RA	GO:0005524
Tlin09618-RA	GO:0005524
Tlin04603-RA	GO:0005515
Tlin04603-RA	GO:0005515
Tlin08827-RA	GO:0007155
Tlin08827-RA	GO:0005886
Tlin08827-RA	GO:0016020
Tlin08827-RA	GO:0005509
Tlin08827-RA	GO:0016020
Tlin08827-RA	GO:0005509
Tlin08827-RA	GO:0007155
Tlin08827-RA	GO:0005886
Tlin08827-RA	GO:0016020
Tlin08827-RA	GO:0005509
Tlin08827-RA	GO:0016020
Tlin08827-RA	GO:0005509
Tlin08827-RA	GO:0007155
Tlin08827-RA	GO:0005886
Tlin08827-RA	GO:0016020
Tlin08827-RA	GO:0005509
Tlin08827-RA	GO:0007155
Tlin08827-RA	GO:0005886
Tlin08827-RA	GO:0016020
Tlin08827-RA	GO:0005509
Tlin08827-RA	GO:0016020
Tlin08827-RA	GO:0005509
Tlin08827-RA	GO:0016020
Tlin08827-RA	GO:0005509
Tlin08827-RA	GO:0007156
Tlin08827-RA	GO:0016020
Tlin08827-RA	GO:0005509
Tlin08827-RA	GO:0007156
Tlin08827-RA	GO:0016020
Tlin08827-RA	GO:0005509
Tlin08827-RA	GO:0007156
Tlin08827-RA	GO:0016020
Tlin08827-RA	GO:0005509
Tlin08827-RA	GO:0007156
Tlin08827-RA	GO:0016020
Tlin08827-RA	GO:0005509
Tlin08827-RA	GO:0007156
Tlin08827-RA	GO:0016020
Tlin08827-RA	GO:0005509
Tlin08827-RA	GO:0007156
Tlin08827-RA	GO:0016020
Tlin08827-RA	GO:0005509
Tlin08827-RA	GO:0007156
Tlin08827-RA	GO:0016020
Tlin08827-RA	GO:0005509
Tlin08827-RA	GO:0007156
Tlin08827-RA	GO:0016020
Tlin08827-RA	GO:0005509
Tlin08827-RA	GO:0007156
Tlin08827-RA	GO:0016020
Tlin08827-RA	GO:0005509
Tlin08827-RA	GO:0007156
Tlin08827-RA	GO:0016020
Tlin08827-RA	GO:0005509
Tlin08827-RA	GO:0007156
Tlin08827-RA	GO:0016020
Tlin08827-RA	GO:0005509
Tlin08827-RA	GO:0007156
Tlin08827-RA	GO:0016020
Tlin08827-RA	GO:0005509
Tlin08827-RA	GO:0007156
Tlin08827-RA	GO:0016020
Tlin08827-RA	GO:0005509
Tlin08827-RA	GO:0007156
Tlin08827-RA	GO:0016020
Tlin08827-RA	GO:0005509
Tlin08827-RA	GO:0007156
Tlin08827-RA	GO:0016020
Tlin08827-RA	GO:0005509
Tlin08827-RA	GO:0007156
Tlin08827-RA	GO:0016020
Tlin08827-RA	GO:0005509
Tlin08827-RA	GO:0007156
Tlin08827-RA	GO:0016020
Tlin08827-RA	GO:0005509
Tlin08827-RA	GO:0007156
Tlin08827-RA	GO:0016020
Tlin08827-RA	GO:0005509
Tlin08827-RA	GO:0007156
Tlin08827-RA	GO:0016020
Tlin08827-RA	GO:0005509
Tlin08827-RA	GO:0007156
Tlin08827-RA	GO:0016020
Tlin08827-RA	GO:0005509
Tlin08827-RA	GO:0007156
Tlin08827-RA	GO:0016020
Tlin08827-RA	GO:0005509
Tlin08827-RA	GO:0016020
Tlin08827-RA	GO:0005509
Tlin08827-RA	GO:0016020
Tlin08827-RA	GO:0005509
Tlin08827-RA	GO:0016020
Tlin08827-RA	GO:0005509
Tlin08827-RA	GO:0016020
Tlin08827-RA	GO:0005509
Tlin08827-RA	GO:0007155
Tlin08827-RA	GO:0005886
Tlin08827-RA	GO:0007155
Tlin08827-RA	GO:0005886
Tlin08827-RA	GO:0016020
Tlin08827-RA	GO:0005509
Tlin08827-RA	GO:0016020
Tlin08827-RA	GO:0005509
Tlin08827-RA	GO:0016020
Tlin08827-RA	GO:0005509
Tlin08827-RA	GO:0007155
Tlin08827-RA	GO:0005886
Tlin08827-RA	GO:0016020
Tlin08827-RA	GO:0005509
Tlin08827-RA	GO:0016020
Tlin08827-RA	GO:0005509
Tlin08827-RA	GO:0016020
Tlin08827-RA	GO:0005509
Tlin08827-RA	GO:0016020
Tlin08827-RA	GO:0005509
Tlin08827-RA	GO:0005509
Tlin08827-RA	GO:0007155
Tlin08827-RA	GO:0005886
Tlin08827-RA	GO:0007155
Tlin08827-RA	GO:0005886
Tlin08827-RA	GO:0016020
Tlin08827-RA	GO:0005509
Tlin08827-RA	GO:0016020
Tlin08827-RA	GO:0005509
Tlin08827-RA	GO:0016020
Tlin08827-RA	GO:0005509
Tlin08827-RA	GO:0007155
Tlin08827-RA	GO:0005886
Tlin08827-RA	GO:0016020
Tlin08827-RA	GO:0005509
Tlin08827-RA	GO:0016020
Tlin08827-RA	GO:0005509
Tlin08827-RA	GO:0016020
Tlin08827-RA	GO:0005509
Tlin12052-RA	GO:0008270
Tlin12052-RA	GO:0008270
Tlin07064-RA	GO:0016020
Tlin10605-RA	GO:0005515
Tlin10605-RA	GO:0005515
Tlin10605-RA	GO:0005515
Tlin10605-RA	GO:0005515
Tlin10605-RA	GO:0005515
Tlin10605-RA	GO:0005515
Tlin10605-RA	GO:0005515
Tlin10605-RA	GO:0005515
Tlin10605-RA	GO:0005515
Tlin10605-RA	GO:0005515
Tlin10605-RA	GO:0005515
Tlin10605-RA	GO:0005515
Tlin10605-RA	GO:0005515
Tlin10605-RA	GO:0005515
Tlin10605-RA	GO:0005515
Tlin10605-RA	GO:0005515
Tlin10605-RA	GO:0005515
Tlin10605-RA	GO:0005515
Tlin00197-RA	GO:0015935
Tlin00197-RA	GO:0019843
Tlin00197-RA	GO:0003735
Tlin00197-RA	GO:0003723
Tlin00197-RA	GO:0003723
Tlin00197-RA	GO:0019843
Tlin00197-RA	GO:0019843
Tlin03017-RA	GO:0045162
Tlin07603-RA	GO:0050661
Tlin07603-RA	GO:0016491
Tlin07628-RA	GO:0008270
Tlin07628-RA	GO:0008237
Tlin04210-RA	GO:0005509
Tlin04210-RA	GO:0016020
Tlin04210-RA	GO:0004571
Tlin04210-RA	GO:0005975
Tlin04210-RA	GO:1904380
Tlin04210-RA	GO:1904382
Tlin04210-RA	GO:0004571
Tlin04210-RA	GO:0005509
Tlin04210-RA	GO:0016020
Tlin04210-RA	GO:0004571
Tlin13637-RA	GO:0016702
Tlin06208-RA	GO:0004420
Tlin06208-RA	GO:0004420
Tlin06208-RA	GO:0005515
Tlin06208-RA	GO:0008299
Tlin06208-RA	GO:0004420
Tlin06208-RA	GO:0004420
Tlin06208-RA	GO:0004420
Tlin06208-RA	GO:0016616
Tlin06208-RA	GO:0015936
Tlin06208-RA	GO:0015936
Tlin06208-RA	GO:0004420
Tlin06208-RA	GO:0015936
Tlin06208-RA	GO:0004420
Tlin01017-RA	GO:0005549
Tlin01017-RA	GO:0007608
Tlin01017-RA	GO:0016020
Tlin01017-RA	GO:0004984
Tlin01017-RA	GO:0005549
Tlin01017-RA	GO:0007608
Tlin01017-RA	GO:0016020
Tlin01017-RA	GO:0004984
Tlin04018-RA	GO:0006122
Tlin04018-RA	GO:0005750
Tlin04018-RA	GO:0006122
Tlin04018-RA	GO:0005750
Tlin04018-RA	GO:0006122
Tlin04018-RA	GO:0005750
Tlin04018-RA	GO:0006122
Tlin04018-RA	GO:0005750
Tlin08941-RA	GO:0016887
Tlin08941-RA	GO:0005524
Tlin07753-RA	GO:0005515
Tlin07753-RA	GO:0005515
Tlin07753-RA	GO:0005515
Tlin07753-RA	GO:0005515
Tlin07753-RA	GO:0005515
Tlin07753-RA	GO:0005515
Tlin07753-RA	GO:0019005
Tlin07753-RA	GO:0080008
Tlin07753-RA	GO:0016567
Tlin07753-RA	GO:0005515
Tlin07820-RA	GO:0016192
Tlin07820-RA	GO:0016020
Tlin07820-RA	GO:0016020
Tlin00091-RA	GO:0005524
Tlin00091-RA	GO:0006468
Tlin00091-RA	GO:0004674
Tlin06805-RA	GO:0005524
Tlin06805-RA	GO:0006468
Tlin06805-RA	GO:0004672
Tlin06805-RA	GO:0005524
Tlin06805-RA	GO:0006468
Tlin06805-RA	GO:0004672
Tlin07536-RA	GO:0005515
Tlin07536-RA	GO:0005515
Tlin07536-RA	GO:0005515
Tlin07536-RA	GO:0006468
Tlin07536-RA	GO:0004672
Tlin10229-RA	GO:0016887
Tlin10229-RA	GO:0005524
Tlin10229-RA	GO:0016887
Tlin10229-RA	GO:0005524
Tlin01762-RA	GO:0016020
Tlin01762-RA	GO:0016020
Tlin03680-RA	GO:0016020
Tlin03680-RA	GO:0004252
Tlin03680-RA	GO:0005509
Tlin02028-RA	GO:0005515
Tlin04381-RA	GO:0016887
Tlin04381-RA	GO:0005524
Tlin04381-RA	GO:0005524
Tlin04381-RA	GO:0005694
Tlin04381-RA	GO:0051276
Tlin04381-RA	GO:0005515
Tlin04381-RA	GO:0005524
Tlin04381-RA	GO:0005694
Tlin04381-RA	GO:0051276
Tlin04381-RA	GO:0005515
Tlin03293-RA	GO:0006811
Tlin03293-RA	GO:0016020
Tlin03293-RA	GO:0005230
Tlin03293-RA	GO:0006811
Tlin03293-RA	GO:0016020
Tlin03293-RA	GO:0005230
Tlin03293-RA	GO:0006811
Tlin03293-RA	GO:0016020
Tlin03293-RA	GO:0005230
Tlin08829-RA	GO:0050660
Tlin08829-RA	GO:0016627
Tlin08829-RA	GO:0016627
Tlin08829-RA	GO:0016627
Tlin08829-RA	GO:0003995
Tlin08829-RA	GO:0016627
Tlin08829-RA	GO:0050660
Tlin08829-RA	GO:0016627
Tlin08829-RA	GO:0003995
Tlin08829-RA	GO:0016627
Tlin08829-RA	GO:0016627
Tlin02070-RA	GO:0016020
Tlin02070-RA	GO:0016020
Tlin05411-RA	GO:0005515
Tlin12873-RA	GO:0004479
Tlin12873-RA	GO:0009058
Tlin12873-RA	GO:0009058
Tlin12049-RA	GO:0016020
Tlin12049-RA	GO:0016020
Tlin12049-RA	GO:0016020
Tlin12049-RA	GO:0005634
Tlin12049-RA	GO:0006260
Tlin12049-RA	GO:0006281
Tlin12049-RA	GO:0006310
Tlin12049-RA	GO:0003677
Tlin01508-RA	GO:0006629
Tlin14953-RA	GO:0008270
Tlin14953-RA	GO:0003676
Tlin06610-RA	GO:0035091
Tlin06610-RA	GO:0035091
Tlin06610-RA	GO:0035091
Tlin02722-RA	GO:0043123
Tlin02722-RA	GO:0070976
Tlin02722-RA	GO:0002755
Tlin02722-RA	GO:0007165
Tlin02722-RA	GO:0005515
Tlin01755-RA	GO:0003677
Tlin01755-RA	GO:0140658
Tlin01755-RA	GO:0005524
Tlin12016-RA	GO:0022857
Tlin12016-RA	GO:0055085
Tlin12016-RA	GO:0016020
Tlin06878-RA	GO:0005524
Tlin06878-RA	GO:0003676
Tlin09106-RA	GO:0005515
Tlin09106-RA	GO:0005515
Tlin09106-RA	GO:0007275
Tlin09106-RA	GO:0016020
Tlin09106-RA	GO:0030154
Tlin09106-RA	GO:0007219
Tlin09106-RA	GO:0005509
Tlin09106-RA	GO:0030154
Tlin09106-RA	GO:0016020
Tlin09106-RA	GO:0005509
Tlin09106-RA	GO:0005509
Tlin09106-RA	GO:0005509
Tlin09106-RA	GO:0005509
Tlin09106-RA	GO:0005509
Tlin09106-RA	GO:0005509
Tlin09106-RA	GO:0005509
Tlin09106-RA	GO:0005509
Tlin05535-RA	GO:0008270
Tlin05535-RA	GO:0005634
Tlin03743-RA	GO:0000030
Tlin03743-RA	GO:0000030
Tlin12903-RA	GO:0005634
Tlin12903-RA	GO:0006357
Tlin12903-RA	GO:0003690
Tlin01911-RA	GO:0006355
Tlin01911-RA	GO:0005515
Tlin01806-RA	GO:0005515
Tlin01806-RA	GO:0005515
Tlin01806-RA	GO:0005515
Tlin07516-RA	GO:0005515
Tlin07516-RA	GO:0005515
Tlin14427-RA	GO:0046983
Tlin03599-RA	GO:0006457
Tlin03599-RA	GO:0016887
Tlin03599-RA	GO:0051082
Tlin03599-RA	GO:0005524
Tlin03599-RA	GO:0006457
Tlin03599-RA	GO:0016887
Tlin03599-RA	GO:0051082
Tlin03599-RA	GO:0005524
Tlin03599-RA	GO:0006457
Tlin03599-RA	GO:0016887
Tlin03599-RA	GO:0051082
Tlin03599-RA	GO:0005524
Tlin03599-RA	GO:0005524
Tlin03599-RA	GO:0140662
Tlin07179-RA	GO:0016409
Tlin07015-RA	GO:0006310
Tlin07015-RA	GO:0015074
Tlin07015-RA	GO:0003677
Tlin07015-RA	GO:0003677
Tlin09025-RA	GO:0016020
Tlin09025-RA	GO:0005524
Tlin09025-RA	GO:0005524
Tlin09025-RA	GO:0005524
Tlin09025-RA	GO:0016887
Tlin09025-RA	GO:0005524
Tlin09025-RA	GO:0016020
Tlin09025-RA	GO:0055085
Tlin09025-RA	GO:0140359
Tlin09025-RA	GO:0005524
Tlin09025-RA	GO:0016020
Tlin09025-RA	GO:0055085
Tlin09025-RA	GO:0140359
Tlin09025-RA	GO:0005524
Tlin09025-RA	GO:0005524
Tlin09025-RA	GO:0005524
Tlin09025-RA	GO:0016020
Tlin09025-RA	GO:0005524
Tlin09025-RA	GO:0016020
Tlin09025-RA	GO:0005524
Tlin09025-RA	GO:0016887
Tlin09025-RA	GO:0005524
Tlin08675-RA	GO:0008641
Tlin13996-RA	GO:0006313
Tlin13996-RA	GO:0004803
Tlin10815-RA	GO:0008033
Tlin10815-RA	GO:0008033
Tlin04578-RA	GO:0016567
Tlin04578-RA	GO:0004842
Tlin05165-RA	GO:0016624
Tlin07130-RA	GO:0003676
Tlin07130-RA	GO:0008408
Tlin12887-RA	GO:0005524
Tlin12887-RA	GO:0006468
Tlin12887-RA	GO:0004672
Tlin12887-RA	GO:0005524
Tlin12887-RA	GO:0006468
Tlin12887-RA	GO:0004672
Tlin01205-RA	GO:0016272
Tlin01205-RA	GO:0006457
Tlin12087-RA	GO:0003824
Tlin12087-RA	GO:0030170
Tlin12087-RA	GO:0009058
Tlin12087-RA	GO:0008483
Tlin12087-RA	GO:0003824
Tlin11970-RA	GO:0050660
Tlin11970-RA	GO:0016614
Tlin11970-RA	GO:0050660
Tlin11970-RA	GO:0016614
Tlin11970-RA	GO:0050660
Tlin11970-RA	GO:0016614
Tlin07342-RA	GO:0005515
Tlin07342-RA	GO:0007281
Tlin02600-RA	GO:0048193
Tlin02600-RA	GO:0030008
Tlin02600-RA	GO:0048193
Tlin02600-RA	GO:0030008
Tlin00728-RA	GO:0006508
Tlin00728-RA	GO:0004185
Tlin00728-RA	GO:0006508
Tlin00728-RA	GO:0004185
Tlin03206-RA	GO:0019773
Tlin03206-RA	GO:0006511
Tlin03206-RA	GO:0019773
Tlin03206-RA	GO:0006511
Tlin03206-RA	GO:0051603
Tlin03206-RA	GO:0005839
Tlin15007-RA	GO:0006313
Tlin15007-RA	GO:0004803
Tlin04090-RA	GO:0005085
Tlin04090-RA	GO:0005085
Tlin04090-RA	GO:0035556
Tlin04090-RA	GO:0005085
Tlin06795-RA	GO:0016192
Tlin06795-RA	GO:0016192
Tlin11645-RA	GO:0016746
Tlin11645-RA	GO:0006084
Tlin11645-RA	GO:0010142
Tlin11645-RA	GO:0004421
Tlin11645-RA	GO:0016746
Tlin11645-RA	GO:0016746
Tlin11859-RA	GO:0006396
Tlin03622-RA	GO:0016746
Tlin03622-RA	GO:0080019
Tlin00384-RA	GO:0005515
Tlin00384-RA	GO:0005515
Tlin00384-RA	GO:0005515
Tlin11002-RA	GO:0005886
Tlin05650-RA	GO:0005515
Tlin08795-RA	GO:0017119
Tlin08795-RA	GO:0006891
Tlin08795-RA	GO:0017119
Tlin08795-RA	GO:0006891
Tlin03176-RA	GO:0005975
Tlin03176-RA	GO:0004553
Tlin14243-RA	GO:0006508
Tlin14243-RA	GO:0004190
Tlin08874-RA	GO:0006811
Tlin08874-RA	GO:0016020
Tlin08874-RA	GO:0005230
Tlin08874-RA	GO:0006811
Tlin08874-RA	GO:0016020
Tlin08874-RA	GO:0005230
Tlin08874-RA	GO:0006811
Tlin08874-RA	GO:0016020
Tlin08874-RA	GO:0005230
Tlin08874-RA	GO:0016020
Tlin08874-RA	GO:0006811
Tlin08874-RA	GO:0005216
Tlin08874-RA	GO:0016020
Tlin08874-RA	GO:0034220
Tlin08874-RA	GO:0004888
Tlin08874-RA	GO:0016020
Tlin08874-RA	GO:0006811
Tlin08874-RA	GO:0006811
Tlin08874-RA	GO:0016020
Tlin08874-RA	GO:0005230
Tlin08874-RA	GO:0006811
Tlin08874-RA	GO:0016020
Tlin08874-RA	GO:0005230
Tlin08874-RA	GO:0006811
Tlin08874-RA	GO:0016020
Tlin08874-RA	GO:0005230
Tlin08329-RA	GO:0005515
Tlin08329-RA	GO:0005515
Tlin08329-RA	GO:0005515
Tlin08329-RA	GO:0005515
Tlin08329-RA	GO:0005515
Tlin08329-RA	GO:0005515
Tlin08329-RA	GO:0005515
Tlin08329-RA	GO:0005515
Tlin08329-RA	GO:0005515
Tlin08329-RA	GO:0005515
Tlin08329-RA	GO:0005515
Tlin08329-RA	GO:0005515
Tlin08329-RA	GO:0005515
Tlin08329-RA	GO:0005515
Tlin08329-RA	GO:0055087
Tlin08329-RA	GO:0006401
Tlin03846-RA	GO:0003676
Tlin03846-RA	GO:0005515
Tlin03846-RA	GO:0048188
Tlin03846-RA	GO:0042800
Tlin03846-RA	GO:0003723
Tlin03846-RA	GO:0051568
Tlin03846-RA	GO:0042800
Tlin01696-RA	GO:0016020
Tlin01696-RA	GO:0004930
Tlin01696-RA	GO:0007186
Tlin01696-RA	GO:0016020
Tlin01696-RA	GO:0004930
Tlin01696-RA	GO:0030246
Tlin12491-RA	GO:0016765
Tlin12491-RA	GO:0008299
Tlin12491-RA	GO:0008299
Tlin09161-RA	GO:0046514
Tlin09161-RA	GO:0017040
Tlin00411-RA	GO:0003676
Tlin00411-RA	GO:0001682
Tlin00411-RA	GO:0005655
Tlin00411-RA	GO:0006396
Tlin00411-RA	GO:0000172
Tlin00411-RA	GO:0003676
Tlin00411-RA	GO:0003676
Tlin00724-RA	GO:0006355
Tlin00724-RA	GO:0000981
Tlin00724-RA	GO:0003677
Tlin00724-RA	GO:0003677
Tlin00724-RA	GO:0006355
Tlin00724-RA	GO:0003677
Tlin00724-RA	GO:0006355
Tlin00724-RA	GO:0003677
Tlin00724-RA	GO:0003677
Tlin00724-RA	GO:0006355
Tlin00724-RA	GO:0003677
Tlin08221-RA	GO:0005515
Tlin08221-RA	GO:0005515
Tlin10316-RA	GO:0033169
Tlin10316-RA	GO:0032454
Tlin01936-RA	GO:0005227
Tlin01936-RA	GO:0016020
Tlin09414-RA	GO:0008299
Tlin09414-RA	GO:0004452
Tlin13635-RA	GO:0003676
Tlin08092-RA	GO:0016791
Tlin08092-RA	GO:0030837
Tlin08092-RA	GO:0003779
Tlin14914-RA	GO:0003676
Tlin05873-RA	GO:0061817
Tlin05873-RA	GO:0006869
Tlin05873-RA	GO:0061817
Tlin05873-RA	GO:0006869
Tlin11316-RA	GO:0003677
Tlin11316-RA	GO:0003677
Tlin11316-RA	GO:0006355
Tlin11316-RA	GO:0000981
Tlin10409-RA	GO:0008237
Tlin10409-RA	GO:0006508
Tlin10409-RA	GO:0008237
Tlin10409-RA	GO:0006508
Tlin10409-RA	GO:0004222
Tlin10409-RA	GO:0006508
Tlin10409-RA	GO:0004222
Tlin01656-RA	GO:0007186
Tlin01656-RA	GO:0016020
Tlin01656-RA	GO:0004930
Tlin01656-RA	GO:0007186
Tlin01656-RA	GO:0016020
Tlin01656-RA	GO:0004930
Tlin01656-RA	GO:0007186
Tlin01656-RA	GO:0016020
Tlin01656-RA	GO:0004930
Tlin01656-RA	GO:0007186
Tlin01656-RA	GO:0016020
Tlin01656-RA	GO:0004930
Tlin01656-RA	GO:0007186
Tlin01656-RA	GO:0004930
Tlin09348-RA	GO:0140658
Tlin09348-RA	GO:0005524
Tlin14847-RA	GO:0003676
Tlin01319-RA	GO:0019843
Tlin01319-RA	GO:0006364
Tlin01319-RA	GO:0000470
Tlin01319-RA	GO:0019843
Tlin01319-RA	GO:0000027
Tlin04506-RA	GO:0005525
Tlin04506-RA	GO:0005525
Tlin04506-RA	GO:0005525
Tlin04506-RA	GO:0003924
Tlin04506-RA	GO:0005525
Tlin11689-RA	GO:0016020
Tlin11689-RA	GO:0004930
Tlin11689-RA	GO:0007186
Tlin11689-RA	GO:0016020
Tlin11689-RA	GO:0004930
Tlin11689-RA	GO:0016020
Tlin11689-RA	GO:0004930
Tlin06962-RA	GO:0004000
Tlin06962-RA	GO:0006396
Tlin06962-RA	GO:0003723
Tlin06962-RA	GO:0004000
Tlin06962-RA	GO:0006396
Tlin06962-RA	GO:0003723
Tlin04211-RA	GO:0046982
Tlin04211-RA	GO:0006352
Tlin04211-RA	GO:0006352
Tlin04211-RA	GO:0046982
Tlin03919-RA	GO:0006270
Tlin03919-RA	GO:0006270
Tlin03919-RA	GO:0006270
Tlin03919-RA	GO:0005515
Tlin03919-RA	GO:0008641
Tlin03919-RA	GO:0005515
Tlin03919-RA	GO:0005515
Tlin03919-RA	GO:0005515
Tlin03919-RA	GO:0005515
Tlin03919-RA	GO:0005515
Tlin03919-RA	GO:0005515
Tlin03919-RA	GO:0005515
Tlin03919-RA	GO:0008641
Tlin09794-RA	GO:0008061
Tlin09794-RA	GO:0008061
Tlin09794-RA	GO:0005576
Tlin12929-RA	GO:0051604
Tlin12929-RA	GO:0051604
Tlin09042-RA	GO:0006821
Tlin09042-RA	GO:0016020
Tlin09042-RA	GO:0055085
Tlin09042-RA	GO:0005247
Tlin05085-RA	GO:0005759
Tlin05085-RA	GO:0005759
Tlin10451-RA	GO:0043066
Tlin09495-RA	GO:0043565
Tlin04119-RA	GO:0055085
Tlin04119-RA	GO:0022857
Tlin08679-RA	GO:0005515
Tlin08679-RA	GO:0005515
Tlin08679-RA	GO:0005515
Tlin02692-RA	GO:0006355
Tlin02692-RA	GO:0003700
Tlin02692-RA	GO:0006355
Tlin02692-RA	GO:0003700
Tlin10767-RA	GO:0044528
Tlin01355-RA	GO:0140359
Tlin01355-RA	GO:0016020
Tlin01993-RA	GO:0006357
Tlin01993-RA	GO:0003700
Tlin04987-RA	GO:0016020
Tlin04987-RA	GO:0016020
Tlin08771-RA	GO:0009083
Tlin08771-RA	GO:0015658
Tlin08771-RA	GO:0005739
Tlin09481-RA	GO:0016616
Tlin09481-RA	GO:0003824
Tlin09481-RA	GO:0016616
Tlin09481-RA	GO:0016491
Tlin09481-RA	GO:0030060
Tlin09481-RA	GO:0006099
Tlin09481-RA	GO:0016616
Tlin09481-RA	GO:0003824
Tlin09596-RA	GO:0005515
Tlin09596-RA	GO:0005515
Tlin09596-RA	GO:0016567
Tlin09136-RA	GO:0050909
Tlin09136-RA	GO:0016020
Tlin09136-RA	GO:0007165
Tlin12435-RA	GO:0008270
Tlin12435-RA	GO:0006355
Tlin12435-RA	GO:0006355
Tlin12435-RA	GO:0008270
Tlin12435-RA	GO:0043565
Tlin12435-RA	GO:0003700
Tlin12435-RA	GO:0006355
Tlin12435-RA	GO:0008270
Tlin12435-RA	GO:0043565
Tlin12435-RA	GO:0003700
Tlin12465-RA	GO:0005515
Tlin12465-RA	GO:0005509
Tlin12465-RA	GO:0005515
Tlin12465-RA	GO:0005509
Tlin12465-RA	GO:0005515
Tlin12465-RA	GO:0005509
Tlin12465-RA	GO:0005509
Tlin12465-RA	GO:0005509
Tlin12465-RA	GO:0005515
Tlin12465-RA	GO:0005509
Tlin12465-RA	GO:0005509
Tlin12465-RA	GO:0005509
Tlin06181-RA	GO:0005845
Tlin06181-RA	GO:0106005
Tlin06181-RA	GO:0003723
Tlin08247-RA	GO:0005524
Tlin08247-RA	GO:0016887
Tlin08247-RA	GO:0005524
Tlin08247-RA	GO:0140359
Tlin08247-RA	GO:0016020
Tlin02839-RA	GO:0005515
Tlin02312-RA	GO:0006415
Tlin02312-RA	GO:0003747
Tlin07660-RA	GO:0005515
Tlin07660-RA	GO:0005515
Tlin07660-RA	GO:0035091
Tlin07660-RA	GO:0035091
Tlin07660-RA	GO:0035091
Tlin07428-RA	GO:0016020
Tlin07428-RA	GO:0015276
Tlin07428-RA	GO:0016020
Tlin07428-RA	GO:0004970
Tlin07428-RA	GO:0016020
Tlin07428-RA	GO:0004970
Tlin07428-RA	GO:0016020
Tlin07428-RA	GO:0015276
Tlin03613-RA	GO:0046872
Tlin03613-RA	GO:0000166
Tlin03613-RA	GO:0046872
Tlin03613-RA	GO:0046872
Tlin03613-RA	GO:0000166
Tlin03613-RA	GO:0046872
Tlin03613-RA	GO:0046872
Tlin03613-RA	GO:0046872
Tlin03613-RA	GO:0046872
Tlin03613-RA	GO:0046872
Tlin03613-RA	GO:0046872
Tlin03613-RA	GO:0046872
Tlin03613-RA	GO:0046872
Tlin03613-RA	GO:0046872
Tlin03613-RA	GO:0046872
Tlin03613-RA	GO:0046872
Tlin03613-RA	GO:0046872
Tlin03613-RA	GO:0046872
Tlin12615-RA	GO:0005515
Tlin12615-RA	GO:0007165
Tlin12615-RA	GO:0005515
Tlin03712-RA	GO:0006535
Tlin04940-RA	GO:0005515
Tlin04940-RA	GO:0005515
Tlin04940-RA	GO:0005515
Tlin04940-RA	GO:0005515
Tlin04940-RA	GO:0005515
Tlin04940-RA	GO:0005515
Tlin05937-RA	GO:0003824
Tlin05937-RA	GO:0003824
Tlin05937-RA	GO:0030170
Tlin05937-RA	GO:0008483
Tlin09589-RA	GO:0006508
Tlin09589-RA	GO:0004252
Tlin03860-RA	GO:0005524
Tlin03860-RA	GO:0006468
Tlin03860-RA	GO:0004672
Tlin03860-RA	GO:0005524
Tlin03860-RA	GO:0006468
Tlin03860-RA	GO:0004672
Tlin01337-RA	GO:0055085
Tlin01337-RA	GO:0022857
Tlin01179-RA	GO:0016579
Tlin01179-RA	GO:0004843
Tlin05894-RA	GO:0046872
Tlin12762-RA	GO:0005524
Tlin12762-RA	GO:0005694
Tlin12762-RA	GO:0051276
Tlin12762-RA	GO:0005515
Tlin12762-RA	GO:0005524
Tlin12762-RA	GO:0005694
Tlin12762-RA	GO:0051276
Tlin12762-RA	GO:0005515
Tlin12762-RA	GO:0016887
Tlin12762-RA	GO:0005524
Tlin07338-RA	GO:0005515
Tlin07338-RA	GO:0005515
Tlin07338-RA	GO:0005515
Tlin07338-RA	GO:0005515
Tlin07338-RA	GO:0005515
Tlin07338-RA	GO:0005515
Tlin07338-RA	GO:0005515
Tlin07338-RA	GO:0005515
Tlin07740-RA	GO:0016020
Tlin07740-RA	GO:0016020
Tlin11460-RA	GO:0050660
Tlin11460-RA	GO:0008033
Tlin09404-RA	GO:0005085
Tlin09404-RA	GO:0005085
Tlin10552-RA	GO:0006811
Tlin10552-RA	GO:0016020
Tlin10552-RA	GO:0055085
Tlin10552-RA	GO:0005216
Tlin10552-RA	GO:0006811
Tlin10552-RA	GO:0016020
Tlin10552-RA	GO:0055085
Tlin10552-RA	GO:0005216
Tlin10552-RA	GO:0006811
Tlin10552-RA	GO:0016020
Tlin10552-RA	GO:0055085
Tlin10552-RA	GO:0005216
Tlin10552-RA	GO:0006811
Tlin10552-RA	GO:0016020
Tlin10552-RA	GO:0055085
Tlin10552-RA	GO:0005216
Tlin00600-RA	GO:0055085
Tlin00600-RA	GO:0022857
Tlin08327-RA	GO:0005515
Tlin08327-RA	GO:0005515
Tlin08327-RA	GO:0005515
Tlin08327-RA	GO:0005515
Tlin09242-RA	GO:0032021
Tlin09242-RA	GO:0006355
Tlin09242-RA	GO:0003723
Tlin09242-RA	GO:0003676
Tlin04734-RA	GO:0005515
Tlin03967-RA	GO:0050660
Tlin03967-RA	GO:0016614
Tlin03967-RA	GO:0050660
Tlin03967-RA	GO:0016614
Tlin03967-RA	GO:0050660
Tlin03967-RA	GO:0016614
Tlin03967-RA	GO:0050660
Tlin03967-RA	GO:0016614
Tlin03705-RA	GO:0005515
Tlin03705-RA	GO:0005515
Tlin03705-RA	GO:0005515
Tlin04925-RA	GO:0051056
Tlin04925-RA	GO:0005096
Tlin04925-RA	GO:0051056
Tlin04925-RA	GO:0005096
Tlin04925-RA	GO:0005515
Tlin04925-RA	GO:0051056
Tlin04925-RA	GO:0005096
Tlin10498-RA	GO:0140575
Tlin07748-RA	GO:0008270
Tlin07748-RA	GO:0005634
Tlin00537-RA	GO:0071596
Tlin00537-RA	GO:0061630
Tlin11318-RA	GO:0005515
Tlin11318-RA	GO:0006468
Tlin11318-RA	GO:0004672
Tlin11318-RA	GO:0005524
Tlin11318-RA	GO:0005515
Tlin11318-RA	GO:0005515
Tlin11318-RA	GO:0005515
Tlin11318-RA	GO:0005524
Tlin11318-RA	GO:0006468
Tlin11318-RA	GO:0004672
Tlin11318-RA	GO:0005515
Tlin13423-RA	GO:0006979
Tlin13423-RA	GO:0004602
Tlin13423-RA	GO:0006979
Tlin13423-RA	GO:0004602
Tlin13423-RA	GO:0006979
Tlin13423-RA	GO:0004602
Tlin06185-RA	GO:0006367
Tlin06185-RA	GO:0006367
Tlin06185-RA	GO:0046982
Tlin06185-RA	GO:0005669
Tlin06185-RA	GO:0006367
Tlin06185-RA	GO:0016251
Tlin06185-RA	GO:0046695
Tlin06185-RA	GO:0000124
Tlin06185-RA	GO:0006367
Tlin06185-RA	GO:0046982
Tlin05430-RA	GO:0005515
Tlin05430-RA	GO:0005515
Tlin05430-RA	GO:0005515
Tlin05430-RA	GO:0005515
Tlin05430-RA	GO:0005515
Tlin05430-RA	GO:0005515
Tlin05430-RA	GO:0005515
Tlin05430-RA	GO:0005680
Tlin07277-RA	GO:0008276
Tlin07277-RA	GO:0006479
Tlin09102-RA	GO:0005515
Tlin09102-RA	GO:0018216
Tlin09102-RA	GO:0016274
Tlin09102-RA	GO:0005515
Tlin01494-RA	GO:0016787
Tlin01494-RA	GO:0016787
Tlin01494-RA	GO:0016042
Tlin01494-RA	GO:0016298
Tlin01494-RA	GO:0008203
Tlin04039-RA	GO:0006351
Tlin04039-RA	GO:0006351
Tlin04039-RA	GO:0003899
Tlin04039-RA	GO:0006351
Tlin04039-RA	GO:0008270
Tlin04039-RA	GO:0003676
Tlin04039-RA	GO:0006379
Tlin04039-RA	GO:0006351
Tlin04039-RA	GO:0008270
Tlin04039-RA	GO:0003676
Tlin11574-RA	GO:0005515
Tlin11574-RA	GO:0005515
Tlin11574-RA	GO:0005515
Tlin11574-RA	GO:0005515
Tlin11574-RA	GO:0005515
Tlin05592-RA	GO:0005515
Tlin05592-RA	GO:0046872
Tlin10789-RA	GO:0043248
Tlin10789-RA	GO:0043248
Tlin09148-RA	GO:0004812
Tlin09148-RA	GO:0005524
Tlin09148-RA	GO:0043039
Tlin09148-RA	GO:0000049
Tlin00264-RA	GO:0010038
Tlin00264-RA	GO:0010038
Tlin00653-RA	GO:0006309
Tlin00653-RA	GO:0004520
Tlin00653-RA	GO:0005737
Tlin00653-RA	GO:0006309
Tlin00653-RA	GO:0016787
Tlin00653-RA	GO:0005634
Tlin00653-RA	GO:0006915
Tlin08072-RA	GO:0055085
Tlin08072-RA	GO:0016020
Tlin08072-RA	GO:0055085
Tlin08072-RA	GO:0016020
Tlin08029-RA	GO:0005515
Tlin08029-RA	GO:0005515
Tlin08029-RA	GO:0005515
Tlin08029-RA	GO:0005515
Tlin08029-RA	GO:0005515
Tlin08029-RA	GO:0005576
Tlin08029-RA	GO:0005179
Tlin08029-RA	GO:0005515
Tlin08029-RA	GO:0005515
Tlin08029-RA	GO:0005515
Tlin01131-RA	GO:0006289
Tlin01131-RA	GO:0006351
Tlin01131-RA	GO:0000439
Tlin05056-RA	GO:0046982
Tlin06814-RA	GO:0003755
Tlin06814-RA	GO:0000413
Tlin06814-RA	GO:0005515
Tlin06814-RA	GO:0005515
Tlin13962-RA	GO:0006457
Tlin13962-RA	GO:0016887
Tlin13962-RA	GO:0051082
Tlin13962-RA	GO:0005524
Tlin13962-RA	GO:0005524
Tlin13962-RA	GO:0140662
Tlin13962-RA	GO:0005829
Tlin13962-RA	GO:0005832
Tlin13962-RA	GO:0006457
Tlin13962-RA	GO:0016887
Tlin13962-RA	GO:0051082
Tlin13962-RA	GO:0005524
Tlin13962-RA	GO:0006457
Tlin13962-RA	GO:0016887
Tlin13962-RA	GO:0051082
Tlin13962-RA	GO:0005524
Tlin13962-RA	GO:0006457
Tlin13962-RA	GO:0016887
Tlin13962-RA	GO:0051082
Tlin13962-RA	GO:0005524
Tlin10666-RA	GO:0005840
Tlin10666-RA	GO:0006412
Tlin10666-RA	GO:0003735
Tlin07366-RA	GO:0090537
Tlin07366-RA	GO:0006338
Tlin07366-RA	GO:0005515
Tlin07366-RA	GO:0005515
Tlin07366-RA	GO:0005515
Tlin10176-RA	GO:0003677
Tlin10176-RA	GO:0003677
Tlin10176-RA	GO:0003677
Tlin10176-RA	GO:0016514
Tlin10176-RA	GO:0035060
Tlin10176-RA	GO:0006338
Tlin09826-RA	GO:0016020
Tlin09826-RA	GO:0008381
Tlin00157-RA	GO:0006511
Tlin00157-RA	GO:0007275
Tlin00157-RA	GO:0005737
Tlin00157-RA	GO:0007275
Tlin00157-RA	GO:0006511
Tlin00157-RA	GO:0005515
Tlin08660-RA	GO:0032580
Tlin08660-RA	GO:0008376
Tlin03323-RA	GO:0005515
Tlin03323-RA	GO:0005515
Tlin03323-RA	GO:0005515
Tlin03323-RA	GO:0005515
Tlin03323-RA	GO:0005515
Tlin03323-RA	GO:0005515
Tlin03323-RA	GO:0005515
Tlin03323-RA	GO:0005515
Tlin03323-RA	GO:0005515
Tlin03323-RA	GO:0005515
Tlin01995-RA	GO:0061928
Tlin01995-RA	GO:0006751
Tlin01995-RA	GO:0061928
Tlin01995-RA	GO:0006751
Tlin11732-RA	GO:0030150
Tlin11732-RA	GO:0005744
Tlin11732-RA	GO:0030150
Tlin11732-RA	GO:0005744
Tlin05067-RA	GO:0003677
Tlin05067-RA	GO:0003677
Tlin04444-RA	GO:0080019
Tlin05447-RA	GO:0006260
Tlin05447-RA	GO:0003677
Tlin10707-RA	GO:0003677
Tlin10707-RA	GO:0003677
Tlin10707-RA	GO:0006355
Tlin10707-RA	GO:0000981
Tlin03144-RA	GO:0005840
Tlin03144-RA	GO:0006412
Tlin03144-RA	GO:0003735
Tlin03144-RA	GO:0005840
Tlin03144-RA	GO:0006412
Tlin03144-RA	GO:0003735
Tlin03144-RA	GO:0005840
Tlin03144-RA	GO:0006412
Tlin03144-RA	GO:0003735
Tlin03144-RA	GO:0005840
Tlin03144-RA	GO:0006412
Tlin03144-RA	GO:0003735
Tlin10940-RA	GO:0003677
Tlin10940-RA	GO:0006355
Tlin10940-RA	GO:0000981
Tlin10940-RA	GO:0003677
Tlin12434-RA	GO:0043565
Tlin04481-RA	GO:0006338
Tlin04481-RA	GO:0000228
Tlin04481-RA	GO:0006338
Tlin04481-RA	GO:0000228
Tlin07082-RA	GO:0005634
Tlin07082-RA	GO:0006260
Tlin07082-RA	GO:0000808
Tlin07082-RA	GO:0005634
Tlin07082-RA	GO:0006260
Tlin07082-RA	GO:0000808
Tlin07030-RA	GO:0016020
Tlin09756-RA	GO:0016592
Tlin09756-RA	GO:0016592
Tlin03180-RA	GO:0005515
Tlin03180-RA	GO:0006886
Tlin03180-RA	GO:0005737
Tlin03180-RA	GO:0007033
Tlin03180-RA	GO:0006886
Tlin03180-RA	GO:0006886
Tlin03180-RA	GO:0005737
Tlin00284-RA	GO:0005515
Tlin00284-RA	GO:0005515
Tlin10635-RA	GO:0006665
Tlin10635-RA	GO:0004348
Tlin02748-RA	GO:0016020
Tlin02748-RA	GO:0009922
Tlin02748-RA	GO:0016020
Tlin02748-RA	GO:0009922
Tlin11576-RA	GO:0006508
Tlin11576-RA	GO:0004252
Tlin11576-RA	GO:0006508
Tlin11576-RA	GO:0004252
Tlin11576-RA	GO:0006508
Tlin11576-RA	GO:0004252
Tlin00533-RA	GO:0006508
Tlin00533-RA	GO:0004252
Tlin00533-RA	GO:0006508
Tlin00533-RA	GO:0004252
Tlin02240-RA	GO:0016746
Tlin11067-RA	GO:0009058
Tlin11067-RA	GO:0003824
Tlin11067-RA	GO:0006657
Tlin11067-RA	GO:0004105
Tlin14784-RA	GO:0006313
Tlin14784-RA	GO:0004803
Tlin10102-RA	GO:0050660
Tlin10102-RA	GO:0050661
Tlin10102-RA	GO:0004499
Tlin02613-RA	GO:0005975
Tlin02613-RA	GO:0005975
Tlin02613-RA	GO:0008810
Tlin02613-RA	GO:0030245
Tlin02613-RA	GO:0004553
Tlin02657-RA	GO:0070573
Tlin02657-RA	GO:0006508
Tlin02657-RA	GO:0070573
Tlin02657-RA	GO:0006508
Tlin02657-RA	GO:0070573
Tlin02657-RA	GO:0006508
Tlin02657-RA	GO:0070573
Tlin02657-RA	GO:0006508
Tlin00076-RA	GO:0005515
Tlin10132-RA	GO:0005515
Tlin10132-RA	GO:0005515
Tlin10132-RA	GO:0005515
Tlin10132-RA	GO:0005515
Tlin10132-RA	GO:0005515
Tlin10132-RA	GO:0005515
Tlin02141-RA	GO:0016787
Tlin02141-RA	GO:0016787
Tlin01514-RA	GO:0005761
Tlin12530-RA	GO:0009253
Tlin12530-RA	GO:0008745
Tlin12530-RA	GO:0009253
Tlin12530-RA	GO:0008745
Tlin12530-RA	GO:0009253
Tlin12530-RA	GO:0008745
Tlin12331-RA	GO:0046872
Tlin12331-RA	GO:0046872
Tlin12331-RA	GO:0061630
Tlin12331-RA	GO:0000209
Tlin12331-RA	GO:0046872
Tlin05975-RA	GO:0016757
Tlin05975-RA	GO:0006486
Tlin05975-RA	GO:0004378
Tlin10755-RA	GO:0005096
Tlin10755-RA	GO:0005096
Tlin10755-RA	GO:0005515
Tlin10755-RA	GO:0005737
Tlin10755-RA	GO:0005515
Tlin01265-RA	GO:0003755
Tlin01265-RA	GO:0003755
Tlin01265-RA	GO:0005515
Tlin01265-RA	GO:0005515
Tlin01265-RA	GO:0003755
Tlin01265-RA	GO:0003755
Tlin01265-RA	GO:0005515
Tlin03628-RA	GO:0005576
Tlin00214-RA	GO:0006814
Tlin00214-RA	GO:0016020
Tlin00214-RA	GO:0005272
Tlin00214-RA	GO:0006814
Tlin00214-RA	GO:0016020
Tlin00214-RA	GO:0005272
Tlin10843-RA	GO:0051603
Tlin10843-RA	GO:0005839
Tlin10843-RA	GO:0019773
Tlin10843-RA	GO:0006511
Tlin10843-RA	GO:0019773
Tlin10843-RA	GO:0006511
Tlin12396-RA	GO:0008270
Tlin12396-RA	GO:0003676
Tlin12396-RA	GO:0008270
Tlin12396-RA	GO:0003676
Tlin07860-RA	GO:0055085
Tlin07860-RA	GO:0022857
Tlin01124-RA	GO:0016020
Tlin01124-RA	GO:1901642
Tlin01124-RA	GO:0005337
Tlin01124-RA	GO:0016020
Tlin01124-RA	GO:1901642
Tlin01124-RA	GO:0005337
Tlin00293-RA	GO:0005515
Tlin00293-RA	GO:0005515
Tlin10642-RA	GO:0043138
Tlin10642-RA	GO:0006281
Tlin10642-RA	GO:0005524
Tlin10642-RA	GO:0005524
Tlin10642-RA	GO:0016787
Tlin10642-RA	GO:0003677
Tlin00810-RA	GO:0055085
Tlin00810-RA	GO:0022857
Tlin09421-RA	GO:0005549
Tlin09421-RA	GO:0005549
Tlin09421-RA	GO:0005549
Tlin05868-RA	GO:0050909
Tlin05868-RA	GO:0016020
Tlin05868-RA	GO:0050909
Tlin05868-RA	GO:0016020
Tlin04552-RA	GO:0051082
Tlin04552-RA	GO:0006457
Tlin04552-RA	GO:0051082
Tlin04552-RA	GO:0006457
Tlin04552-RA	GO:0051082
Tlin04552-RA	GO:0031072
Tlin04552-RA	GO:0051082
Tlin04552-RA	GO:0031072
Tlin10195-RA	GO:0005515
Tlin10195-RA	GO:0005515
Tlin10195-RA	GO:0005515
Tlin10195-RA	GO:0005515
Tlin10195-RA	GO:0005515
Tlin08490-RA	GO:0003676
Tlin08490-RA	GO:0044237
Tlin08490-RA	GO:0000166
Tlin08490-RA	GO:0006281
Tlin08490-RA	GO:0043138
Tlin08490-RA	GO:0006260
Tlin08490-RA	GO:0005524
Tlin08490-RA	GO:0003676
Tlin04739-RA	GO:0006412
Tlin04739-RA	GO:0015935
Tlin04739-RA	GO:0003735
Tlin04739-RA	GO:0005840
Tlin04739-RA	GO:0006412
Tlin04739-RA	GO:0003735
Tlin04739-RA	GO:0005840
Tlin04739-RA	GO:0006412
Tlin04739-RA	GO:0003735
Tlin04739-RA	GO:0005840
Tlin04739-RA	GO:0006412
Tlin04739-RA	GO:0003735
Tlin02743-RA	GO:0004386
Tlin02743-RA	GO:0003724
Tlin02743-RA	GO:0005524
Tlin02743-RA	GO:0000398
Tlin02743-RA	GO:0003676
Tlin04607-RA	GO:0009052
Tlin04607-RA	GO:0004751
Tlin04607-RA	GO:0009052
Tlin04607-RA	GO:0004751
Tlin04607-RA	GO:0009052
Tlin04607-RA	GO:0004751
Tlin02954-RA	GO:0005515
Tlin12738-RA	GO:0016747
Tlin06621-RA	GO:0016491
Tlin07111-RA	GO:0046854
Tlin07111-RA	GO:0008934
Tlin07457-RA	GO:0005515
Tlin07457-RA	GO:0005515
Tlin07457-RA	GO:0007165
Tlin00262-RA	GO:0004674
Tlin00262-RA	GO:0005524
Tlin00262-RA	GO:0005524
Tlin00262-RA	GO:0006468
Tlin00262-RA	GO:0004672
Tlin00262-RA	GO:0006914
Tlin00262-RA	GO:0004674
Tlin00262-RA	GO:0006468
Tlin00262-RA	GO:0004672
Tlin10233-RA	GO:0005515
Tlin10233-RA	GO:0005515
Tlin00046-RA	GO:0006412
Tlin00046-RA	GO:0015935
Tlin00046-RA	GO:0003735
Tlin00046-RA	GO:0005840
Tlin00046-RA	GO:0006412
Tlin00046-RA	GO:0003735
Tlin00046-RA	GO:0005840
Tlin00046-RA	GO:0006412
Tlin00046-RA	GO:0003735
Tlin00046-RA	GO:0005840
Tlin00046-RA	GO:0006412
Tlin00046-RA	GO:0003735
Tlin00046-RA	GO:0005840
Tlin00046-RA	GO:0006412
Tlin00046-RA	GO:0003735
Tlin00046-RA	GO:0005840
Tlin00046-RA	GO:0006412
Tlin00046-RA	GO:0003735
Tlin07296-RA	GO:0003723
Tlin07296-RA	GO:0006396
Tlin07296-RA	GO:0003723
Tlin07296-RA	GO:0006396
Tlin07296-RA	GO:0003723
Tlin07296-RA	GO:0009451
Tlin07296-RA	GO:0009982
Tlin07296-RA	GO:0001522
Tlin02725-RA	GO:0016491
Tlin02725-RA	GO:0016620
Tlin02725-RA	GO:0016491
Tlin02725-RA	GO:0016491
Tlin02725-RA	GO:0016491
Tlin02725-RA	GO:0004029
Tlin11842-RA	GO:0005506
Tlin11842-RA	GO:0016705
Tlin11842-RA	GO:0020037
Tlin11842-RA	GO:0004497
Tlin11842-RA	GO:0005506
Tlin11842-RA	GO:0016705
Tlin11842-RA	GO:0020037
Tlin11842-RA	GO:0004497
Tlin11842-RA	GO:0016705
Tlin11842-RA	GO:0005506
Tlin11842-RA	GO:0005506
Tlin11842-RA	GO:0016705
Tlin11842-RA	GO:0020037
Tlin11842-RA	GO:0004497
Tlin03000-RA	GO:0005515
Tlin00983-RA	GO:0005515
Tlin00983-RA	GO:0005515
Tlin00983-RA	GO:0005515
Tlin00983-RA	GO:0005515
Tlin00983-RA	GO:0005515
Tlin06721-RA	GO:0006357
Tlin06721-RA	GO:0003700
Tlin01207-RA	GO:0005506
Tlin01207-RA	GO:0016705
Tlin01207-RA	GO:0020037
Tlin01207-RA	GO:0004497
Tlin01207-RA	GO:0005506
Tlin01207-RA	GO:0016705
Tlin01207-RA	GO:0020037
Tlin01207-RA	GO:0004497
Tlin00311-RA	GO:0005634
Tlin00311-RA	GO:0080009
Tlin00311-RA	GO:0000381
Tlin00311-RA	GO:0005634
Tlin00311-RA	GO:0080009
Tlin00311-RA	GO:0000381
Tlin06685-RA	GO:0032958
Tlin06685-RA	GO:0016301
Tlin06685-RA	GO:0032958
Tlin06685-RA	GO:0016301
Tlin12594-RA	GO:0003723
Tlin12594-RA	GO:0003723
Tlin12594-RA	GO:0003723
Tlin12594-RA	GO:0003723
Tlin12594-RA	GO:0003723
Tlin12594-RA	GO:0003723
Tlin12594-RA	GO:0003723
Tlin02611-RA	GO:0005509
Tlin02611-RA	GO:0005509
Tlin02611-RA	GO:0005509
Tlin02611-RA	GO:0005509
Tlin02611-RA	GO:0005509
Tlin02611-RA	GO:0005509
Tlin02611-RA	GO:0005509
Tlin02611-RA	GO:0005509
Tlin02611-RA	GO:0005509
Tlin02611-RA	GO:0005509
Tlin02611-RA	GO:0005509
Tlin02611-RA	GO:0005509
Tlin02611-RA	GO:0005509
Tlin02611-RA	GO:0005509
Tlin02611-RA	GO:0005509
Tlin02611-RA	GO:0005509
Tlin02611-RA	GO:0005509
Tlin02611-RA	GO:0005509
Tlin02611-RA	GO:0005509
Tlin02611-RA	GO:0005509
Tlin02611-RA	GO:0005509
Tlin02611-RA	GO:0005509
Tlin02611-RA	GO:0005509
Tlin02611-RA	GO:0005509
Tlin02611-RA	GO:0005509
Tlin02611-RA	GO:0005509
Tlin02611-RA	GO:0005509
Tlin02611-RA	GO:0005509
Tlin02611-RA	GO:0005509
Tlin02611-RA	GO:0005509
Tlin02611-RA	GO:0005509
Tlin02611-RA	GO:0005509
Tlin02611-RA	GO:0005509
Tlin02611-RA	GO:0005509
Tlin02611-RA	GO:0005509
Tlin02611-RA	GO:0005509
Tlin02611-RA	GO:0005509
Tlin02611-RA	GO:0005509
Tlin02611-RA	GO:0005509
Tlin02611-RA	GO:0005509
Tlin02611-RA	GO:0005509
Tlin02611-RA	GO:0005509
Tlin02611-RA	GO:0005509
Tlin02611-RA	GO:0005509
Tlin02611-RA	GO:0005509
Tlin02611-RA	GO:0005509
Tlin02611-RA	GO:0005509
Tlin02611-RA	GO:0005509
Tlin02611-RA	GO:0005509
Tlin06460-RA	GO:0005515
Tlin06460-RA	GO:0005515
Tlin06460-RA	GO:0016567
Tlin06460-RA	GO:0004842
Tlin06460-RA	GO:0005515
Tlin06460-RA	GO:0005515
Tlin06460-RA	GO:0005515
Tlin06460-RA	GO:0005515
Tlin06460-RA	GO:0005515
Tlin06460-RA	GO:0005515
Tlin06460-RA	GO:0005515
Tlin06460-RA	GO:0005515
Tlin06460-RA	GO:0005515
Tlin06460-RA	GO:0005515
Tlin06460-RA	GO:0005515
Tlin06460-RA	GO:0005515
Tlin06460-RA	GO:0005515
Tlin00245-RA	GO:0005524
Tlin00245-RA	GO:0006468
Tlin00245-RA	GO:0004707
Tlin00245-RA	GO:0005524
Tlin00245-RA	GO:0006468
Tlin00245-RA	GO:0004672
Tlin00245-RA	GO:0006468
Tlin00245-RA	GO:0004672
Tlin11739-RA	GO:0005515
Tlin11739-RA	GO:0005515
Tlin11739-RA	GO:0042393
Tlin11739-RA	GO:0005515
Tlin07109-RA	GO:0016491
Tlin08585-RA	GO:0005524
Tlin08585-RA	GO:0003676
Tlin08585-RA	GO:0004386
Tlin07020-RA	GO:0005524
Tlin07020-RA	GO:0005515
Tlin07020-RA	GO:0008569
Tlin07020-RA	GO:0030286
Tlin07020-RA	GO:0007018
Tlin07020-RA	GO:0005515
Tlin07020-RA	GO:0008569
Tlin07020-RA	GO:0030286
Tlin07020-RA	GO:0045505
Tlin07020-RA	GO:0051959
Tlin07020-RA	GO:0007018
Tlin09807-RA	GO:0022857
Tlin09807-RA	GO:0055085
Tlin09807-RA	GO:0016020
Tlin09807-RA	GO:0022857
Tlin09807-RA	GO:0055085
Tlin09807-RA	GO:0016020
Tlin05062-RA	GO:0005730
Tlin05062-RA	GO:0030686
Tlin05062-RA	GO:0030688
Tlin05062-RA	GO:0000462
Tlin07807-RA	GO:0050660
Tlin07807-RA	GO:0016491
Tlin07807-RA	GO:0005840
Tlin07807-RA	GO:0006412
Tlin07807-RA	GO:0003735
Tlin07807-RA	GO:0016491
Tlin14612-RA	GO:0005840
Tlin14612-RA	GO:0006412
Tlin14612-RA	GO:0003735
Tlin14612-RA	GO:0003676
Tlin14612-RA	GO:0005840
Tlin14612-RA	GO:0006412
Tlin14612-RA	GO:0003735
Tlin14612-RA	GO:0003723
Tlin14612-RA	GO:0005840
Tlin14612-RA	GO:0006412
Tlin14612-RA	GO:0003735
Tlin10699-RA	GO:0003676
Tlin10699-RA	GO:0003676
Tlin10699-RA	GO:0003676
Tlin01986-RA	GO:0005515
Tlin05617-RA	GO:0005096
Tlin05617-RA	GO:0046872
Tlin05617-RA	GO:0005096
Tlin03149-RA	GO:0016279
Tlin06492-RA	GO:0016020
Tlin04388-RA	GO:0046872
Tlin04388-RA	GO:0016791
Tlin04388-RA	GO:0016311
Tlin02587-RA	GO:0005515
Tlin02587-RA	GO:0005515
Tlin02587-RA	GO:0005515
Tlin02587-RA	GO:0005515
Tlin02587-RA	GO:0005515
Tlin02587-RA	GO:0005515
Tlin02587-RA	GO:0005515
Tlin05883-RA	GO:0140658
Tlin05883-RA	GO:0005524
Tlin05883-RA	GO:0016887
Tlin00770-RA	GO:0030880
Tlin00770-RA	GO:0006352
Tlin00770-RA	GO:0006384
Tlin00770-RA	GO:0005666
Tlin00770-RA	GO:0044237
Tlin00770-RA	GO:0000166
Tlin01638-RA	GO:0055085
Tlin01638-RA	GO:0016020
Tlin01638-RA	GO:0055085
Tlin01638-RA	GO:0016020
Tlin01638-RA	GO:0055085
Tlin01638-RA	GO:0016020
Tlin08548-RA	GO:0008061
Tlin08548-RA	GO:0008061
Tlin08548-RA	GO:0005576
Tlin02148-RA	GO:0007186
Tlin02148-RA	GO:0016020
Tlin02148-RA	GO:0004930
Tlin14468-RA	GO:0016717
Tlin14468-RA	GO:0006629
Tlin14468-RA	GO:0016717
Tlin05796-RA	GO:0046983
Tlin05796-RA	GO:0046983
Tlin05796-RA	GO:0046983
Tlin10415-RA	GO:0005506
Tlin10415-RA	GO:0009072
Tlin10415-RA	GO:0004497
Tlin10415-RA	GO:0005506
Tlin10415-RA	GO:0009072
Tlin10415-RA	GO:0004497
Tlin10415-RA	GO:0016714
Tlin10415-RA	GO:0005506
Tlin10415-RA	GO:0009072
Tlin10415-RA	GO:0004497
Tlin10899-RA	GO:0005085
Tlin07112-RA	GO:0005507
Tlin09546-RA	GO:0005515
Tlin09546-RA	GO:0006886
Tlin09546-RA	GO:0006886
Tlin09546-RA	GO:0005515
Tlin14083-RA	GO:0006915
Tlin09948-RA	GO:0005524
Tlin09948-RA	GO:0016887
Tlin09948-RA	GO:0005524
Tlin09948-RA	GO:0140359
Tlin09948-RA	GO:0016020
Tlin09948-RA	GO:0140359
Tlin05589-RA	GO:0008270
Tlin05589-RA	GO:0005634
Tlin12547-RA	GO:0008270
Tlin12547-RA	GO:0003676
Tlin08439-RA	GO:0071985
Tlin08439-RA	GO:0000814
Tlin08439-RA	GO:0071985
Tlin08439-RA	GO:0000814
Tlin03546-RA	GO:0005524
Tlin03546-RA	GO:0006468
Tlin03546-RA	GO:0004674
Tlin03546-RA	GO:0005524
Tlin12844-RA	GO:0006355
Tlin12844-RA	GO:0000981
Tlin12844-RA	GO:0003677
Tlin12844-RA	GO:0003677
Tlin05316-RA	GO:0006355
Tlin05316-RA	GO:0008270
Tlin05316-RA	GO:0043565
Tlin05316-RA	GO:0003700
Tlin05316-RA	GO:0008270
Tlin05316-RA	GO:0006355
Tlin05316-RA	GO:0004879
Tlin05316-RA	GO:0003677
Tlin05316-RA	GO:0006355
Tlin05316-RA	GO:0008270
Tlin05316-RA	GO:0043565
Tlin05316-RA	GO:0003700
Tlin01013-RA	GO:0005515
Tlin01013-RA	GO:0005515
Tlin01013-RA	GO:0005515
Tlin01013-RA	GO:0007186
Tlin01013-RA	GO:0016020
Tlin01013-RA	GO:0004930
Tlin09350-RA	GO:0051920
Tlin09350-RA	GO:0016491
Tlin09350-RA	GO:0016209
Tlin05949-RA	GO:0005515
Tlin05949-RA	GO:0005515
Tlin05949-RA	GO:0005515
Tlin05949-RA	GO:0005515
Tlin05949-RA	GO:0005515
Tlin05949-RA	GO:0032008
Tlin06200-RA	GO:0006313
Tlin06200-RA	GO:0004803
Tlin05189-RA	GO:0030126
Tlin05189-RA	GO:0006890
Tlin05979-RA	GO:0008270
Tlin05979-RA	GO:0005634
Tlin05905-RA	GO:0016887
Tlin05905-RA	GO:0005524
Tlin05905-RA	GO:0140359
Tlin05905-RA	GO:0016020
Tlin05905-RA	GO:0005524
Tlin05905-RA	GO:0140359
Tlin14589-RA	GO:0003755
Tlin14589-RA	GO:0000413
Tlin02364-RA	GO:0006508
Tlin02364-RA	GO:0004197
Tlin08151-RA	GO:0005515
Tlin08151-RA	GO:0005515
Tlin08151-RA	GO:0005515
Tlin04034-RA	GO:0003779
Tlin11950-RA	GO:0005506
Tlin11950-RA	GO:0016705
Tlin11950-RA	GO:0020037
Tlin11950-RA	GO:0004497
Tlin11950-RA	GO:0005506
Tlin11950-RA	GO:0016705
Tlin11950-RA	GO:0020037
Tlin11950-RA	GO:0004497
Tlin11950-RA	GO:0005506
Tlin11950-RA	GO:0016705
Tlin11950-RA	GO:0020037
Tlin11950-RA	GO:0004497
Tlin11950-RA	GO:0005506
Tlin11950-RA	GO:0016705
Tlin11950-RA	GO:0020037
Tlin11950-RA	GO:0004497
Tlin11950-RA	GO:0005506
Tlin11950-RA	GO:0016705
Tlin11950-RA	GO:0020037
Tlin11950-RA	GO:0004497
Tlin11950-RA	GO:0005506
Tlin11950-RA	GO:0016705
Tlin11950-RA	GO:0020037
Tlin11950-RA	GO:0004497
Tlin11950-RA	GO:0005506
Tlin11950-RA	GO:0016705
Tlin11950-RA	GO:0020037
Tlin11950-RA	GO:0004497
Tlin05809-RA	GO:0005515
Tlin05809-RA	GO:0005515
Tlin05809-RA	GO:0008061
Tlin05809-RA	GO:0005576
Tlin05809-RA	GO:0008061
Tlin05809-RA	GO:0005576
Tlin05809-RA	GO:0005975
Tlin05809-RA	GO:0005515
Tlin05809-RA	GO:0005515
Tlin05809-RA	GO:0008061
Tlin05809-RA	GO:0008061
Tlin05694-RA	GO:0008796
Tlin07601-RA	GO:0050661
Tlin11139-RA	GO:0046872
Tlin11139-RA	GO:0006508
Tlin11139-RA	GO:0046872
Tlin11139-RA	GO:0046872
Tlin11139-RA	GO:0046872
Tlin05139-RA	GO:0004812
Tlin05139-RA	GO:0005524
Tlin05139-RA	GO:0006418
Tlin05139-RA	GO:0000166
Tlin05139-RA	GO:0004812
Tlin05139-RA	GO:0005524
Tlin05139-RA	GO:0006418
Tlin05139-RA	GO:0000166
Tlin05139-RA	GO:0004812
Tlin05139-RA	GO:0005524
Tlin05139-RA	GO:0006418
Tlin05139-RA	GO:0000166
Tlin05139-RA	GO:0004832
Tlin05139-RA	GO:0005524
Tlin05139-RA	GO:0006438
Tlin05139-RA	GO:0000166
Tlin05139-RA	GO:0006418
Tlin05139-RA	GO:0004812
Tlin05139-RA	GO:0000166
Tlin05139-RA	GO:0006418
Tlin05139-RA	GO:0002161
Tlin05139-RA	GO:0006418
Tlin05139-RA	GO:0002161
Tlin00302-RA	GO:0003824
Tlin07217-RA	GO:0005515
Tlin07217-RA	GO:0006606
Tlin07217-RA	GO:0031267
Tlin07217-RA	GO:0006886
Tlin07058-RA	GO:0005254
Tlin04341-RA	GO:0005634
Tlin11656-RA	GO:0005549
Tlin11656-RA	GO:0005549
Tlin11656-RA	GO:0005549
Tlin07959-RA	GO:0055085
Tlin07959-RA	GO:0016020
Tlin07959-RA	GO:0016020
Tlin03564-RA	GO:0003724
Tlin03564-RA	GO:0005524
Tlin03564-RA	GO:0005634
Tlin03564-RA	GO:0003723
Tlin03564-RA	GO:0005524
Tlin03564-RA	GO:0003676
Tlin02867-RA	GO:0006508
Tlin02867-RA	GO:0004185
Tlin02867-RA	GO:0006508
Tlin02867-RA	GO:0004185
Tlin06196-RA	GO:0022904
Tlin06196-RA	GO:0022904
Tlin09364-RA	GO:0005515
Tlin09364-RA	GO:0005515
Tlin09364-RA	GO:0005515
Tlin09364-RA	GO:0005515
Tlin09364-RA	GO:0005515
Tlin09364-RA	GO:0005515
Tlin05245-RA	GO:0022857
Tlin05245-RA	GO:0055085
Tlin05245-RA	GO:0016020
Tlin08748-RA	GO:0022857
Tlin08748-RA	GO:0055085
Tlin08748-RA	GO:0016020
Tlin01559-RA	GO:0005509
Tlin01559-RA	GO:0005509
Tlin01559-RA	GO:0004407
Tlin01559-RA	GO:0006325
Tlin01559-RA	GO:0016575
Tlin01559-RA	GO:0000118
Tlin07353-RA	GO:0009263
Tlin07353-RA	GO:0016491
Tlin07353-RA	GO:0009263
Tlin07353-RA	GO:0009263
Tlin09529-RA	GO:0043565
Tlin03289-RA	GO:0005515
Tlin03289-RA	GO:0005515
Tlin03289-RA	GO:0005515
Tlin02644-RA	GO:0005930
Tlin02644-RA	GO:0036159
Tlin02644-RA	GO:0003341
Tlin08305-RA	GO:0005509
Tlin08305-RA	GO:0005509
Tlin08305-RA	GO:0005783
Tlin08305-RA	GO:0006457
Tlin08305-RA	GO:0051082
Tlin08305-RA	GO:0005509
Tlin08305-RA	GO:0005515
Tlin08305-RA	GO:0005509
Tlin08305-RA	GO:0005783
Tlin08305-RA	GO:0006457
Tlin08305-RA	GO:0051082
Tlin08305-RA	GO:0005509
Tlin08305-RA	GO:0005783
Tlin08305-RA	GO:0006457
Tlin08305-RA	GO:0051082
Tlin08305-RA	GO:0005509
Tlin08305-RA	GO:0005515
Tlin08305-RA	GO:0005509
Tlin11730-RA	GO:0019843
Tlin11730-RA	GO:0006364
Tlin06473-RA	GO:0016192
Tlin06473-RA	GO:0043547
Tlin06473-RA	GO:0005096
Tlin12019-RA	GO:1902975
Tlin12019-RA	GO:0003887
Tlin12019-RA	GO:0003677
Tlin12019-RA	GO:0000166
Tlin12019-RA	GO:0003677
Tlin12019-RA	GO:0000166
Tlin12019-RA	GO:0003676
Tlin12019-RA	GO:0006260
Tlin12019-RA	GO:0003887
Tlin12019-RA	GO:0003676
Tlin12019-RA	GO:0000166
Tlin10318-RA	GO:0016192
Tlin10318-RA	GO:0016192
Tlin10318-RA	GO:0016192
Tlin12030-RA	GO:0080019
Tlin06391-RA	GO:0008270
Tlin06391-RA	GO:0008237
Tlin06391-RA	GO:0008270
Tlin06391-RA	GO:0008237
Tlin08486-RA	GO:0016020
Tlin01388-RA	GO:0046961
Tlin01388-RA	GO:1902600
Tlin01388-RA	GO:0033179
Tlin01388-RA	GO:0046961
Tlin01388-RA	GO:1902600
Tlin01388-RA	GO:0033179
Tlin10355-RA	GO:0004812
Tlin10355-RA	GO:0005524
Tlin10355-RA	GO:0006418
Tlin10355-RA	GO:0000166
Tlin10355-RA	GO:0005524
Tlin10355-RA	GO:0006420
Tlin10355-RA	GO:0004814
Tlin10355-RA	GO:0005524
Tlin10355-RA	GO:0006420
Tlin10355-RA	GO:0004814
Tlin03288-RA	GO:0031151
Tlin03288-RA	GO:0034729
Tlin03288-RA	GO:0051726
Tlin03288-RA	GO:0031151
Tlin04416-RA	GO:0005515
Tlin12674-RA	GO:0016705
Tlin12674-RA	GO:0005506
Tlin12674-RA	GO:0005506
Tlin12674-RA	GO:0016705
Tlin12674-RA	GO:0020037
Tlin12674-RA	GO:0004497
Tlin12674-RA	GO:0005506
Tlin12674-RA	GO:0016705
Tlin12674-RA	GO:0020037
Tlin12674-RA	GO:0004497
Tlin12674-RA	GO:0005506
Tlin12674-RA	GO:0016705
Tlin12674-RA	GO:0020037
Tlin12674-RA	GO:0004497
Tlin11074-RA	GO:0043565
Tlin11074-RA	GO:0006355
Tlin11074-RA	GO:0043565
Tlin11074-RA	GO:0006355
Tlin11074-RA	GO:0008270
Tlin11074-RA	GO:0006355
Tlin11074-RA	GO:0043565
Tlin11074-RA	GO:0006355
Tlin11074-RA	GO:0043565
Tlin11074-RA	GO:0006355
Tlin11074-RA	GO:0008270
Tlin11074-RA	GO:0006355
Tlin11074-RA	GO:0043565
Tlin11074-RA	GO:0006355
Tlin11074-RA	GO:0006357
Tlin11074-RA	GO:0003700
Tlin11074-RA	GO:0043565
Tlin11074-RA	GO:0006355
Tlin13249-RA	GO:0004386
Tlin13354-RA	GO:0003677
Tlin07993-RA	GO:0006355
Tlin07993-RA	GO:0005634
Tlin07993-RA	GO:0006355
Tlin07993-RA	GO:0005634
Tlin07993-RA	GO:0006355
Tlin07993-RA	GO:0005634
Tlin07993-RA	GO:0006355
Tlin07993-RA	GO:0008270
Tlin07993-RA	GO:0005634
Tlin07993-RA	GO:0005515
Tlin06674-RA	GO:0072583
Tlin06674-RA	GO:0048268
Tlin06674-RA	GO:0005543
Tlin06674-RA	GO:0030136
Tlin06674-RA	GO:0030276
Tlin06674-RA	GO:0048268
Tlin06674-RA	GO:0005545
Tlin02457-RA	GO:0006508
Tlin02457-RA	GO:0004252
Tlin02457-RA	GO:0006508
Tlin02457-RA	GO:0004252
Tlin02457-RA	GO:0006508
Tlin02457-RA	GO:0004252
Tlin11274-RA	GO:0005739
Tlin11274-RA	GO:0003735
Tlin11274-RA	GO:0005840
Tlin11274-RA	GO:0006412
Tlin11274-RA	GO:0003735
Tlin11610-RA	GO:0005515
Tlin11610-RA	GO:0005515
Tlin06592-RA	GO:0003676
Tlin06592-RA	GO:0003723
Tlin06592-RA	GO:0003723
Tlin06592-RA	GO:0003723
Tlin06592-RA	GO:0003723
Tlin06592-RA	GO:0003723
Tlin06592-RA	GO:0003676
Tlin06592-RA	GO:0003723
Tlin12139-RA	GO:0007017
Tlin12139-RA	GO:0005874
Tlin12139-RA	GO:0005525
Tlin12139-RA	GO:0005874
Tlin12139-RA	GO:0007017
Tlin12139-RA	GO:0005525
Tlin07376-RA	GO:0003677
Tlin07376-RA	GO:0006355
Tlin07376-RA	GO:0003677
Tlin07376-RA	GO:0006355
Tlin07376-RA	GO:0000981
Tlin04069-RA	GO:0005509
Tlin04069-RA	GO:0005509
Tlin04069-RA	GO:0005509
Tlin05930-RA	GO:0005525
Tlin05930-RA	GO:0006913
Tlin05930-RA	GO:0003924
Tlin05930-RA	GO:0005525
Tlin05930-RA	GO:0003924
Tlin05930-RA	GO:0005525
Tlin05930-RA	GO:0006913
Tlin05930-RA	GO:0003924
Tlin07957-RA	GO:0003676
Tlin05703-RA	GO:0051603
Tlin05703-RA	GO:0005839
Tlin04681-RA	GO:0007186
Tlin04681-RA	GO:0016020
Tlin04681-RA	GO:0004930
Tlin04681-RA	GO:0007186
Tlin04681-RA	GO:0016020
Tlin04681-RA	GO:0004930
Tlin04681-RA	GO:0007186
Tlin04681-RA	GO:0016020
Tlin04681-RA	GO:0004930
Tlin04681-RA	GO:0007186
Tlin04681-RA	GO:0016020
Tlin04681-RA	GO:0004930
Tlin05596-RA	GO:0005515
Tlin05596-RA	GO:0005515
Tlin05596-RA	GO:0005515
Tlin05596-RA	GO:0005515
Tlin05596-RA	GO:0005198
Tlin05596-RA	GO:0005515
Tlin01854-RA	GO:0008061
Tlin01854-RA	GO:0008061
Tlin01854-RA	GO:0005576
Tlin01202-RA	GO:0003676
Tlin01202-RA	GO:0003676
Tlin01202-RA	GO:0003723
Tlin00215-RA	GO:0020037
Tlin00215-RA	GO:0006629
Tlin11069-RA	GO:0005085
Tlin11069-RA	GO:0005096
Tlin11069-RA	GO:0005634
Tlin11069-RA	GO:0005737
Tlin11069-RA	GO:0043547
Tlin11069-RA	GO:2000431
Tlin11069-RA	GO:0005085
Tlin11069-RA	GO:0005085
Tlin06939-RA	GO:0005524
Tlin06939-RA	GO:0006468
Tlin06939-RA	GO:0004672
Tlin06939-RA	GO:0006468
Tlin06939-RA	GO:0004672
Tlin06939-RA	GO:0006468
Tlin06939-RA	GO:0007346
Tlin06939-RA	GO:0004693
Tlin06939-RA	GO:0005524
Tlin10979-RA	GO:0006508
Tlin10979-RA	GO:0004252
Tlin10979-RA	GO:0006508
Tlin10979-RA	GO:0004252
Tlin10979-RA	GO:0006508
Tlin10979-RA	GO:0004252
Tlin02581-RA	GO:0019722
Tlin02581-RA	GO:0019722
Tlin02581-RA	GO:0003676
Tlin07765-RA	GO:0006352
Tlin07765-RA	GO:0003677
Tlin07765-RA	GO:0006352
Tlin07765-RA	GO:0003677
Tlin07765-RA	GO:0006352
Tlin07765-RA	GO:0003677
Tlin04504-RA	GO:0006562
Tlin04504-RA	GO:0004657
Tlin09597-RA	GO:0048188
Tlin09319-RA	GO:0030915
Tlin09319-RA	GO:0006281
Tlin09319-RA	GO:0030915
Tlin09319-RA	GO:0006281
Tlin02377-RA	GO:0050909
Tlin02377-RA	GO:0016020
Tlin02329-RA	GO:0008270
Tlin02329-RA	GO:0008270
Tlin02329-RA	GO:0005515
Tlin07088-RA	GO:0006996
Tlin04100-RA	GO:0016485
Tlin04100-RA	GO:0016020
Tlin14998-RA	GO:0016491
Tlin08362-RA	GO:0005886
Tlin08362-RA	GO:0005261
Tlin08362-RA	GO:0006811
Tlin08362-RA	GO:0016020
Tlin08362-RA	GO:0055085
Tlin08362-RA	GO:0005216
Tlin08362-RA	GO:0006811
Tlin08362-RA	GO:0016020
Tlin08362-RA	GO:0055085
Tlin08362-RA	GO:0005216
Tlin08362-RA	GO:0006811
Tlin08362-RA	GO:0016020
Tlin08362-RA	GO:0055085
Tlin08362-RA	GO:0005216
Tlin08362-RA	GO:0006811
Tlin08362-RA	GO:0016020
Tlin08362-RA	GO:0055085
Tlin08362-RA	GO:0005216
Tlin10473-RA	GO:0006468
Tlin10473-RA	GO:0004672
Tlin10473-RA	GO:0006468
Tlin10473-RA	GO:0004672
Tlin10473-RA	GO:0005524
Tlin00982-RA	GO:0005509
Tlin00982-RA	GO:0005509
Tlin00982-RA	GO:0005509
Tlin00982-RA	GO:0005509
Tlin03442-RA	GO:0010960
Tlin02475-RA	GO:0007275
Tlin02475-RA	GO:0006511
Tlin02475-RA	GO:0006511
Tlin02475-RA	GO:0007275
Tlin02475-RA	GO:0005737
Tlin03394-RA	GO:0005515
Tlin03394-RA	GO:0005515
Tlin01970-RA	GO:0055085
Tlin01970-RA	GO:0022857
Tlin03792-RA	GO:0003677
Tlin03792-RA	GO:0008270
Tlin03792-RA	GO:0034968
Tlin03792-RA	GO:0042054
Tlin03792-RA	GO:0005634
Tlin03792-RA	GO:0003677
Tlin03792-RA	GO:0005515
Tlin03792-RA	GO:0005515
Tlin03792-RA	GO:0005515
Tlin12002-RA	GO:0016311
Tlin12002-RA	GO:0008138
Tlin12002-RA	GO:0016791
Tlin12002-RA	GO:0016311
Tlin02249-RA	GO:0022857
Tlin02249-RA	GO:0055085
Tlin02249-RA	GO:0016020
Tlin02249-RA	GO:0043130
Tlin02249-RA	GO:0035091
Tlin02249-RA	GO:0022857
Tlin02249-RA	GO:0055085
Tlin02249-RA	GO:0016020
Tlin02249-RA	GO:0006886
Tlin02249-RA	GO:0031267
Tlin02249-RA	GO:0005802
Tlin02249-RA	GO:0022857
Tlin02249-RA	GO:0055085
Tlin02249-RA	GO:0016020
Tlin13424-RA	GO:0006979
Tlin13424-RA	GO:0004602
Tlin13424-RA	GO:0006979
Tlin13424-RA	GO:0004602
Tlin13424-RA	GO:0006979
Tlin13424-RA	GO:0004602
Tlin11010-RA	GO:0005840
Tlin11010-RA	GO:0006412
Tlin11010-RA	GO:0003735
Tlin11010-RA	GO:0005840
Tlin11010-RA	GO:0006412
Tlin11010-RA	GO:0003735
Tlin11010-RA	GO:0005840
Tlin11010-RA	GO:0006412
Tlin11010-RA	GO:0003735
Tlin11010-RA	GO:0005840
Tlin11010-RA	GO:0003735
Tlin13108-RA	GO:0006102
Tlin13108-RA	GO:0004450
Tlin13108-RA	GO:0016616
Tlin13108-RA	GO:0051287
Tlin13108-RA	GO:0000287
Tlin10201-RA	GO:0004518
Tlin10201-RA	GO:0046872
Tlin10201-RA	GO:0004518
Tlin01433-RA	GO:0003678
Tlin01433-RA	GO:0005524
Tlin01433-RA	GO:0003677
Tlin01433-RA	GO:0004386
Tlin01433-RA	GO:0005524
Tlin01433-RA	GO:0006139
Tlin01433-RA	GO:0016818
Tlin01433-RA	GO:0003676
Tlin03464-RA	GO:0003899
Tlin03464-RA	GO:0006351
Tlin03464-RA	GO:0003677
Tlin03464-RA	GO:0003899
Tlin03464-RA	GO:0006351
Tlin03464-RA	GO:0003677
Tlin03464-RA	GO:0003899
Tlin03464-RA	GO:0006351
Tlin03464-RA	GO:0003677
Tlin03464-RA	GO:0006351
Tlin03464-RA	GO:0003899
Tlin03464-RA	GO:0003899
Tlin03464-RA	GO:0006351
Tlin03464-RA	GO:0003677
Tlin03464-RA	GO:0003899
Tlin03464-RA	GO:0006351
Tlin03464-RA	GO:0003677
Tlin03464-RA	GO:0003899
Tlin03464-RA	GO:0006351
Tlin03464-RA	GO:0003677
Tlin03464-RA	GO:0003899
Tlin03464-RA	GO:0006351
Tlin03464-RA	GO:0003677
Tlin03464-RA	GO:0006366
Tlin03464-RA	GO:0003677
Tlin11241-RA	GO:0005525
Tlin11241-RA	GO:0003924
Tlin11241-RA	GO:0007165
Tlin11241-RA	GO:0016020
Tlin11241-RA	GO:0005525
Tlin09678-RA	GO:0006508
Tlin09678-RA	GO:0004190
Tlin09678-RA	GO:0006508
Tlin09678-RA	GO:0004190
Tlin09678-RA	GO:0006508
Tlin09678-RA	GO:0004190
Tlin12772-RA	GO:0042147
Tlin02020-RA	GO:0045947
Tlin02020-RA	GO:0000900
Tlin08484-RA	GO:0003677
Tlin08484-RA	GO:0006355
Tlin08484-RA	GO:0000981
Tlin08484-RA	GO:0003677
Tlin10090-RA	GO:0004867
Tlin10090-RA	GO:0004867
Tlin10090-RA	GO:0004867
Tlin10090-RA	GO:0004867
Tlin10090-RA	GO:0004867
Tlin10090-RA	GO:0004867
Tlin10090-RA	GO:0004867
Tlin10090-RA	GO:0004867
Tlin10090-RA	GO:0004867
Tlin10090-RA	GO:0004867
Tlin10090-RA	GO:0004867
Tlin10090-RA	GO:0004867
Tlin10090-RA	GO:0004867
Tlin10090-RA	GO:0004867
Tlin10090-RA	GO:0004867
Tlin10090-RA	GO:0004867
Tlin10090-RA	GO:0004867
Tlin10090-RA	GO:0004867
Tlin10090-RA	GO:0004867
Tlin10090-RA	GO:0004867
Tlin10090-RA	GO:0004867
Tlin10090-RA	GO:0004867
Tlin10090-RA	GO:0004867
Tlin10090-RA	GO:0004867
Tlin10090-RA	GO:0004867
Tlin10090-RA	GO:0004867
Tlin10090-RA	GO:0004867
Tlin06904-RA	GO:0043248
Tlin06904-RA	GO:0043248
Tlin10780-RA	GO:0008081
Tlin10780-RA	GO:0006629
Tlin12015-RA	GO:0051539
Tlin12015-RA	GO:0010181
Tlin12015-RA	GO:0051539
Tlin12015-RA	GO:0008137
Tlin12015-RA	GO:0010181
Tlin12015-RA	GO:0051539
Tlin12015-RA	GO:0008137
Tlin08211-RA	GO:0005509
Tlin08211-RA	GO:0005509
Tlin08211-RA	GO:0005509
Tlin08211-RA	GO:0005509
Tlin08211-RA	GO:0005509
Tlin08211-RA	GO:0005509
Tlin08211-RA	GO:0005509
Tlin09023-RA	GO:0016226
Tlin09023-RA	GO:0051536
Tlin09023-RA	GO:0140663
Tlin09023-RA	GO:0005524
Tlin09023-RA	GO:0005524
Tlin09023-RA	GO:0016226
Tlin09023-RA	GO:0051536
Tlin09023-RA	GO:0140663
Tlin09023-RA	GO:0005524
Tlin13950-RA	GO:0003677
Tlin10619-RA	GO:0005524
Tlin10619-RA	GO:0003676
Tlin12064-RA	GO:0032777
Tlin12064-RA	GO:0035267
Tlin12064-RA	GO:0006357
Tlin01382-RA	GO:0008061
Tlin01382-RA	GO:0005576
Tlin01382-RA	GO:0008061
Tlin07792-RA	GO:0016887
Tlin07792-RA	GO:0005524
Tlin07792-RA	GO:0016887
Tlin07792-RA	GO:0005524
Tlin07792-RA	GO:0005777
Tlin07792-RA	GO:0007031
Tlin07792-RA	GO:0005524
Tlin07792-RA	GO:0016887
Tlin07792-RA	GO:0005524
Tlin13569-RA	GO:0005515
Tlin11382-RA	GO:0008528
Tlin11813-RA	GO:0004185
Tlin11813-RA	GO:0006508
Tlin11813-RA	GO:0004185
Tlin11813-RA	GO:0006508
Tlin11813-RA	GO:0004185
Tlin11813-RA	GO:0004185
Tlin11415-RA	GO:0006508
Tlin11415-RA	GO:0004252
Tlin11415-RA	GO:0006508
Tlin11415-RA	GO:0004252
Tlin03802-RA	GO:0016459
Tlin03802-RA	GO:0003774
Tlin03802-RA	GO:0005515
Tlin03802-RA	GO:0005515
Tlin03802-RA	GO:0005524
Tlin03802-RA	GO:0016459
Tlin03802-RA	GO:0003774
Tlin05090-RA	GO:0016773
Tlin05090-RA	GO:0005975
Tlin05090-RA	GO:0016301
Tlin05090-RA	GO:0005975
Tlin05090-RA	GO:0016773
Tlin05090-RA	GO:0005975
Tlin05090-RA	GO:0016301
Tlin05090-RA	GO:0005975
Tlin10879-RA	GO:0003824
Tlin10879-RA	GO:0006564
Tlin10879-RA	GO:0004648
Tlin06628-RA	GO:0005515
Tlin07808-RA	GO:0005840
Tlin07808-RA	GO:0006412
Tlin07808-RA	GO:0003735
Tlin07808-RA	GO:0022625
Tlin07808-RA	GO:0000463
Tlin07808-RA	GO:0005840
Tlin07808-RA	GO:0006412
Tlin07808-RA	GO:0003735
Tlin07808-RA	GO:0005840
Tlin07808-RA	GO:0006412
Tlin07808-RA	GO:0003735
Tlin07808-RA	GO:0005840
Tlin07808-RA	GO:0006412
Tlin07808-RA	GO:0003735
Tlin06232-RA	GO:0140662
Tlin06232-RA	GO:0005524
Tlin06232-RA	GO:0140662
Tlin06232-RA	GO:0005524
Tlin14378-RA	GO:0035091
Tlin14378-RA	GO:0035091
Tlin14378-RA	GO:0035091
Tlin14378-RA	GO:0015031
Tlin12283-RA	GO:0007186
Tlin12283-RA	GO:0016020
Tlin12283-RA	GO:0004930
Tlin01765-RA	GO:0005975
Tlin01765-RA	GO:0005975
Tlin01765-RA	GO:0043169
Tlin01765-RA	GO:0003824
Tlin01765-RA	GO:0005975
Tlin01765-RA	GO:0004553
Tlin08754-RA	GO:0006096
Tlin08754-RA	GO:0004743
Tlin08754-RA	GO:0004743
Tlin08754-RA	GO:0006096
Tlin08754-RA	GO:0030955
Tlin08754-RA	GO:0000287
Tlin08754-RA	GO:0004743
Tlin08754-RA	GO:0006096
Tlin08754-RA	GO:0030955
Tlin08754-RA	GO:0000287
Tlin08754-RA	GO:0006096
Tlin08754-RA	GO:0004743
Tlin08754-RA	GO:0003824
Tlin08754-RA	GO:0004743
Tlin08754-RA	GO:0006096
Tlin08754-RA	GO:0030955
Tlin08754-RA	GO:0000287
Tlin11131-RA	GO:0016192
Tlin11131-RA	GO:0016020
Tlin11131-RA	GO:0016192
Tlin09654-RA	GO:0006508
Tlin09654-RA	GO:0004252
Tlin06968-RA	GO:0005524
Tlin06968-RA	GO:0005524
Tlin06968-RA	GO:0006468
Tlin06968-RA	GO:0004672
Tlin06968-RA	GO:0006468
Tlin06968-RA	GO:0004672
Tlin06968-RA	GO:0004692
Tlin03921-RA	GO:0016192
Tlin03921-RA	GO:0016192
Tlin03921-RA	GO:0035658
Tlin03921-RA	GO:0016192
Tlin03921-RA	GO:0016192
Tlin10101-RA	GO:0016746
Tlin08980-RA	GO:0008173
Tlin08980-RA	GO:0006396
Tlin11653-RA	GO:0005549
Tlin11653-RA	GO:0005549
Tlin11653-RA	GO:0005549
Tlin07982-RA	GO:0035556
Tlin07982-RA	GO:0005515
Tlin03241-RA	GO:0006355
Tlin03241-RA	GO:0008270
Tlin03241-RA	GO:0043565
Tlin03241-RA	GO:0003700
Tlin03241-RA	GO:0006355
Tlin03241-RA	GO:0008270
Tlin03241-RA	GO:0043565
Tlin03241-RA	GO:0003700
Tlin03241-RA	GO:0008270
Tlin03241-RA	GO:0006355
Tlin02152-RA	GO:0016020
Tlin02152-RA	GO:0016020
Tlin11375-RA	GO:0003723
Tlin11375-RA	GO:0003676
Tlin03752-RA	GO:0042147
Tlin03752-RA	GO:0000938
Tlin01282-RA	GO:0005515
Tlin01282-RA	GO:0006811
Tlin01282-RA	GO:0016020
Tlin01282-RA	GO:0055085
Tlin01282-RA	GO:0005216
Tlin01282-RA	GO:0005515
Tlin01282-RA	GO:0005515
Tlin01282-RA	GO:0005515
Tlin01282-RA	GO:0016020
Tlin01282-RA	GO:0070588
Tlin01282-RA	GO:0005262
Tlin01423-RA	GO:0006357
Tlin01423-RA	GO:0003700
Tlin01423-RA	GO:0006355
Tlin01423-RA	GO:0043565
Tlin01423-RA	GO:0003700
Tlin01423-RA	GO:0006355
Tlin01423-RA	GO:0043565
Tlin01423-RA	GO:0003700
Tlin01423-RA	GO:0006355
Tlin01423-RA	GO:0043565
Tlin01423-RA	GO:0003700
Tlin03742-RA	GO:0080019
Tlin14824-RA	GO:0007165
Tlin06086-RA	GO:0005509
Tlin06086-RA	GO:0005509
Tlin00546-RA	GO:0005525
Tlin00546-RA	GO:0003924
Tlin13661-RA	GO:0005515
Tlin00688-RA	GO:0005576
Tlin00688-RA	GO:0005576
Tlin00688-RA	GO:0005576
Tlin09327-RA	GO:0016043
Tlin09327-RA	GO:0003779
Tlin07963-RA	GO:0008528
Tlin08480-RA	GO:0003824
Tlin08480-RA	GO:0030170
Tlin08480-RA	GO:0009058
Tlin08480-RA	GO:0003824
Tlin04703-RA	GO:0016020
Tlin04703-RA	GO:0016020
Tlin04703-RA	GO:0016020
Tlin04703-RA	GO:0005044
Tlin04703-RA	GO:0016020
Tlin04703-RA	GO:0016020
Tlin04703-RA	GO:0016020
Tlin04703-RA	GO:0016020
Tlin04703-RA	GO:0005044
Tlin04703-RA	GO:0016020
Tlin04703-RA	GO:0005044
Tlin04703-RA	GO:0016020
Tlin04703-RA	GO:0005044
Tlin04703-RA	GO:0016020
Tlin01066-RA	GO:0005525
Tlin01066-RA	GO:0005525
Tlin01066-RA	GO:0003924
Tlin06266-RA	GO:0006629
Tlin10797-RA	GO:0006355
Tlin10797-RA	GO:0000981
Tlin10797-RA	GO:0003677
Tlin10797-RA	GO:0003677
Tlin10680-RA	GO:0005840
Tlin10680-RA	GO:0006412
Tlin10680-RA	GO:0003735
Tlin10680-RA	GO:0005840
Tlin10680-RA	GO:0006412
Tlin10680-RA	GO:0003735
Tlin10680-RA	GO:0005840
Tlin10680-RA	GO:0006412
Tlin10680-RA	GO:0003735
Tlin02013-RA	GO:0008270
Tlin02013-RA	GO:0008270
Tlin02013-RA	GO:0016567
Tlin02013-RA	GO:0004842
Tlin08678-RA	GO:0005515
Tlin10732-RA	GO:0005524
Tlin10732-RA	GO:0032957
Tlin10732-RA	GO:0047325
Tlin10732-RA	GO:0052725
Tlin10732-RA	GO:0052726
Tlin10732-RA	GO:0000287
Tlin09765-RA	GO:0071230
Tlin09765-RA	GO:0071986
Tlin09765-RA	GO:0032008
Tlin02232-RA	GO:0046872
Tlin04915-RA	GO:0055085
Tlin04915-RA	GO:0022857
Tlin04915-RA	GO:0055085
Tlin04915-RA	GO:0022857
Tlin09923-RA	GO:0005524
Tlin11725-RA	GO:0006355
Tlin12645-RA	GO:0005524
Tlin12645-RA	GO:0003676
Tlin06798-RA	GO:0003677
Tlin06798-RA	GO:0006355
Tlin06798-RA	GO:0000981
Tlin06798-RA	GO:0003677
Tlin03378-RA	GO:0008417
Tlin03378-RA	GO:0016020
Tlin03378-RA	GO:0006486
Tlin03378-RA	GO:0008417
Tlin03378-RA	GO:0016020
Tlin03378-RA	GO:0006486
Tlin11761-RA	GO:0004527
Tlin11761-RA	GO:0003676
Tlin02694-RA	GO:0005524
Tlin02694-RA	GO:0004674
Tlin02694-RA	GO:0004674
Tlin02694-RA	GO:0006468
Tlin02694-RA	GO:0004672
Tlin02694-RA	GO:0005524
Tlin02694-RA	GO:0006468
Tlin02694-RA	GO:0004672
Tlin10631-RA	GO:0016020
Tlin10631-RA	GO:0016020
Tlin11640-RA	GO:0016887
Tlin11640-RA	GO:0005524
Tlin01499-RA	GO:0003677
Tlin01499-RA	GO:0003677
Tlin01499-RA	GO:0003677
Tlin05290-RA	GO:0005515
Tlin05290-RA	GO:0016020
Tlin05290-RA	GO:0070588
Tlin05290-RA	GO:0005262
Tlin05290-RA	GO:0006816
Tlin08035-RA	GO:0005515
Tlin08035-RA	GO:0005515
Tlin08035-RA	GO:0005515
Tlin08035-RA	GO:0005515
Tlin08035-RA	GO:0005515
Tlin08035-RA	GO:0005515
Tlin08035-RA	GO:0005515
Tlin07385-RA	GO:0005515
Tlin13718-RA	GO:0006974
Tlin11047-RA	GO:0006072
Tlin11047-RA	GO:0009331
Tlin11047-RA	GO:0004368
Tlin11047-RA	GO:0005509
Tlin11047-RA	GO:0016491
Tlin11047-RA	GO:0005509
Tlin11047-RA	GO:0006072
Tlin11047-RA	GO:0009331
Tlin11047-RA	GO:0004368
Tlin02777-RA	GO:0006914
Tlin02777-RA	GO:0005515
Tlin05801-RA	GO:0006355
Tlin05801-RA	GO:0043565
Tlin05801-RA	GO:0003700
Tlin05801-RA	GO:0006355
Tlin05801-RA	GO:0043565
Tlin05801-RA	GO:0003700
Tlin05801-RA	GO:0006355
Tlin05801-RA	GO:0043565
Tlin05801-RA	GO:0003700
Tlin05887-RA	GO:0005515
Tlin14913-RA	GO:0008270
Tlin14913-RA	GO:0003676
Tlin14913-RA	GO:0008270
Tlin14913-RA	GO:0003676
Tlin14913-RA	GO:0008270
Tlin14913-RA	GO:0003676
Tlin01275-RA	GO:0005509
Tlin01275-RA	GO:0005509
Tlin01275-RA	GO:0005509
Tlin08024-RA	GO:0003723
Tlin00102-RA	GO:0005515
Tlin00102-RA	GO:0005515
Tlin00102-RA	GO:0005515
Tlin00102-RA	GO:0005515
Tlin00102-RA	GO:0005515
Tlin00102-RA	GO:0005515
Tlin13416-RA	GO:0043565
Tlin13416-RA	GO:0006313
Tlin13416-RA	GO:0004803
Tlin14372-RA	GO:0003676
Tlin08618-RA	GO:0006508
Tlin08618-RA	GO:0008237
Tlin08618-RA	GO:0006508
Tlin08618-RA	GO:0004222
Tlin08618-RA	GO:0006508
Tlin08618-RA	GO:0004222
Tlin08618-RA	GO:0008237
Tlin08618-RA	GO:0006508
Tlin08618-RA	GO:0004222
Tlin01429-RA	GO:0006508
Tlin01429-RA	GO:0004252
Tlin01429-RA	GO:0006508
Tlin01429-RA	GO:0004252
Tlin01429-RA	GO:0008236
Tlin01429-RA	GO:0006508
Tlin01429-RA	GO:0006508
Tlin01429-RA	GO:0004252
Tlin05353-RA	GO:0005743
Tlin05353-RA	GO:0043022
Tlin14494-RA	GO:0005524
Tlin14494-RA	GO:0032508
Tlin14494-RA	GO:0003677
Tlin14494-RA	GO:0005524
Tlin14494-RA	GO:0006260
Tlin14494-RA	GO:0003677
Tlin14494-RA	GO:0005524
Tlin14494-RA	GO:0032508
Tlin14494-RA	GO:0003677
Tlin14486-RA	GO:0005524
Tlin14486-RA	GO:0032508
Tlin14486-RA	GO:0003677
Tlin14486-RA	GO:0005524
Tlin14486-RA	GO:0006260
Tlin14486-RA	GO:0003677
Tlin14486-RA	GO:0005524
Tlin14486-RA	GO:0032508
Tlin14486-RA	GO:0003677
Tlin00408-RA	GO:0046983
Tlin00408-RA	GO:0006355
Tlin00408-RA	GO:0003677
Tlin00408-RA	GO:0046983
Tlin00408-RA	GO:0046983
Tlin09053-RA	GO:0005763
Tlin09053-RA	GO:0003735
Tlin09053-RA	GO:0005763
Tlin09053-RA	GO:0003735
Tlin10690-RA	GO:0006355
Tlin10690-RA	GO:0000981
Tlin10690-RA	GO:0003677
Tlin10690-RA	GO:0003677
Tlin07323-RA	GO:0005525
Tlin07323-RA	GO:0003924
Tlin08743-RA	GO:0016746
Tlin08743-RA	GO:0055085
Tlin08743-RA	GO:0022857
Tlin08743-RA	GO:0016746
Tlin08743-RA	GO:0016746
Tlin06998-RA	GO:0005515
Tlin06998-RA	GO:0042802
Tlin06998-RA	GO:0048208
Tlin06998-RA	GO:0006888
Tlin05841-RA	GO:0005524
Tlin05841-RA	GO:0004674
Tlin05841-RA	GO:0030010
Tlin05841-RA	GO:0030295
Tlin05841-RA	GO:0042593
Tlin05841-RA	GO:0001558
Tlin05841-RA	GO:0005524
Tlin05841-RA	GO:0006468
Tlin05841-RA	GO:0004672
Tlin05841-RA	GO:0006468
Tlin05841-RA	GO:0004672
Tlin12309-RA	GO:0003676
Tlin10247-RA	GO:0008237
Tlin01664-RA	GO:0005515
Tlin01664-RA	GO:0005515
Tlin01664-RA	GO:0005515
Tlin01664-RA	GO:0005515
Tlin01664-RA	GO:0005515
Tlin01664-RA	GO:0005515
Tlin09372-RA	GO:0004813
Tlin09372-RA	GO:0005524
Tlin09372-RA	GO:0005737
Tlin09372-RA	GO:0006419
Tlin09372-RA	GO:0000166
Tlin09372-RA	GO:0005524
Tlin09372-RA	GO:0043039
Tlin09372-RA	GO:0004812
Tlin09372-RA	GO:0004813
Tlin09372-RA	GO:0005524
Tlin09372-RA	GO:0006419
Tlin09372-RA	GO:0000166
Tlin09372-RA	GO:0000166
Tlin09372-RA	GO:0003676
Tlin05861-RA	GO:0016298
Tlin05861-RA	GO:0016298
Tlin05861-RA	GO:0006629
Tlin07683-RA	GO:0005515
Tlin05537-RA	GO:0005975
Tlin05537-RA	GO:0004553
Tlin05537-RA	GO:0005975
Tlin05537-RA	GO:0004553
Tlin02511-RA	GO:0006351
Tlin02511-RA	GO:0006351
Tlin02511-RA	GO:0008270
Tlin02511-RA	GO:0003676
Tlin02511-RA	GO:0006351
Tlin02511-RA	GO:0008270
Tlin02511-RA	GO:0003676
Tlin02511-RA	GO:0006351
Tlin02511-RA	GO:0006351
Tlin07962-RA	GO:0008528
Tlin07810-RA	GO:0051082
Tlin07810-RA	GO:0006457
Tlin07810-RA	GO:0051082
Tlin07810-RA	GO:0006457
Tlin09273-RA	GO:0005515
Tlin05355-RA	GO:0005509
Tlin11041-RA	GO:0005794
Tlin07499-RA	GO:0016627
Tlin07499-RA	GO:0003995
Tlin07499-RA	GO:0050660
Tlin07499-RA	GO:0016627
Tlin07499-RA	GO:0016627
Tlin07499-RA	GO:0050660
Tlin07499-RA	GO:0016627
Tlin07499-RA	GO:0016627
Tlin07499-RA	GO:0016627
Tlin07499-RA	GO:0016627
Tlin07472-RA	GO:0006851
Tlin07472-RA	GO:0005509
Tlin07472-RA	GO:0005509
Tlin10805-RA	GO:0008194
Tlin10805-RA	GO:0008194
Tlin10805-RA	GO:0008194
Tlin10805-RA	GO:0008194
Tlin10805-RA	GO:0008194
Tlin11434-RA	GO:0051536
Tlin11434-RA	GO:0051536
Tlin11434-RA	GO:0005515
Tlin11434-RA	GO:0005515
Tlin11434-RA	GO:0005515
Tlin11434-RA	GO:0005515
Tlin11434-RA	GO:0051536
Tlin11434-RA	GO:0009055
Tlin11434-RA	GO:0051537
Tlin11434-RA	GO:0000974
Tlin11434-RA	GO:0006281
Tlin11434-RA	GO:0061630
Tlin11434-RA	GO:0000398
Tlin11434-RA	GO:0016567
Tlin11434-RA	GO:0004842
Tlin11434-RA	GO:0005515
Tlin03492-RA	GO:0004869
Tlin03492-RA	GO:0004869
Tlin03492-RA	GO:0004869
Tlin03492-RA	GO:0004869
Tlin01731-RA	GO:0050660
Tlin01731-RA	GO:0050660
Tlin14254-RA	GO:0003676
Tlin10503-RA	GO:0007186
Tlin10503-RA	GO:0016020
Tlin10503-RA	GO:0004930
Tlin10503-RA	GO:0007186
Tlin10503-RA	GO:0016020
Tlin10503-RA	GO:0004930
Tlin10711-RA	GO:0008017
Tlin10711-RA	GO:0005515
Tlin10711-RA	GO:0008270
Tlin10711-RA	GO:0008270
Tlin05998-RA	GO:0007031
Tlin05998-RA	GO:0008270
Tlin05998-RA	GO:0016558
Tlin05998-RA	GO:0005778
Tlin05722-RA	GO:0050661
Tlin05722-RA	GO:0016491
Tlin05722-RA	GO:0006355
Tlin01079-RA	GO:0004814
Tlin01079-RA	GO:0005524
Tlin01079-RA	GO:0005737
Tlin01079-RA	GO:0006420
Tlin01079-RA	GO:0000166
Tlin01079-RA	GO:0004814
Tlin01079-RA	GO:0005524
Tlin01079-RA	GO:0005737
Tlin01079-RA	GO:0006420
Tlin01079-RA	GO:0000166
Tlin01079-RA	GO:0004812
Tlin01079-RA	GO:0005524
Tlin01079-RA	GO:0006418
Tlin01079-RA	GO:0000166
Tlin01079-RA	GO:0005524
Tlin01079-RA	GO:0006420
Tlin01079-RA	GO:0004814
Tlin01079-RA	GO:0005524
Tlin01079-RA	GO:0006420
Tlin01079-RA	GO:0004814
Tlin01079-RA	GO:0004812
Tlin01079-RA	GO:0005524
Tlin01079-RA	GO:0006418
Tlin01079-RA	GO:0000166
Tlin01079-RA	GO:0004814
Tlin01079-RA	GO:0005524
Tlin01079-RA	GO:0005737
Tlin01079-RA	GO:0006420
Tlin01079-RA	GO:0000166
Tlin06093-RA	GO:0006355
Tlin06093-RA	GO:0003700
Tlin06093-RA	GO:0006355
Tlin06093-RA	GO:0003677
Tlin06093-RA	GO:0006355
Tlin06093-RA	GO:0003700
Tlin06093-RA	GO:0006355
Tlin06093-RA	GO:0003677
Tlin00529-RA	GO:0005524
Tlin00529-RA	GO:0006468
Tlin00529-RA	GO:0004672
Tlin00529-RA	GO:0005524
Tlin00529-RA	GO:0006468
Tlin00529-RA	GO:0004672
Tlin00951-RA	GO:0020037
Tlin00951-RA	GO:0006182
Tlin00951-RA	GO:0004383
Tlin00951-RA	GO:0020037
Tlin00951-RA	GO:0035556
Tlin00951-RA	GO:0009190
Tlin00951-RA	GO:0035556
Tlin00951-RA	GO:0009190
Tlin06503-RA	GO:0005739
Tlin06503-RA	GO:0005840
Tlin06503-RA	GO:0006412
Tlin06503-RA	GO:0003735
Tlin00366-RA	GO:0005515
Tlin00366-RA	GO:0005515
Tlin00366-RA	GO:0008081
Tlin00366-RA	GO:0006629
Tlin00366-RA	GO:0008081
Tlin00366-RA	GO:0006629
Tlin02949-RA	GO:0043161
Tlin02949-RA	GO:0070628
Tlin02949-RA	GO:0004866
Tlin07542-RA	GO:0007165
Tlin07542-RA	GO:0007165
Tlin06359-RA	GO:0007165
Tlin06359-RA	GO:0016020
Tlin06359-RA	GO:0005525
Tlin06359-RA	GO:0005525
Tlin06359-RA	GO:0003924
Tlin06126-RA	GO:0006325
Tlin06126-RA	GO:0006355
Tlin06126-RA	GO:0005634
Tlin05948-RA	GO:0005515
Tlin05948-RA	GO:0005515
Tlin04257-RA	GO:0050660
Tlin04257-RA	GO:0050660
Tlin04257-RA	GO:0016614
Tlin04257-RA	GO:0050660
Tlin04257-RA	GO:0016614
Tlin04257-RA	GO:0016614
Tlin04257-RA	GO:0050660
Tlin04257-RA	GO:0016614
Tlin03483-RA	GO:0022900
Tlin03483-RA	GO:0022900
Tlin10183-RA	GO:0006508
Tlin10183-RA	GO:0004252
Tlin10183-RA	GO:0006508
Tlin10183-RA	GO:0004252
Tlin10183-RA	GO:0006508
Tlin10183-RA	GO:0004252
Tlin10183-RA	GO:0005515
Tlin10183-RA	GO:0005515
Tlin10183-RA	GO:0005515
Tlin10183-RA	GO:0005515
Tlin10183-RA	GO:0005515
Tlin10183-RA	GO:0005515
Tlin10183-RA	GO:0005515
Tlin10183-RA	GO:0005515
Tlin12853-RA	GO:0006357
Tlin12853-RA	GO:0016592
Tlin12853-RA	GO:0003712
Tlin12853-RA	GO:0006357
Tlin12853-RA	GO:0016592
Tlin12853-RA	GO:0003712
Tlin06783-RA	GO:0003723
Tlin06783-RA	GO:0003723
Tlin06783-RA	GO:0003723
Tlin07387-RA	GO:0016311
Tlin07387-RA	GO:0008138
Tlin11494-RA	GO:0046872
Tlin11494-RA	GO:0070006
Tlin11494-RA	GO:0006508
Tlin11494-RA	GO:0019538
Tlin11494-RA	GO:0030145
Tlin11494-RA	GO:0070006
Tlin11494-RA	GO:0005737
Tlin11494-RA	GO:0046872
Tlin11494-RA	GO:0070006
Tlin11494-RA	GO:0006508
Tlin08543-RA	GO:0003899
Tlin08543-RA	GO:0006351
Tlin08543-RA	GO:0003677
Tlin08543-RA	GO:0003899
Tlin08543-RA	GO:0003899
Tlin08543-RA	GO:0006351
Tlin08543-RA	GO:0003677
Tlin08543-RA	GO:0003899
Tlin08543-RA	GO:0006351
Tlin08543-RA	GO:0003677
Tlin08543-RA	GO:0003899
Tlin08543-RA	GO:0006351
Tlin08543-RA	GO:0003677
Tlin05673-RA	GO:0008194
Tlin05673-RA	GO:0008194
Tlin07470-RA	GO:0016020
Tlin07470-RA	GO:0016020
Tlin07470-RA	GO:0016020
Tlin10160-RA	GO:0046983
Tlin10160-RA	GO:0046983
Tlin10160-RA	GO:0046983
Tlin00604-RA	GO:0016787
Tlin11874-RA	GO:0005515
Tlin11874-RA	GO:0005515
Tlin11874-RA	GO:0005840
Tlin11874-RA	GO:0006412
Tlin11874-RA	GO:0003735
Tlin11874-RA	GO:0005515
Tlin11874-RA	GO:0006811
Tlin11874-RA	GO:0016020
Tlin11874-RA	GO:0055085
Tlin11874-RA	GO:0005216
Tlin03974-RA	GO:0005886
Tlin04015-RA	GO:0003824
Tlin04015-RA	GO:0030170
Tlin04015-RA	GO:0009058
Tlin01344-RA	GO:0005515
Tlin01344-RA	GO:0005515
Tlin01344-RA	GO:0005515
Tlin11627-RA	GO:0008237
Tlin11341-RA	GO:0005576
Tlin11341-RA	GO:0007275
Tlin11341-RA	GO:0016055
Tlin11341-RA	GO:0005102
Tlin11341-RA	GO:0005576
Tlin11341-RA	GO:0007275
Tlin11341-RA	GO:0016055
Tlin11341-RA	GO:0005102
Tlin11341-RA	GO:0005576
Tlin11341-RA	GO:0007275
Tlin11341-RA	GO:0016055
Tlin11341-RA	GO:0005102
Tlin12954-RA	GO:0003779
Tlin03262-RA	GO:0016491
Tlin12869-RA	GO:0020037
Tlin06206-RA	GO:0006888
Tlin06206-RA	GO:0030127
Tlin06206-RA	GO:0006886
Tlin06206-RA	GO:0090114
Tlin06206-RA	GO:0030127
Tlin06206-RA	GO:0006888
Tlin06206-RA	GO:0030127
Tlin06206-RA	GO:0006886
Tlin06206-RA	GO:0006888
Tlin06206-RA	GO:0008270
Tlin06206-RA	GO:0030127
Tlin06206-RA	GO:0006886
Tlin06206-RA	GO:0006888
Tlin06206-RA	GO:0030127
Tlin06206-RA	GO:0006886
Tlin06206-RA	GO:0006888
Tlin06206-RA	GO:0008270
Tlin06206-RA	GO:0030127
Tlin06206-RA	GO:0006886
Tlin09438-RA	GO:0005515
Tlin09825-RA	GO:0005524
Tlin09825-RA	GO:0006468
Tlin09825-RA	GO:0004672
Tlin09060-RA	GO:0006468
Tlin09060-RA	GO:0004672
Tlin09060-RA	GO:0016849
Tlin09060-RA	GO:0035556
Tlin09060-RA	GO:0009190
Tlin09060-RA	GO:0006468
Tlin09060-RA	GO:0004672
Tlin09060-RA	GO:0035556
Tlin09060-RA	GO:0009190
Tlin09060-RA	GO:0035556
Tlin09060-RA	GO:0009190
Tlin09060-RA	GO:0006182
Tlin09060-RA	GO:0004383
Tlin05752-RA	GO:0006355
Tlin05752-RA	GO:0003677
Tlin05752-RA	GO:0006355
Tlin05752-RA	GO:0003677
Tlin05752-RA	GO:0006355
Tlin05752-RA	GO:0003677
Tlin05752-RA	GO:0003677
Tlin12412-RA	GO:0005634
Tlin12412-RA	GO:0006357
Tlin12412-RA	GO:0003690
Tlin08236-RA	GO:0005506
Tlin08236-RA	GO:0016705
Tlin08236-RA	GO:0020037
Tlin08236-RA	GO:0004497
Tlin08236-RA	GO:0005506
Tlin08236-RA	GO:0016705
Tlin08236-RA	GO:0020037
Tlin08236-RA	GO:0004497
Tlin08236-RA	GO:0005506
Tlin08236-RA	GO:0016705
Tlin08236-RA	GO:0020037
Tlin08236-RA	GO:0004497
Tlin10125-RA	GO:0030170
Tlin10125-RA	GO:0030170
Tlin13641-RA	GO:0005515
Tlin13641-RA	GO:0005515
Tlin05602-RA	GO:0003723
Tlin05602-RA	GO:0003676
Tlin05602-RA	GO:0003723
Tlin05602-RA	GO:0000398
Tlin11163-RA	GO:0009231
Tlin11163-RA	GO:0008531
Tlin11163-RA	GO:0009231
Tlin11163-RA	GO:0008531
Tlin11163-RA	GO:0009231
Tlin11163-RA	GO:0008531
Tlin03982-RA	GO:0030150
Tlin03982-RA	GO:0005744
Tlin09288-RA	GO:0051260
Tlin06493-RA	GO:0016301
Tlin06493-RA	GO:0006281
Tlin06493-RA	GO:0006974
Tlin06493-RA	GO:0004674
Tlin06493-RA	GO:0016301
Tlin06493-RA	GO:0006974
Tlin06493-RA	GO:0004674
Tlin06493-RA	GO:0005515
Tlin11568-RA	GO:0035091
Tlin11568-RA	GO:0035091
Tlin11568-RA	GO:0035091
Tlin06204-RA	GO:0006777
Tlin06204-RA	GO:0006777
Tlin06204-RA	GO:0006777
Tlin06204-RA	GO:0006777
Tlin04918-RA	GO:0016020
Tlin04918-RA	GO:0016780
Tlin04918-RA	GO:0008654
Tlin04918-RA	GO:0016020
Tlin04918-RA	GO:0016780
Tlin04918-RA	GO:0008654
Tlin07839-RA	GO:0005515
Tlin07839-RA	GO:0005515
Tlin07839-RA	GO:0005515
Tlin07839-RA	GO:0005515
Tlin07839-RA	GO:0005515
Tlin07839-RA	GO:0005515
Tlin07839-RA	GO:0005515
Tlin11358-RA	GO:0017150
Tlin11358-RA	GO:0050660
Tlin11358-RA	GO:0008033
Tlin11358-RA	GO:0000049
Tlin03350-RA	GO:0005515
Tlin03350-RA	GO:0005515
Tlin03350-RA	GO:0005515
Tlin03350-RA	GO:0005515
Tlin03350-RA	GO:0005515
Tlin03350-RA	GO:0005515
Tlin03350-RA	GO:0005515
Tlin03350-RA	GO:0005515
Tlin03350-RA	GO:0061608
Tlin03350-RA	GO:0006606
Tlin03350-RA	GO:0006606
Tlin11763-RA	GO:0005515
Tlin02735-RA	GO:0016272
Tlin02735-RA	GO:0006457
Tlin02735-RA	GO:0016272
Tlin02735-RA	GO:0051082
Tlin02735-RA	GO:0006457
Tlin06068-RA	GO:0000226
Tlin06068-RA	GO:0005815
Tlin05960-RA	GO:0016020
Tlin05960-RA	GO:0016020
Tlin06872-RA	GO:0042134
Tlin06872-RA	GO:0006364
Tlin06872-RA	GO:0019843
Tlin06872-RA	GO:0006364
Tlin02036-RA	GO:0008641
Tlin07548-RA	GO:0006811
Tlin07548-RA	GO:0016020
Tlin07548-RA	GO:0055085
Tlin07548-RA	GO:0005216
Tlin07548-RA	GO:0006816
Tlin08707-RA	GO:0000956
Tlin14617-RA	GO:0003676
Tlin14617-RA	GO:0003676
Tlin09062-RA	GO:0004867
Tlin09062-RA	GO:0004867
Tlin09062-RA	GO:0004867
Tlin01585-RA	GO:0009249
Tlin07733-RA	GO:0006850
Tlin07733-RA	GO:0005743
Tlin10491-RA	GO:0008237
Tlin10491-RA	GO:0006508
Tlin10491-RA	GO:0004222
Tlin09957-RA	GO:0005524
Tlin09957-RA	GO:0006468
Tlin09957-RA	GO:0004672
Tlin09957-RA	GO:0005524
Tlin09957-RA	GO:0006468
Tlin09957-RA	GO:0004672
Tlin11021-RA	GO:0007076
Tlin02109-RA	GO:0051015
Tlin10740-RA	GO:0005515
Tlin10740-RA	GO:0005515
Tlin10740-RA	GO:0005515
Tlin11332-RA	GO:0016559
Tlin11332-RA	GO:0005778
Tlin06564-RA	GO:0051287
Tlin00324-RA	GO:0006511
Tlin00324-RA	GO:0004843
Tlin00324-RA	GO:0016579
Tlin00324-RA	GO:0004843
Tlin00324-RA	GO:0006511
Tlin00324-RA	GO:0004843
Tlin00324-RA	GO:0008270
Tlin13882-RA	GO:0016747
Tlin14406-RA	GO:0043565
Tlin02888-RA	GO:0006355
Tlin02888-RA	GO:0000981
Tlin02888-RA	GO:0003677
Tlin02888-RA	GO:0003677
Tlin04353-RA	GO:0055085
Tlin04353-RA	GO:0022857
Tlin05840-RA	GO:0005975
Tlin05840-RA	GO:0004135
Tlin05840-RA	GO:0005980
Tlin05840-RA	GO:0004134
Tlin11042-RA	GO:0005524
Tlin11042-RA	GO:0003676
Tlin01048-RA	GO:0033014
Tlin01048-RA	GO:0004852
Tlin01048-RA	GO:0033014
Tlin01048-RA	GO:0004852
Tlin01048-RA	GO:0033014
Tlin01048-RA	GO:0004852
Tlin01048-RA	GO:0006780
Tlin01048-RA	GO:0004852
Tlin01048-RA	GO:0033014
Tlin01048-RA	GO:0004852
Tlin01048-RA	GO:0033014
Tlin01048-RA	GO:0004852
Tlin11083-RA	GO:0006357
Tlin11083-RA	GO:0003700
Tlin03598-RA	GO:0048188
Tlin12676-RA	GO:0005515
Tlin12676-RA	GO:0006303
Tlin12676-RA	GO:0016301
Tlin04958-RA	GO:0071949
Tlin02908-RA	GO:0005975
Tlin02908-RA	GO:0004650
Tlin02908-RA	GO:0005975
Tlin02908-RA	GO:0004650
Tlin11599-RA	GO:0006367
Tlin11599-RA	GO:0005672
Tlin11599-RA	GO:0006367
Tlin11599-RA	GO:0005672
Tlin11599-RA	GO:0006367
Tlin11599-RA	GO:0005672
Tlin11599-RA	GO:0006367
Tlin11599-RA	GO:0005672
Tlin11599-RA	GO:0006367
Tlin11599-RA	GO:0005672
Tlin11599-RA	GO:0006367
Tlin11599-RA	GO:0005672
Tlin11599-RA	GO:0006367
Tlin11599-RA	GO:0005672
Tlin11599-RA	GO:0006367
Tlin11599-RA	GO:0005672
Tlin09813-RA	GO:0106370
Tlin09813-RA	GO:0106370
Tlin10684-RA	GO:0008757
Tlin10684-RA	GO:0008757
Tlin03331-RA	GO:0035092
Tlin03331-RA	GO:0007283
Tlin03331-RA	GO:0035092
Tlin03331-RA	GO:0007283
Tlin03522-RA	GO:0005515
Tlin03522-RA	GO:0005515
Tlin03522-RA	GO:0005515
Tlin03522-RA	GO:0005515
Tlin03522-RA	GO:0005515
Tlin03522-RA	GO:0005515
Tlin11822-RA	GO:0006269
Tlin11822-RA	GO:0003896
Tlin11822-RA	GO:0006269
Tlin11822-RA	GO:0003896
Tlin07850-RA	GO:0005515
Tlin07850-RA	GO:0005515
Tlin07063-RA	GO:0051015
Tlin02266-RA	GO:0016020
Tlin02266-RA	GO:0004252
Tlin03076-RA	GO:0003677
Tlin03076-RA	GO:0003677
Tlin03076-RA	GO:0003677
Tlin09931-RA	GO:0005524
Tlin09931-RA	GO:0007018
Tlin09931-RA	GO:0008017
Tlin09931-RA	GO:0003777
Tlin09931-RA	GO:0005524
Tlin09931-RA	GO:0007018
Tlin09931-RA	GO:0003777
Tlin09931-RA	GO:0007018
Tlin09931-RA	GO:0003777
Tlin06065-RA	GO:0005515
Tlin06065-RA	GO:0005515
Tlin06065-RA	GO:0034551
Tlin06065-RA	GO:0005515
Tlin01113-RA	GO:0005874
Tlin01113-RA	GO:0007017
Tlin01113-RA	GO:0005525
Tlin01113-RA	GO:0007017
Tlin01113-RA	GO:0005874
Tlin01113-RA	GO:0005525
Tlin12865-RA	GO:0005524
Tlin12865-RA	GO:0016887
Tlin12865-RA	GO:0005524
Tlin12865-RA	GO:0005524
Tlin09233-RA	GO:0030314
Tlin09670-RA	GO:0005515
Tlin10950-RA	GO:0006888
Tlin10950-RA	GO:0006888
Tlin06409-RA	GO:0006811
Tlin06409-RA	GO:0016020
Tlin06409-RA	GO:0055085
Tlin06409-RA	GO:0005216
Tlin06409-RA	GO:0005515
Tlin06409-RA	GO:0006811
Tlin06409-RA	GO:0016020
Tlin06409-RA	GO:0005216
Tlin03746-RA	GO:0005852
Tlin03746-RA	GO:0006413
Tlin03746-RA	GO:0031369
Tlin03746-RA	GO:0003743
Tlin03746-RA	GO:0003743
Tlin03746-RA	GO:0005852
Tlin03746-RA	GO:0006413
Tlin03746-RA	GO:0031369
Tlin03746-RA	GO:0003723
Tlin00333-RA	GO:0005515
Tlin00333-RA	GO:0005515
Tlin00333-RA	GO:0005515
Tlin00333-RA	GO:0005515
Tlin00333-RA	GO:0005515
Tlin00333-RA	GO:0005515
Tlin00333-RA	GO:0005515
Tlin00333-RA	GO:0005515
Tlin10670-RA	GO:0007034
Tlin10670-RA	GO:0007034
Tlin08624-RA	GO:0005515
Tlin08624-RA	GO:0018023
Tlin08624-RA	GO:0016279
Tlin02385-RA	GO:0022857
Tlin02385-RA	GO:0055085
Tlin02385-RA	GO:0016020
Tlin02385-RA	GO:0022857
Tlin02385-RA	GO:0055085
Tlin02385-RA	GO:0016020
Tlin07288-RA	GO:0016301
Tlin07288-RA	GO:0005524
Tlin00413-RA	GO:0016491
Tlin00413-RA	GO:0016491
Tlin00413-RA	GO:0016491
Tlin09649-RA	GO:0005524
Tlin09649-RA	GO:0005524
Tlin09649-RA	GO:0006468
Tlin09649-RA	GO:0004672
Tlin09649-RA	GO:0000165
Tlin09649-RA	GO:0006468
Tlin09649-RA	GO:0004672
Tlin02887-RA	GO:0003700
Tlin02887-RA	GO:0006355
Tlin02887-RA	GO:0003677
Tlin11049-RA	GO:0005509
Tlin11049-RA	GO:0005509
Tlin11049-RA	GO:0005509
Tlin12461-RA	GO:0055085
Tlin12461-RA	GO:0022857
Tlin12009-RA	GO:0005509
Tlin12009-RA	GO:0005509
Tlin12482-RA	GO:0005515
Tlin12482-RA	GO:0005515
Tlin10365-RA	GO:0006633
Tlin10365-RA	GO:0004315
Tlin10365-RA	GO:0016746
Tlin10365-RA	GO:0009058
Tlin10365-RA	GO:0016746
Tlin10365-RA	GO:0016740
Tlin04870-RA	GO:1904294
Tlin04870-RA	GO:0061630
Tlin04359-RA	GO:0055085
Tlin04359-RA	GO:0022857
Tlin06863-RA	GO:0005886
Tlin06863-RA	GO:0007155
Tlin06863-RA	GO:0007411
Tlin06863-RA	GO:0005515
Tlin06863-RA	GO:0006468
Tlin06863-RA	GO:0004672
Tlin06863-RA	GO:0006468
Tlin06863-RA	GO:0004672
Tlin02610-RA	GO:0032542
Tlin14028-RA	GO:0005549
Tlin14028-RA	GO:0007608
Tlin14028-RA	GO:0016020
Tlin14028-RA	GO:0004984
Tlin14028-RA	GO:0005549
Tlin14028-RA	GO:0007608
Tlin14028-RA	GO:0016020
Tlin14028-RA	GO:0004984
Tlin09463-RA	GO:0046983
Tlin09463-RA	GO:0046983
Tlin09463-RA	GO:0046983
Tlin03617-RA	GO:0008270
Tlin02932-RA	GO:0016020
Tlin02932-RA	GO:0071805
Tlin02932-RA	GO:0005267
Tlin04167-RA	GO:0006807
Tlin05912-RA	GO:0016020
Tlin05912-RA	GO:0009922
Tlin05912-RA	GO:0016020
Tlin05912-RA	GO:0009922
Tlin00455-RA	GO:0005515
Tlin00455-RA	GO:0005515
Tlin00455-RA	GO:0005515
Tlin02706-RA	GO:0016020
Tlin02706-RA	GO:0016020
Tlin02706-RA	GO:0016020
Tlin02706-RA	GO:0016020
Tlin10857-RA	GO:0003676
Tlin10857-RA	GO:0006139
Tlin10857-RA	GO:0008408
Tlin10857-RA	GO:0003676
Tlin10857-RA	GO:0044237
Tlin10857-RA	GO:0000166
Tlin10857-RA	GO:0006396
Tlin10857-RA	GO:0000176
Tlin10857-RA	GO:0000467
Tlin10857-RA	GO:0000175
Tlin10857-RA	GO:0003676
Tlin07887-RA	GO:0005581
Tlin07887-RA	GO:0005201
Tlin07887-RA	GO:0005581
Tlin07887-RA	GO:0005201
Tlin07887-RA	GO:0005581
Tlin07887-RA	GO:0005201
Tlin05813-RA	GO:0005789
Tlin05813-RA	GO:0032933
Tlin05813-RA	GO:0032934
Tlin05813-RA	GO:0000139
Tlin05813-RA	GO:0005515
Tlin05813-RA	GO:0005515
Tlin05813-RA	GO:0005515
Tlin05813-RA	GO:0005515
Tlin05813-RA	GO:0005515
Tlin05813-RA	GO:0005515
Tlin12602-RA	GO:0016020
Tlin12602-RA	GO:0016020
Tlin11420-RA	GO:0003824
Tlin03764-RA	GO:0046983
Tlin03764-RA	GO:0019787
Tlin01323-RA	GO:0005515
Tlin01323-RA	GO:0031146
Tlin01323-RA	GO:0019005
Tlin01323-RA	GO:0005515
Tlin01273-RA	GO:0046983
Tlin03640-RA	GO:0006355
Tlin03640-RA	GO:0032784
Tlin03640-RA	GO:0006357
Tlin11210-RA	GO:0051082
Tlin11210-RA	GO:0031072
Tlin11210-RA	GO:0030544
Tlin11210-RA	GO:0006457
Tlin11210-RA	GO:0051082
Tlin11210-RA	GO:0006457
Tlin11210-RA	GO:0051082
Tlin11210-RA	GO:0031072
Tlin11210-RA	GO:0051082
Tlin11210-RA	GO:0006457
Tlin05214-RA	GO:0003676
Tlin05214-RA	GO:0030619
Tlin05214-RA	GO:0003723
Tlin06614-RA	GO:0008168
Tlin06614-RA	GO:0003723
Tlin06614-RA	GO:0001510
Tlin06614-RA	GO:0008168
Tlin06614-RA	GO:0003723
Tlin02787-RA	GO:0005549
Tlin02787-RA	GO:0007608
Tlin02787-RA	GO:0016020
Tlin02787-RA	GO:0004984
Tlin02787-RA	GO:0005549
Tlin02787-RA	GO:0007608
Tlin02787-RA	GO:0016020
Tlin02787-RA	GO:0004984
Tlin04126-RA	GO:0016020
Tlin04126-RA	GO:0016020
Tlin04126-RA	GO:0016020
Tlin07695-RA	GO:0008270
Tlin12147-RA	GO:0005840
Tlin12147-RA	GO:0006412
Tlin12147-RA	GO:0003735
Tlin12147-RA	GO:0005840
Tlin12147-RA	GO:0006412
Tlin12147-RA	GO:0003735
Tlin05787-RA	GO:0016791
Tlin05787-RA	GO:0016311
Tlin05787-RA	GO:0006470
Tlin05787-RA	GO:0004725
Tlin00286-RA	GO:0005515
Tlin00286-RA	GO:0005515
Tlin00532-RA	GO:0032040
Tlin00532-RA	GO:0006364
Tlin02637-RA	GO:0050909
Tlin02637-RA	GO:0016020
Tlin07517-RA	GO:0004812
Tlin07517-RA	GO:0005524
Tlin07517-RA	GO:0006418
Tlin07517-RA	GO:0000166
Tlin07517-RA	GO:0004812
Tlin07517-RA	GO:0005524
Tlin07517-RA	GO:0006418
Tlin07517-RA	GO:0000166
Tlin07517-RA	GO:0004822
Tlin07517-RA	GO:0004812
Tlin07517-RA	GO:0005524
Tlin07517-RA	GO:0006418
Tlin07517-RA	GO:0000166
Tlin07517-RA	GO:0000049
Tlin07517-RA	GO:0006418
Tlin07517-RA	GO:0002161
Tlin07517-RA	GO:0006418
Tlin07517-RA	GO:0004812
Tlin05063-RA	GO:0005515
Tlin05063-RA	GO:0005515
Tlin05063-RA	GO:0005515
Tlin05063-RA	GO:0005524
Tlin05063-RA	GO:0006468
Tlin05063-RA	GO:0004672
Tlin05063-RA	GO:0005524
Tlin05063-RA	GO:0006468
Tlin05063-RA	GO:0004672
Tlin05063-RA	GO:0005515
Tlin05063-RA	GO:0005085
Tlin05063-RA	GO:0005085
Tlin05063-RA	GO:0005515
Tlin05063-RA	GO:0005515
Tlin14018-RA	GO:0022857
Tlin14018-RA	GO:0055085
Tlin14018-RA	GO:0016020
Tlin12690-RA	GO:0005975
Tlin12690-RA	GO:0004553
Tlin12690-RA	GO:0005975
Tlin11305-RA	GO:0003676
Tlin11305-RA	GO:0003723
Tlin11305-RA	GO:0003723
Tlin11305-RA	GO:0003723
Tlin11305-RA	GO:0003676
Tlin04919-RA	GO:0007165
Tlin04919-RA	GO:0007165
Tlin06938-RA	GO:0004386
Tlin06938-RA	GO:0004386
Tlin06938-RA	GO:0005515
Tlin06938-RA	GO:0005515
Tlin10109-RA	GO:0048244
Tlin10109-RA	GO:0001561
Tlin10257-RA	GO:0003743
Tlin10257-RA	GO:0006413
Tlin10257-RA	GO:0003723
Tlin10257-RA	GO:0003743
Tlin10257-RA	GO:0005737
Tlin10257-RA	GO:0006413
Tlin10257-RA	GO:0003723
Tlin10257-RA	GO:0003743
Tlin10257-RA	GO:0006413
Tlin10257-RA	GO:0003723
Tlin04379-RA	GO:0005515
Tlin09229-RA	GO:0004824
Tlin09229-RA	GO:0005524
Tlin09229-RA	GO:0005737
Tlin09229-RA	GO:0006430
Tlin09229-RA	GO:0000166
Tlin09229-RA	GO:0003676
Tlin09229-RA	GO:0004812
Tlin09229-RA	GO:0005524
Tlin09229-RA	GO:0006418
Tlin09229-RA	GO:0000166
Tlin09229-RA	GO:0000166
Tlin11473-RA	GO:0032981
Tlin06315-RA	GO:0005515
Tlin06315-RA	GO:0005576
Tlin06315-RA	GO:0007275
Tlin06315-RA	GO:0016055
Tlin06315-RA	GO:0005102
Tlin01584-RA	GO:0016705
Tlin01584-RA	GO:0005506
Tlin01584-RA	GO:0005506
Tlin01584-RA	GO:0016705
Tlin01584-RA	GO:0020037
Tlin01584-RA	GO:0004497
Tlin01584-RA	GO:0005506
Tlin01584-RA	GO:0016705
Tlin01584-RA	GO:0020037
Tlin01584-RA	GO:0004497
Tlin01584-RA	GO:0005506
Tlin01584-RA	GO:0016705
Tlin01584-RA	GO:0020037
Tlin01584-RA	GO:0004497
Tlin01788-RA	GO:0008083
Tlin01788-RA	GO:0005515
Tlin01788-RA	GO:0055085
Tlin01788-RA	GO:0016020
Tlin01788-RA	GO:0005515
Tlin01788-RA	GO:0008083
Tlin01788-RA	GO:0055085
Tlin01788-RA	GO:0016020
Tlin01788-RA	GO:0008061
Tlin01788-RA	GO:0008061
Tlin01788-RA	GO:0005576
Tlin01788-RA	GO:0055085
Tlin01788-RA	GO:0016020
Tlin09971-RA	GO:0005515
Tlin09971-RA	GO:0005515
Tlin09971-RA	GO:0005515
Tlin09971-RA	GO:0005515
Tlin07104-RA	GO:0051082
Tlin07104-RA	GO:0006457
Tlin07104-RA	GO:0051082
Tlin07104-RA	GO:0006457
Tlin08389-RA	GO:0003998
Tlin09063-RA	GO:0005515
Tlin12126-RA	GO:0061617
Tlin12126-RA	GO:0042407
Tlin12126-RA	GO:0061617
Tlin12126-RA	GO:0042407
Tlin05522-RA	GO:0007015
Tlin05522-RA	GO:0015629
Tlin05522-RA	GO:0003779
Tlin04279-RA	GO:0005515
Tlin04279-RA	GO:0008033
Tlin04279-RA	GO:0005739
Tlin05076-RA	GO:0006364
Tlin05076-RA	GO:0008168
Tlin05076-RA	GO:0003723
Tlin05076-RA	GO:0006364
Tlin05076-RA	GO:0008168
Tlin05076-RA	GO:0003723
Tlin11133-RA	GO:0005549
Tlin11133-RA	GO:0005549
Tlin11133-RA	GO:0005549
Tlin11817-RA	GO:0016773
Tlin11817-RA	GO:0005975
Tlin11817-RA	GO:0016301
Tlin11817-RA	GO:0005975
Tlin11817-RA	GO:0016301
Tlin11817-RA	GO:0005975
Tlin02601-RA	GO:0008234
Tlin02601-RA	GO:0008234
Tlin02601-RA	GO:0006508
Tlin02601-RA	GO:0008234
Tlin02601-RA	GO:0006508
Tlin07911-RA	GO:0003676
Tlin07911-RA	GO:0003723
Tlin09777-RA	GO:0022857
Tlin09777-RA	GO:0055085
Tlin09777-RA	GO:0016020
Tlin06489-RA	GO:0008168
Tlin06489-RA	GO:0008168
Tlin02979-RA	GO:0006487
Tlin02979-RA	GO:0006488
Tlin02979-RA	GO:0003975
Tlin02979-RA	GO:0016780
Tlin02979-RA	GO:0016020
Tlin02979-RA	GO:0006487
Tlin02979-RA	GO:0006488
Tlin02979-RA	GO:0003975
Tlin12509-RA	GO:0046983
Tlin02211-RA	GO:0016570
Tlin02211-RA	GO:0016593
Tlin02211-RA	GO:0006368
Tlin02211-RA	GO:0016570
Tlin02211-RA	GO:0016593
Tlin02211-RA	GO:0006368
Tlin01497-RA	GO:0005840
Tlin01497-RA	GO:0006412
Tlin01497-RA	GO:0003735
Tlin01497-RA	GO:0005840
Tlin01497-RA	GO:0006412
Tlin01497-RA	GO:0003735
Tlin01497-RA	GO:0005840
Tlin01497-RA	GO:0006412
Tlin01497-RA	GO:0003735
Tlin01024-RA	GO:0043023
Tlin11735-RA	GO:0005515
Tlin11735-RA	GO:0005515
Tlin10221-RA	GO:0003824
Tlin10221-RA	GO:0003824
Tlin10221-RA	GO:0003824
Tlin10221-RA	GO:0008318
Tlin01682-RA	GO:0006629
Tlin01682-RA	GO:0016298
Tlin01682-RA	GO:0016298
Tlin02846-RA	GO:0008168
Tlin02846-RA	GO:0008033
Tlin02846-RA	GO:0008168
Tlin02846-RA	GO:0106050
Tlin02846-RA	GO:0030488
Tlin02508-RA	GO:0009890
Tlin09832-RA	GO:0009253
Tlin09832-RA	GO:0008745
Tlin09832-RA	GO:0009253
Tlin09832-RA	GO:0008745
Tlin09832-RA	GO:0009253
Tlin09832-RA	GO:0008745
Tlin09832-RA	GO:0009253
Tlin09832-RA	GO:0008745
Tlin03555-RA	GO:0004386
Tlin10574-RA	GO:0008373
Tlin10574-RA	GO:0006486
Tlin05459-RA	GO:0018216
Tlin05459-RA	GO:0016274
Tlin03056-RA	GO:0005549
Tlin03056-RA	GO:0007608
Tlin03056-RA	GO:0016020
Tlin03056-RA	GO:0004984
Tlin03056-RA	GO:0005549
Tlin03056-RA	GO:0007608
Tlin03056-RA	GO:0016020
Tlin03056-RA	GO:0004984
Tlin03102-RA	GO:0016491
Tlin03102-RA	GO:0016491
Tlin03102-RA	GO:0016491
Tlin14381-RA	GO:0016491
Tlin00766-RA	GO:0016627
Tlin00766-RA	GO:0016627
Tlin00766-RA	GO:0006644
Tlin00766-RA	GO:0050482
Tlin00766-RA	GO:0004623
Tlin00766-RA	GO:0003995
Tlin00766-RA	GO:0006644
Tlin00766-RA	GO:0050482
Tlin00766-RA	GO:0004623
Tlin00766-RA	GO:0006644
Tlin00766-RA	GO:0050482
Tlin00766-RA	GO:0004623
Tlin00766-RA	GO:0016627
Tlin00766-RA	GO:0016627
Tlin00766-RA	GO:0016627
Tlin00766-RA	GO:0050660
Tlin00766-RA	GO:0016627
Tlin00766-RA	GO:0050660
Tlin00766-RA	GO:0016627
Tlin00766-RA	GO:0003995
Tlin08786-RA	GO:0008270
Tlin08786-RA	GO:0005634
Tlin10651-RA	GO:0030896
Tlin10651-RA	GO:0000077
Tlin05163-RA	GO:0005515
Tlin06623-RA	GO:0003712
Tlin06623-RA	GO:0000124
Tlin00511-RA	GO:0000956
Tlin00511-RA	GO:0000398
Tlin11654-RA	GO:0005549
Tlin11654-RA	GO:0005549
Tlin11654-RA	GO:0005549
Tlin09170-RA	GO:0005515
Tlin09089-RA	GO:0000166
Tlin09089-RA	GO:0000166
Tlin01640-RA	GO:0003677
Tlin01640-RA	GO:0003677
Tlin01640-RA	GO:0003677
Tlin01640-RA	GO:0003677
Tlin01640-RA	GO:0006338
Tlin01640-RA	GO:0003677
Tlin02382-RA	GO:0007186
Tlin02382-RA	GO:0016020
Tlin02382-RA	GO:0004930
Tlin02382-RA	GO:0007186
Tlin02382-RA	GO:0016020
Tlin02382-RA	GO:0004930
Tlin03945-RA	GO:0008289
Tlin11811-RA	GO:0006269
Tlin11811-RA	GO:0003896
Tlin09709-RA	GO:0016020
Tlin09709-RA	GO:0009922
Tlin09709-RA	GO:0016020
Tlin09709-RA	GO:0009922
Tlin07942-RA	GO:0008107
Tlin07942-RA	GO:0016020
Tlin07942-RA	GO:0005975
Tlin07942-RA	GO:0008107
Tlin07942-RA	GO:0016020
Tlin07942-RA	GO:0005975
Tlin05807-RA	GO:0016810
Tlin05807-RA	GO:0005975
Tlin05807-RA	GO:0005975
Tlin02017-RA	GO:0006508
Tlin02017-RA	GO:0004252
Tlin02017-RA	GO:0006508
Tlin02017-RA	GO:0004252
Tlin02017-RA	GO:0006508
Tlin02017-RA	GO:0004252
Tlin13629-RA	GO:0035494
Tlin13629-RA	GO:0016887
Tlin14279-RA	GO:0006281
Tlin14279-RA	GO:0003684
Tlin14279-RA	GO:0006281
Tlin14279-RA	GO:0003684
Tlin14279-RA	GO:0006281
Tlin14279-RA	GO:0003684
Tlin14279-RA	GO:0006281
Tlin06067-RA	GO:0006415
Tlin06067-RA	GO:0003747
Tlin06067-RA	GO:0006415
Tlin06067-RA	GO:0003747
Tlin06067-RA	GO:0006415
Tlin09673-RA	GO:0005515
Tlin09190-RA	GO:0046983
Tlin09190-RA	GO:0046983
Tlin09190-RA	GO:0046983
Tlin09712-RA	GO:0030433
Tlin05932-RA	GO:0005886
Tlin05932-RA	GO:0007155
Tlin05932-RA	GO:0007411
Tlin05932-RA	GO:0005515
Tlin00349-RA	GO:0046872
Tlin00349-RA	GO:0043130
Tlin00349-RA	GO:0035091
Tlin11530-RA	GO:0008081
Tlin11530-RA	GO:0007165
Tlin11530-RA	GO:0004114
Tlin11530-RA	GO:0005515
Tlin11530-RA	GO:0005515
Tlin11530-RA	GO:0007165
Tlin11530-RA	GO:0004114
Tlin04051-RA	GO:0008270
Tlin04051-RA	GO:0004089
Tlin02947-RA	GO:0005515
Tlin02947-RA	GO:0005515
Tlin02947-RA	GO:0005515
Tlin02947-RA	GO:0005515
Tlin09804-RA	GO:0007186
Tlin09804-RA	GO:0016020
Tlin09804-RA	GO:0004930
Tlin04357-RA	GO:0006913
Tlin02674-RA	GO:0008270
Tlin02674-RA	GO:0008237
Tlin02674-RA	GO:0006629
Tlin02674-RA	GO:0016717
Tlin08775-RA	GO:0016491
Tlin08775-RA	GO:0006520
Tlin08775-RA	GO:0016491
Tlin08775-RA	GO:0006520
Tlin06980-RA	GO:0016020
Tlin06980-RA	GO:0004930
Tlin06980-RA	GO:0007186
Tlin06980-RA	GO:0004930
Tlin06980-RA	GO:0007186
Tlin06980-RA	GO:0016020
Tlin06980-RA	GO:0004930
Tlin06980-RA	GO:0016020
Tlin06980-RA	GO:0004930
Tlin06980-RA	GO:0016020
Tlin06980-RA	GO:0004930
Tlin02076-RA	GO:0007264
Tlin02076-RA	GO:0005525
Tlin02076-RA	GO:0005525
Tlin02076-RA	GO:0003924
Tlin10481-RA	GO:0016747
Tlin08005-RA	GO:0006338
Tlin08005-RA	GO:0003677
Tlin08005-RA	GO:0140658
Tlin08005-RA	GO:0005524
Tlin08046-RA	GO:0004386
Tlin08046-RA	GO:0005524
Tlin08046-RA	GO:0003676
Tlin09714-RA	GO:0007017
Tlin09714-RA	GO:0005874
Tlin09714-RA	GO:0005525
Tlin09714-RA	GO:0005874
Tlin09714-RA	GO:0007017
Tlin09714-RA	GO:0005525
Tlin01404-RA	GO:0032482
Tlin01404-RA	GO:0003924
Tlin01404-RA	GO:0005525
Tlin01404-RA	GO:0003924
Tlin02044-RA	GO:0005515
Tlin02044-RA	GO:0008194
Tlin02044-RA	GO:0008194
Tlin14160-RA	GO:0005515
Tlin14160-RA	GO:0005524
Tlin14160-RA	GO:0005515
Tlin14160-RA	GO:0005515
Tlin14160-RA	GO:0005524
Tlin14160-RA	GO:0006468
Tlin14160-RA	GO:0004672
Tlin14160-RA	GO:0006468
Tlin14160-RA	GO:0004672
Tlin14160-RA	GO:0005515
Tlin11791-RA	GO:0000166
Tlin11791-RA	GO:0004812
Tlin11791-RA	GO:0005524
Tlin11791-RA	GO:0006418
Tlin11791-RA	GO:0000166
Tlin11791-RA	GO:0005524
Tlin11791-RA	GO:0043039
Tlin11791-RA	GO:0004812
Tlin03425-RA	GO:0005840
Tlin03425-RA	GO:0006412
Tlin03425-RA	GO:0003735
Tlin03425-RA	GO:0005763
Tlin03425-RA	GO:0003735
Tlin03479-RA	GO:0003677
Tlin03479-RA	GO:0006355
Tlin03479-RA	GO:0000981
Tlin03479-RA	GO:0003677
Tlin12876-RA	GO:0015078
Tlin12876-RA	GO:0015986
Tlin12876-RA	GO:0000276
Tlin12876-RA	GO:0015078
Tlin12876-RA	GO:0015986
Tlin12876-RA	GO:0000276
Tlin13998-RA	GO:0003676
Tlin11981-RA	GO:0016480
Tlin11981-RA	GO:0016480
Tlin08799-RA	GO:0016020
Tlin10626-RA	GO:0003676
Tlin10626-RA	GO:0003723
Tlin00022-RA	GO:0005509
Tlin00022-RA	GO:0005576
Tlin00022-RA	GO:0016042
Tlin00022-RA	GO:0004623
Tlin00022-RA	GO:0006644
Tlin00022-RA	GO:0050482
Tlin00022-RA	GO:0004623
Tlin00022-RA	GO:0005509
Tlin00022-RA	GO:0005576
Tlin00022-RA	GO:0016042
Tlin00022-RA	GO:0004623
Tlin00022-RA	GO:0006644
Tlin00022-RA	GO:0050482
Tlin00022-RA	GO:0004623
Tlin05700-RA	GO:0008270
Tlin08898-RA	GO:0005515
Tlin08898-RA	GO:0005515
Tlin05408-RA	GO:0003676
Tlin00960-RA	GO:0020037
Tlin00960-RA	GO:0020037
Tlin06272-RA	GO:0005515
Tlin06272-RA	GO:0005515
Tlin06272-RA	GO:0005515
Tlin06272-RA	GO:0005515
Tlin06272-RA	GO:0005515
Tlin06272-RA	GO:0005515
Tlin06272-RA	GO:0005515
Tlin06272-RA	GO:0005515
Tlin06272-RA	GO:0005515
Tlin10812-RA	GO:0030677
Tlin10812-RA	GO:0001682
Tlin10812-RA	GO:0030677
Tlin10812-RA	GO:0001682
Tlin10812-RA	GO:0030677
Tlin10812-RA	GO:0001682
Tlin05104-RA	GO:0003677
Tlin05104-RA	GO:0003677
Tlin05104-RA	GO:0006355
Tlin05104-RA	GO:0000981
Tlin01798-RA	GO:0005515
Tlin01798-RA	GO:0005515
Tlin01798-RA	GO:0030837
Tlin06170-RA	GO:0016757
Tlin06170-RA	GO:0005975
Tlin02073-RA	GO:0006633
Tlin02073-RA	GO:0004315
Tlin02073-RA	GO:0016746
Tlin02073-RA	GO:0016746
Tlin02073-RA	GO:0016746
Tlin02073-RA	GO:0016746
Tlin00740-RA	GO:0005549
Tlin00740-RA	GO:0007608
Tlin00740-RA	GO:0016020
Tlin00740-RA	GO:0004984
Tlin00740-RA	GO:0005549
Tlin00740-RA	GO:0007608
Tlin00740-RA	GO:0016020
Tlin00740-RA	GO:0004984
Tlin03113-RA	GO:0005975
Tlin03113-RA	GO:0004553
Tlin03113-RA	GO:0005975
Tlin03113-RA	GO:0004563
Tlin13385-RA	GO:0006313
Tlin13385-RA	GO:0004803
Tlin09939-RA	GO:0007179
Tlin09939-RA	GO:0006355
Tlin09939-RA	GO:0007179
Tlin09939-RA	GO:0005515
Tlin09939-RA	GO:0006355
Tlin09939-RA	GO:0006355
Tlin06254-RA	GO:0070773
Tlin06254-RA	GO:0008418
Tlin06254-RA	GO:0016811
Tlin01360-RA	GO:0005506
Tlin01360-RA	GO:0016705
Tlin01360-RA	GO:0020037
Tlin01360-RA	GO:0004497
Tlin01360-RA	GO:0005506
Tlin01360-RA	GO:0016705
Tlin01360-RA	GO:0020037
Tlin01360-RA	GO:0004497
Tlin01360-RA	GO:0005506
Tlin01360-RA	GO:0016705
Tlin01360-RA	GO:0020037
Tlin01360-RA	GO:0004497
Tlin08807-RA	GO:0034464
Tlin08807-RA	GO:0034464
Tlin04084-RA	GO:0005515
Tlin04084-RA	GO:0006811
Tlin04084-RA	GO:0016020
Tlin04084-RA	GO:0055085
Tlin04084-RA	GO:0005216
Tlin04084-RA	GO:0016020
Tlin04084-RA	GO:0070588
Tlin04084-RA	GO:0005262
Tlin02345-RA	GO:0016887
Tlin02345-RA	GO:0005524
Tlin02345-RA	GO:0005524
Tlin02345-RA	GO:0016887
Tlin02345-RA	GO:0005524
Tlin02323-RA	GO:0005515
Tlin02323-RA	GO:0005515
Tlin02323-RA	GO:0005515
Tlin02323-RA	GO:0005515
Tlin02323-RA	GO:0005515
Tlin12227-RA	GO:0005515
Tlin12227-RA	GO:0005515
Tlin12227-RA	GO:0005515
Tlin07876-RA	GO:0008234
Tlin07876-RA	GO:0006508
Tlin05555-RA	GO:0005515
Tlin05555-RA	GO:0006302
Tlin05555-RA	GO:0008408
Tlin05555-RA	GO:0003906
Tlin13811-RA	GO:0006396
Tlin13811-RA	GO:0008174
Tlin13811-RA	GO:0080009
Tlin13811-RA	GO:0003723
Tlin01443-RA	GO:0003678
Tlin01443-RA	GO:0005524
Tlin01443-RA	GO:0006270
Tlin01443-RA	GO:0042555
Tlin01443-RA	GO:0003677
Tlin01443-RA	GO:0005524
Tlin01443-RA	GO:0006260
Tlin01443-RA	GO:0003677
Tlin01443-RA	GO:0005524
Tlin01443-RA	GO:0032508
Tlin01443-RA	GO:0003677
Tlin01443-RA	GO:0005524
Tlin01443-RA	GO:0032508
Tlin01443-RA	GO:0003677
Tlin07544-RA	GO:0035721
Tlin10977-RA	GO:0006914
Tlin10977-RA	GO:0005737
Tlin10977-RA	GO:0006914
Tlin10977-RA	GO:0005737
Tlin11864-RA	GO:0005515
Tlin11864-RA	GO:0005515
Tlin11864-RA	GO:0005515
Tlin12595-RA	GO:0005515
Tlin12595-RA	GO:0005515
Tlin08823-RA	GO:0015020
Tlin08823-RA	GO:0006486
Tlin12836-RA	GO:0046961
Tlin12836-RA	GO:0046961
Tlin02278-RA	GO:0016020
Tlin02278-RA	GO:0016020
Tlin02278-RA	GO:0016020
Tlin02278-RA	GO:0016020
Tlin02278-RA	GO:0016020
Tlin03847-RA	GO:0050909
Tlin03847-RA	GO:0016020
Tlin03847-RA	GO:0050909
Tlin03847-RA	GO:0016020
Tlin01451-RA	GO:0000287
Tlin01451-RA	GO:0004634
Tlin01451-RA	GO:0006096
Tlin01451-RA	GO:0000015
Tlin01451-RA	GO:0000287
Tlin01451-RA	GO:0004634
Tlin01451-RA	GO:0006096
Tlin01451-RA	GO:0000015
Tlin06342-RA	GO:0016020
Tlin06342-RA	GO:0016020
Tlin07197-RA	GO:0005506
Tlin07197-RA	GO:0016705
Tlin07197-RA	GO:0020037
Tlin07197-RA	GO:0004497
Tlin07197-RA	GO:0005506
Tlin07197-RA	GO:0016705
Tlin07197-RA	GO:0020037
Tlin07197-RA	GO:0004497
Tlin07197-RA	GO:0005506
Tlin07197-RA	GO:0016705
Tlin07197-RA	GO:0020037
Tlin07197-RA	GO:0004497
Tlin13457-RA	GO:0005549
Tlin13457-RA	GO:0007608
Tlin13457-RA	GO:0016020
Tlin13457-RA	GO:0004984
Tlin13457-RA	GO:0005549
Tlin13457-RA	GO:0007608
Tlin13457-RA	GO:0016020
Tlin13457-RA	GO:0004984
Tlin06194-RA	GO:0006511
Tlin06194-RA	GO:0004843
Tlin06194-RA	GO:0006511
Tlin06194-RA	GO:0004843
Tlin06194-RA	GO:0016579
Tlin06194-RA	GO:0004843
Tlin07630-RA	GO:0032012
Tlin07630-RA	GO:0005085
Tlin07630-RA	GO:0032012
Tlin07630-RA	GO:0005085
Tlin07630-RA	GO:0032012
Tlin07630-RA	GO:0005085
Tlin14624-RA	GO:0005506
Tlin14624-RA	GO:0016705
Tlin14624-RA	GO:0020037
Tlin14624-RA	GO:0004497
Tlin14624-RA	GO:0005506
Tlin14624-RA	GO:0016705
Tlin14624-RA	GO:0020037
Tlin14624-RA	GO:0004497
Tlin14624-RA	GO:0005506
Tlin14624-RA	GO:0016705
Tlin14624-RA	GO:0020037
Tlin14624-RA	GO:0004497
Tlin02391-RA	GO:0005509
Tlin02391-RA	GO:0005509
Tlin02391-RA	GO:0005509
Tlin04674-RA	GO:0005515
Tlin04674-RA	GO:0032040
Tlin04674-RA	GO:0006364
Tlin04674-RA	GO:0005515
Tlin04674-RA	GO:0005515
Tlin04674-RA	GO:0005515
Tlin04674-RA	GO:0005515
Tlin04674-RA	GO:0005515
Tlin01753-RA	GO:0008641
Tlin04551-RA	GO:0005515
Tlin04551-RA	GO:0005634
Tlin04551-RA	GO:0005515
Tlin09040-RA	GO:0005515
Tlin11101-RA	GO:0046983
Tlin11101-RA	GO:0046983
Tlin11101-RA	GO:0046983
Tlin12362-RA	GO:0016020
Tlin12362-RA	GO:0006897
Tlin12362-RA	GO:0016020
Tlin12362-RA	GO:0006897
Tlin01006-RA	GO:0019538
Tlin01006-RA	GO:0030145
Tlin01006-RA	GO:0070006
Tlin01006-RA	GO:0005737
Tlin01006-RA	GO:0046872
Tlin01006-RA	GO:0070006
Tlin01006-RA	GO:0006508
Tlin01006-RA	GO:0070006
Tlin01006-RA	GO:0006508
Tlin01006-RA	GO:0019538
Tlin01006-RA	GO:0030145
Tlin01006-RA	GO:0070006
Tlin01006-RA	GO:0005737
Tlin05779-RA	GO:0043565
Tlin02452-RA	GO:0007186
Tlin02452-RA	GO:0019001
Tlin02452-RA	GO:0031683
Tlin02452-RA	GO:0003924
Tlin02452-RA	GO:0007186
Tlin02452-RA	GO:0019001
Tlin02452-RA	GO:0031683
Tlin02452-RA	GO:0003924
Tlin02452-RA	GO:0007165
Tlin02452-RA	GO:0007186
Tlin02452-RA	GO:0019001
Tlin02452-RA	GO:0031683
Tlin02452-RA	GO:0003924
Tlin02452-RA	GO:0007165
Tlin08459-RA	GO:0004540
Tlin08459-RA	GO:0003723
Tlin02270-RA	GO:0005975
Tlin02270-RA	GO:0004553
Tlin02270-RA	GO:0005975
Tlin02270-RA	GO:0004553
Tlin11835-RA	GO:0005506
Tlin11835-RA	GO:0016705
Tlin11835-RA	GO:0020037
Tlin11835-RA	GO:0004497
Tlin11835-RA	GO:0005506
Tlin11835-RA	GO:0016705
Tlin11835-RA	GO:0020037
Tlin11835-RA	GO:0004497
Tlin11835-RA	GO:0005506
Tlin11835-RA	GO:0016705
Tlin11835-RA	GO:0020037
Tlin11835-RA	GO:0004497
Tlin06609-RA	GO:0003682
Tlin13519-RA	GO:0003676
Tlin01174-RA	GO:0003677
Tlin01174-RA	GO:0003677
Tlin08338-RA	GO:0005874
Tlin08338-RA	GO:0007017
Tlin08338-RA	GO:0005525
Tlin08338-RA	GO:0005525
Tlin08338-RA	GO:0007017
Tlin08338-RA	GO:0005874
Tlin05798-RA	GO:0016570
Tlin05798-RA	GO:0016593
Tlin05798-RA	GO:0006368
Tlin05798-RA	GO:0016570
Tlin05798-RA	GO:0016593
Tlin05798-RA	GO:0006368
Tlin04398-RA	GO:0022857
Tlin04398-RA	GO:0055085
Tlin04398-RA	GO:0016020
Tlin14727-RA	GO:0006310
Tlin14727-RA	GO:0015074
Tlin14727-RA	GO:0003677
Tlin14727-RA	GO:0006310
Tlin14727-RA	GO:0015074
Tlin14727-RA	GO:0003677
Tlin14727-RA	GO:0003677
Tlin10321-RA	GO:0005840
Tlin10321-RA	GO:0006412
Tlin10321-RA	GO:0003735
Tlin10321-RA	GO:0005840
Tlin10321-RA	GO:0006412
Tlin10321-RA	GO:0003735
Tlin01023-RA	GO:0005737
Tlin09862-RA	GO:0006355
Tlin09862-RA	GO:0005515
Tlin09862-RA	GO:0003723
Tlin09862-RA	GO:0005515
Tlin09862-RA	GO:0003723
Tlin12163-RA	GO:0006139
Tlin12163-RA	GO:0019205
Tlin12163-RA	GO:0005524
Tlin12163-RA	GO:0004017
Tlin12163-RA	GO:0004017
Tlin12163-RA	GO:0006139
Tlin12163-RA	GO:0019205
Tlin12163-RA	GO:0005524
Tlin14397-RA	GO:0006508
Tlin14397-RA	GO:0004252
Tlin14397-RA	GO:0006508
Tlin14397-RA	GO:0004252
Tlin03436-RA	GO:0030677
Tlin03436-RA	GO:0001682
Tlin14872-RA	GO:0046872
Tlin14872-RA	GO:0006801
Tlin14872-RA	GO:0046872
Tlin14872-RA	GO:0006801
Tlin14872-RA	GO:0046872
Tlin14872-RA	GO:0006801
Tlin14872-RA	GO:0046872
Tlin14872-RA	GO:0006801
Tlin14872-RA	GO:0046872
Tlin14872-RA	GO:0006801
Tlin14872-RA	GO:0046872
Tlin14872-RA	GO:0006801
Tlin05428-RA	GO:0016887
Tlin05428-RA	GO:0005524
Tlin05428-RA	GO:0016887
Tlin05428-RA	GO:0005524
Tlin05428-RA	GO:0016887
Tlin05428-RA	GO:0005524
Tlin05428-RA	GO:0016887
Tlin05428-RA	GO:0005524
Tlin11561-RA	GO:0005515
Tlin11561-RA	GO:0005515
Tlin11561-RA	GO:0005515
Tlin05844-RA	GO:0050290
Tlin05844-RA	GO:0050290
Tlin03475-RA	GO:0004582
Tlin03475-RA	GO:0004582
Tlin08764-RA	GO:0005515
Tlin08764-RA	GO:0005515
Tlin08764-RA	GO:0005515
Tlin08764-RA	GO:0005515
Tlin08764-RA	GO:0005515
Tlin08764-RA	GO:0005515
Tlin08764-RA	GO:0005515
Tlin08764-RA	GO:0005515
Tlin08764-RA	GO:0005515
Tlin02914-RA	GO:0008484
Tlin02914-RA	GO:0004423
Tlin05106-RA	GO:0006811
Tlin05106-RA	GO:0016020
Tlin05106-RA	GO:0055085
Tlin05106-RA	GO:0005216
Tlin05106-RA	GO:0005515
Tlin05106-RA	GO:0005515
Tlin05106-RA	GO:0005515
Tlin05106-RA	GO:0005515
Tlin05106-RA	GO:0005515
Tlin13691-RA	GO:0006310
Tlin13691-RA	GO:0015074
Tlin13691-RA	GO:0003677
Tlin13691-RA	GO:0003677
Tlin02784-RA	GO:0007186
Tlin02784-RA	GO:0016020
Tlin02784-RA	GO:0004930
Tlin02784-RA	GO:0007186
Tlin02784-RA	GO:0016020
Tlin02784-RA	GO:0004930
Tlin08417-RA	GO:0005576
Tlin08417-RA	GO:0005184
Tlin13727-RA	GO:0000398
Tlin13727-RA	GO:0046540
Tlin13727-RA	GO:0000244
Tlin07547-RA	GO:0006816
Tlin07547-RA	GO:0016020
Tlin07547-RA	GO:0070588
Tlin07547-RA	GO:0005262
Tlin07547-RA	GO:0016020
Tlin07547-RA	GO:0070588
Tlin07547-RA	GO:0005262
Tlin07076-RA	GO:0006511
Tlin07076-RA	GO:0004843
Tlin07076-RA	GO:0006511
Tlin07076-RA	GO:0004843
Tlin07076-RA	GO:0016579
Tlin07076-RA	GO:0004843
Tlin04056-RA	GO:0005840
Tlin04056-RA	GO:0006412
Tlin04056-RA	GO:0003735
Tlin04056-RA	GO:0005840
Tlin04056-RA	GO:0006412
Tlin04056-RA	GO:0003735
Tlin04056-RA	GO:0005840
Tlin04056-RA	GO:0006412
Tlin04056-RA	GO:0003735
Tlin04917-RA	GO:0060294
Tlin03009-RA	GO:0005515
Tlin03009-RA	GO:0005515
Tlin03009-RA	GO:0005515
Tlin05234-RA	GO:0030001
Tlin05234-RA	GO:0046873
Tlin05234-RA	GO:0055085
Tlin05234-RA	GO:0016020
Tlin11258-RA	GO:0005751
Tlin11258-RA	GO:0005743
Tlin11258-RA	GO:0005751
Tlin11258-RA	GO:0005743
Tlin11258-RA	GO:0005751
Tlin11258-RA	GO:0005743
Tlin09550-RA	GO:0031087
Tlin02298-RA	GO:0016192
Tlin02298-RA	GO:0005085
Tlin02298-RA	GO:0008270
Tlin02298-RA	GO:0003677
Tlin08704-RA	GO:0005515
Tlin08704-RA	GO:0005515
Tlin09655-RA	GO:0006508
Tlin09655-RA	GO:0004252
Tlin09655-RA	GO:0006508
Tlin09655-RA	GO:0004252
Tlin09655-RA	GO:0006508
Tlin09655-RA	GO:0004252
Tlin04270-RA	GO:0003676
Tlin02122-RA	GO:0016020
Tlin02122-RA	GO:0022857
Tlin02122-RA	GO:0006811
Tlin02122-RA	GO:0055085
Tlin02122-RA	GO:0016020
Tlin02122-RA	GO:0015377
Tlin02122-RA	GO:0016020
Tlin02122-RA	GO:0006811
Tlin02376-RA	GO:0007186
Tlin02376-RA	GO:0016020
Tlin02376-RA	GO:0004930
Tlin02376-RA	GO:0007186
Tlin02376-RA	GO:0016020
Tlin02376-RA	GO:0004930
Tlin13040-RA	GO:0005515
Tlin13040-RA	GO:0005515
Tlin13040-RA	GO:0005515
Tlin13723-RA	GO:0046872
Tlin13723-RA	GO:0046872
Tlin13723-RA	GO:0006508
Tlin13723-RA	GO:0004222
Tlin02862-RA	GO:0016272
Tlin02862-RA	GO:0051082
Tlin02862-RA	GO:0006457
Tlin10529-RA	GO:0016020
Tlin10529-RA	GO:0016020
Tlin10529-RA	GO:0016020
Tlin08820-RA	GO:0006508
Tlin08820-RA	GO:0004252
Tlin08820-RA	GO:0006508
Tlin08820-RA	GO:0004252
Tlin08820-RA	GO:0006508
Tlin08820-RA	GO:0004252
Tlin10859-RA	GO:1990904
Tlin10859-RA	GO:0042254
Tlin07607-RA	GO:0016311
Tlin07607-RA	GO:0008138
Tlin07607-RA	GO:0016791
Tlin07607-RA	GO:0016311
Tlin01112-RA	GO:0043001
Tlin01112-RA	GO:0007030
Tlin02514-RA	GO:0005524
Tlin02514-RA	GO:0003724
Tlin02514-RA	GO:0004386
Tlin00181-RA	GO:0005525
Tlin00181-RA	GO:0003924
Tlin00181-RA	GO:0035556
Tlin07657-RA	GO:0016020
Tlin07657-RA	GO:0009922
Tlin07657-RA	GO:0016020
Tlin07657-RA	GO:0009922
Tlin00711-RA	GO:0005524
Tlin00711-RA	GO:0005524
Tlin00711-RA	GO:0006468
Tlin00711-RA	GO:0004672
Tlin00711-RA	GO:0006468
Tlin00711-RA	GO:0004672
Tlin07821-RA	GO:0016020
Tlin07821-RA	GO:0055085
Tlin07821-RA	GO:0015267
Tlin07821-RA	GO:0016020
Tlin07821-RA	GO:0055085
Tlin07821-RA	GO:0015267
Tlin14382-RA	GO:0006313
Tlin14382-RA	GO:0004803
Tlin11364-RA	GO:0005515
Tlin11364-RA	GO:0005515
Tlin11364-RA	GO:0005515
Tlin11364-RA	GO:0005515
Tlin11364-RA	GO:0005515
Tlin11364-RA	GO:0005515
Tlin11364-RA	GO:0005515
Tlin11364-RA	GO:0008017
Tlin11364-RA	GO:0005515
Tlin12833-RA	GO:0005975
Tlin12833-RA	GO:0005991
Tlin12833-RA	GO:0004555
Tlin12833-RA	GO:0005991
Tlin12833-RA	GO:0004555
Tlin12833-RA	GO:0005975
Tlin12833-RA	GO:0005991
Tlin12833-RA	GO:0004555
Tlin12833-RA	GO:0005991
Tlin12833-RA	GO:0004555
Tlin02082-RA	GO:0008237
Tlin02082-RA	GO:0008241
Tlin02082-RA	GO:0016020
Tlin02082-RA	GO:0006508
Tlin02082-RA	GO:0008237
Tlin02082-RA	GO:0008241
Tlin02082-RA	GO:0016020
Tlin02082-RA	GO:0006508
Tlin08032-RA	GO:0005975
Tlin07384-RA	GO:0090162
Tlin07384-RA	GO:0097539
Tlin07384-RA	GO:0060271
Tlin13524-RA	GO:0032481
Tlin13524-RA	GO:0002218
Tlin13524-RA	GO:0032481
Tlin13524-RA	GO:0002218
Tlin13014-RA	GO:0003677
Tlin13217-RA	GO:0005634
Tlin13217-RA	GO:0042254
Tlin13217-RA	GO:0005515
Tlin13217-RA	GO:0005634
Tlin13217-RA	GO:0042254
Tlin13217-RA	GO:0005515
Tlin14472-RA	GO:0005634
Tlin14472-RA	GO:0042254
Tlin14472-RA	GO:0005515
Tlin14472-RA	GO:0005634
Tlin14472-RA	GO:0042254
Tlin14472-RA	GO:0005515
Tlin10649-RA	GO:0003723
Tlin10649-RA	GO:0003723
Tlin10649-RA	GO:0003723
Tlin10649-RA	GO:0003676
Tlin10649-RA	GO:0003676
Tlin10649-RA	GO:0003676
Tlin01583-RA	GO:0005509
Tlin01583-RA	GO:0005509
Tlin01583-RA	GO:0005509
Tlin01198-RA	GO:0005047
Tlin01198-RA	GO:0005525
Tlin01198-RA	GO:0005785
Tlin01198-RA	GO:0006886
Tlin01198-RA	GO:0003924
Tlin01198-RA	GO:0006614
Tlin01198-RA	GO:0005525
Tlin01198-RA	GO:0006614
Tlin01198-RA	GO:0005525
Tlin01198-RA	GO:0006614
Tlin01198-RA	GO:0005525
Tlin09357-RA	GO:0008270
Tlin09357-RA	GO:0004089
Tlin09357-RA	GO:0008270
Tlin09357-RA	GO:0004089
Tlin04767-RA	GO:0006629
Tlin04767-RA	GO:0046470
Tlin04767-RA	GO:0004622
Tlin00225-RA	GO:0008270
Tlin00225-RA	GO:0003676
Tlin00225-RA	GO:0008270
Tlin00225-RA	GO:0003676
Tlin00225-RA	GO:0008270
Tlin00225-RA	GO:0003676
Tlin01692-RA	GO:0006813
Tlin01692-RA	GO:0016020
Tlin01692-RA	GO:0005249
Tlin01692-RA	GO:0006811
Tlin01692-RA	GO:0016020
Tlin01692-RA	GO:0055085
Tlin01692-RA	GO:0005216
Tlin12918-RA	GO:0030695
Tlin12918-RA	GO:0030695
Tlin12918-RA	GO:0030695
Tlin12918-RA	GO:0030695
Tlin12918-RA	GO:0005515
Tlin12918-RA	GO:0005515
Tlin12918-RA	GO:0005515
Tlin12918-RA	GO:0005515
Tlin12918-RA	GO:0005515
Tlin12918-RA	GO:0005515
Tlin12094-RA	GO:0003723
Tlin12094-RA	GO:0003676
Tlin12094-RA	GO:0003676
Tlin12978-RA	GO:0046983
Tlin09374-RA	GO:0005515
Tlin09374-RA	GO:0005515
Tlin09374-RA	GO:0005515
Tlin07134-RA	GO:0005737
Tlin07134-RA	GO:0005852
Tlin07134-RA	GO:0003743
Tlin07134-RA	GO:0005737
Tlin07134-RA	GO:0005852
Tlin07134-RA	GO:0003743
Tlin00692-RA	GO:0005515
Tlin09015-RA	GO:0043130
Tlin09015-RA	GO:0005515
Tlin05739-RA	GO:0006313
Tlin05739-RA	GO:0004803
Tlin14077-RA	GO:0015074
Tlin14077-RA	GO:0003676
Tlin14077-RA	GO:0008270
Tlin14077-RA	GO:0003676
Tlin05761-RA	GO:0016973
Tlin05761-RA	GO:0005643
Tlin05761-RA	GO:0016973
Tlin05761-RA	GO:0005643
Tlin02432-RA	GO:0006355
Tlin02432-RA	GO:0003700
Tlin02432-RA	GO:0006355
Tlin02432-RA	GO:0003700
Tlin02432-RA	GO:0006355
Tlin02432-RA	GO:0003700
Tlin09260-RA	GO:0007186
Tlin09260-RA	GO:0004930
Tlin09260-RA	GO:0007186
Tlin09260-RA	GO:0016020
Tlin09260-RA	GO:0004930
Tlin03604-RA	GO:0042147
Tlin03604-RA	GO:1990745
Tlin03604-RA	GO:0032456
Tlin01348-RA	GO:0005201
Tlin06909-RA	GO:0005085
Tlin06909-RA	GO:0005085
Tlin00528-RA	GO:0005515
Tlin05608-RA	GO:0033180
Tlin05608-RA	GO:1902600
Tlin05608-RA	GO:0015078
Tlin05608-RA	GO:0046961
Tlin05608-RA	GO:1902600
Tlin05608-RA	GO:0033180
Tlin05608-RA	GO:0046961
Tlin05608-RA	GO:1902600
Tlin05608-RA	GO:0033180
Tlin05608-RA	GO:0033180
Tlin05608-RA	GO:1902600
Tlin05608-RA	GO:0015078
Tlin05608-RA	GO:0046961
Tlin05608-RA	GO:1902600
Tlin05608-RA	GO:0033180
Tlin00771-RA	GO:0017119
Tlin00771-RA	GO:0017119
Tlin07318-RA	GO:0046872
Tlin07318-RA	GO:0035556
Tlin07318-RA	GO:0046488
Tlin07318-RA	GO:0016307
Tlin07318-RA	GO:0000285
Tlin07318-RA	GO:0005515
Tlin07318-RA	GO:0000285
Tlin07318-RA	GO:0005524
Tlin04999-RA	GO:0005789
Tlin09407-RA	GO:0005515
Tlin09407-RA	GO:0005515
Tlin09407-RA	GO:0005515
Tlin09407-RA	GO:0005515
Tlin09407-RA	GO:0005515
Tlin09407-RA	GO:0005515
Tlin11775-RA	GO:0000166
Tlin11775-RA	GO:0000166
Tlin01822-RA	GO:0015031
Tlin01822-RA	GO:0016020
Tlin01822-RA	GO:0007030
Tlin06314-RA	GO:0003676
Tlin06314-RA	GO:0003723
Tlin06314-RA	GO:0003676
Tlin13188-RA	GO:0006511
Tlin13188-RA	GO:0004843
Tlin13188-RA	GO:0006511
Tlin13188-RA	GO:0004843
Tlin13188-RA	GO:0016579
Tlin13188-RA	GO:0004843
Tlin04779-RA	GO:0005524
Tlin04779-RA	GO:0005524
Tlin04779-RA	GO:0006090
Tlin04779-RA	GO:0006094
Tlin04779-RA	GO:0004736
Tlin04779-RA	GO:0003824
Tlin04779-RA	GO:0005524
Tlin05594-RA	GO:0046872
Tlin11191-RA	GO:0007165
Tlin07261-RA	GO:0008242
Tlin07261-RA	GO:0016787
Tlin05740-RA	GO:0030246
Tlin05740-RA	GO:0030246
Tlin08563-RA	GO:0005085
Tlin09919-RA	GO:0016746
Tlin09919-RA	GO:0016746
Tlin09919-RA	GO:0016746
Tlin09919-RA	GO:0016746
Tlin10668-RA	GO:0070577
Tlin10668-RA	GO:0070628
Tlin10668-RA	GO:0016504
Tlin03805-RA	GO:0046872
Tlin03065-RA	GO:0005515
Tlin03065-RA	GO:0005515
Tlin03065-RA	GO:0005515
Tlin03065-RA	GO:0005515
Tlin03065-RA	GO:0005515
Tlin03065-RA	GO:0005515
Tlin03065-RA	GO:0005515
Tlin03065-RA	GO:0005515
Tlin03065-RA	GO:0005515
Tlin08527-RA	GO:0005515
Tlin08527-RA	GO:0005515
Tlin08527-RA	GO:0005634
Tlin08527-RA	GO:0003676
Tlin08527-RA	GO:0005515
Tlin08527-RA	GO:0005515
Tlin11355-RA	GO:0005840
Tlin11355-RA	GO:0006412
Tlin11355-RA	GO:0019843
Tlin11355-RA	GO:0003735
Tlin11355-RA	GO:0005840
Tlin11355-RA	GO:0006412
Tlin11355-RA	GO:0019843
Tlin11355-RA	GO:0003735
Tlin11355-RA	GO:0005840
Tlin11355-RA	GO:0006412
Tlin11355-RA	GO:0019843
Tlin11355-RA	GO:0003735
Tlin02127-RA	GO:0005515
Tlin02127-RA	GO:0005515
Tlin02127-RA	GO:0005515
Tlin12635-RA	GO:0006139
Tlin12635-RA	GO:0019205
Tlin12635-RA	GO:0005524
Tlin12635-RA	GO:0006139
Tlin12635-RA	GO:0019205
Tlin12635-RA	GO:0005524
Tlin12635-RA	GO:0006139
Tlin12635-RA	GO:0019205
Tlin12635-RA	GO:0005524
Tlin08382-RA	GO:0005524
Tlin08382-RA	GO:0006468
Tlin08382-RA	GO:0004672
Tlin08382-RA	GO:0006468
Tlin08382-RA	GO:0004672
Tlin08382-RA	GO:0005524
Tlin02009-RA	GO:0016491
Tlin02762-RA	GO:0006357
Tlin02762-RA	GO:0003700
Tlin02762-RA	GO:0006355
Tlin02762-RA	GO:0043565
Tlin02762-RA	GO:0003700
Tlin02762-RA	GO:0006355
Tlin02762-RA	GO:0043565
Tlin02762-RA	GO:0003700
Tlin02762-RA	GO:0006355
Tlin02762-RA	GO:0043565
Tlin02762-RA	GO:0003700
Tlin03410-RA	GO:0005515
Tlin03410-RA	GO:0005515
Tlin03410-RA	GO:0005085
Tlin03410-RA	GO:0005515
Tlin03410-RA	GO:0005515
Tlin07163-RA	GO:0008270
Tlin07163-RA	GO:0005634
Tlin14017-RA	GO:0022857
Tlin14017-RA	GO:0055085
Tlin14017-RA	GO:0016020
Tlin06884-RA	GO:0061630
Tlin06884-RA	GO:0000209
Tlin02069-RA	GO:0016887
Tlin02069-RA	GO:0005524
Tlin02069-RA	GO:0006260
Tlin02069-RA	GO:0003677
Tlin13749-RA	GO:0005975
Tlin13749-RA	GO:0006282
Tlin13749-RA	GO:0004649
Tlin13749-RA	GO:0006282
Tlin13749-RA	GO:0004649
Tlin04932-RA	GO:0006629
Tlin04932-RA	GO:0055085
Tlin04932-RA	GO:0022857
Tlin04932-RA	GO:0016298
Tlin04697-RA	GO:0005515
Tlin04697-RA	GO:0005515
Tlin04697-RA	GO:0005515
Tlin04697-RA	GO:0005515
Tlin04697-RA	GO:0005515
Tlin04697-RA	GO:0005515
Tlin04697-RA	GO:0005515
Tlin11768-RA	GO:0019211
Tlin11768-RA	GO:0019211
Tlin11768-RA	GO:0019211
Tlin11768-RA	GO:0019211
Tlin08431-RA	GO:0005840
Tlin08431-RA	GO:0006412
Tlin08431-RA	GO:0003735
Tlin08431-RA	GO:0005840
Tlin08431-RA	GO:0006412
Tlin08431-RA	GO:0003735
Tlin08431-RA	GO:0005840
Tlin08431-RA	GO:0006412
Tlin08431-RA	GO:0003735
Tlin08431-RA	GO:0005840
Tlin08431-RA	GO:0006412
Tlin08431-RA	GO:0003735
Tlin08431-RA	GO:0005840
Tlin08431-RA	GO:0006412
Tlin08431-RA	GO:0003735
Tlin05492-RA	GO:0043461
Tlin05492-RA	GO:0043461
Tlin07304-RA	GO:0004222
Tlin07304-RA	GO:0004222
Tlin05904-RA	GO:0016887
Tlin05904-RA	GO:0005524
Tlin05904-RA	GO:0140359
Tlin05904-RA	GO:0016020
Tlin05904-RA	GO:0140359
Tlin05904-RA	GO:0005524
Tlin11110-RA	GO:0016459
Tlin02629-RA	GO:0008255
Tlin02629-RA	GO:0018990
Tlin02629-RA	GO:0007218
Tlin07627-RA	GO:0016020
Tlin07627-RA	GO:0009922
Tlin07627-RA	GO:0016020
Tlin07627-RA	GO:0009922
Tlin07627-RA	GO:0016020
Tlin07627-RA	GO:0009922
Tlin07057-RA	GO:0055085
Tlin07057-RA	GO:0140359
Tlin07057-RA	GO:0016020
Tlin07057-RA	GO:0140359
Tlin07057-RA	GO:0016020
Tlin07057-RA	GO:0140359
Tlin07057-RA	GO:0016020
Tlin07057-RA	GO:0016887
Tlin07057-RA	GO:0005524
Tlin07057-RA	GO:0005524
Tlin07057-RA	GO:0005524
Tlin14628-RA	GO:0035494
Tlin14628-RA	GO:0016887
Tlin06519-RA	GO:0006364
Tlin06519-RA	GO:0006364
Tlin05502-RA	GO:0008270
Tlin02791-RA	GO:0005975
Tlin02791-RA	GO:0004553
Tlin13585-RA	GO:0006886
Tlin13585-RA	GO:0016020
Tlin13585-RA	GO:0005783
Tlin01895-RA	GO:0007186
Tlin01895-RA	GO:0016020
Tlin01895-RA	GO:0004930
Tlin01895-RA	GO:0007186
Tlin01895-RA	GO:0016020
Tlin01895-RA	GO:0004930
Tlin05772-RA	GO:0006886
Tlin05772-RA	GO:0031267
Tlin05772-RA	GO:0005515
Tlin05772-RA	GO:0031267
Tlin05772-RA	GO:0006886
Tlin02944-RA	GO:0016491
Tlin02944-RA	GO:0016491
Tlin02944-RA	GO:0016491
Tlin02944-RA	GO:0016491
Tlin02944-RA	GO:0004491
Tlin02944-RA	GO:0004491
Tlin02944-RA	GO:0016620
Tlin10730-RA	GO:0005524
Tlin10730-RA	GO:0004674
Tlin04377-RA	GO:0030014
Tlin04377-RA	GO:0004842
Tlin04377-RA	GO:0003676
Tlin12771-RA	GO:0005524
Tlin12771-RA	GO:0007018
Tlin12771-RA	GO:0008017
Tlin12771-RA	GO:0003777
Tlin12771-RA	GO:0005524
Tlin12771-RA	GO:0007018
Tlin12771-RA	GO:0008017
Tlin12771-RA	GO:0003777
Tlin12771-RA	GO:0007018
Tlin12771-RA	GO:0003777
Tlin06234-RA	GO:0055085
Tlin06234-RA	GO:0006862
Tlin09890-RA	GO:0019786
Tlin12811-RA	GO:0005515
Tlin12811-RA	GO:0005515
Tlin12811-RA	GO:0005515
Tlin10479-RA	GO:0005524
Tlin10479-RA	GO:0003824
Tlin10479-RA	GO:0006099
Tlin01890-RA	GO:0008569
Tlin01890-RA	GO:0030286
Tlin01890-RA	GO:0007018
Tlin01890-RA	GO:0005524
Tlin01890-RA	GO:0008569
Tlin01890-RA	GO:0030286
Tlin01890-RA	GO:0045505
Tlin01890-RA	GO:0051959
Tlin01890-RA	GO:0007018
Tlin05627-RA	GO:0005515
Tlin05627-RA	GO:0005515
Tlin05627-RA	GO:0005515
Tlin05627-RA	GO:0005515
Tlin07248-RA	GO:0070412
Tlin07248-RA	GO:0030512
Tlin10681-RA	GO:0004386
Tlin10681-RA	GO:0005524
Tlin10681-RA	GO:0003676
Tlin07006-RA	GO:0016272
Tlin07006-RA	GO:0051082
Tlin07006-RA	GO:0006457
Tlin10428-RA	GO:0006355
Tlin10428-RA	GO:0008270
Tlin10428-RA	GO:0043565
Tlin10428-RA	GO:0003700
Tlin10428-RA	GO:0008270
Tlin10428-RA	GO:0006355
Tlin10428-RA	GO:0006355
Tlin10428-RA	GO:0008270
Tlin10428-RA	GO:0043565
Tlin10428-RA	GO:0003700
Tlin08939-RA	GO:0036374
Tlin08939-RA	GO:0006751
Tlin08939-RA	GO:0016757
Tlin08939-RA	GO:0016020
Tlin08842-RA	GO:0016579
Tlin08842-RA	GO:0004843
Tlin08842-RA	GO:0006511
Tlin08842-RA	GO:0004843
Tlin03651-RA	GO:0016836
Tlin00088-RA	GO:0140658
Tlin00088-RA	GO:0005524
Tlin09384-RA	GO:0016020
Tlin09384-RA	GO:0016020
Tlin10655-RA	GO:0006468
Tlin10655-RA	GO:0004672
Tlin10655-RA	GO:0005925
Tlin10655-RA	GO:0006468
Tlin10655-RA	GO:0007172
Tlin10655-RA	GO:0004713
Tlin10655-RA	GO:0005925
Tlin10655-RA	GO:0006468
Tlin10655-RA	GO:0007172
Tlin10655-RA	GO:0004713
Tlin10655-RA	GO:0006468
Tlin10655-RA	GO:0004672
Tlin10655-RA	GO:0005524
Tlin12290-RA	GO:0005515
Tlin12290-RA	GO:0005515
Tlin12290-RA	GO:0005515
Tlin12290-RA	GO:0005515
Tlin12290-RA	GO:0005515
Tlin12290-RA	GO:0005515
Tlin02824-RA	GO:0035608
Tlin02824-RA	GO:0004181
Tlin02824-RA	GO:0005515
Tlin02824-RA	GO:0006508
Tlin02824-RA	GO:0008270
Tlin02824-RA	GO:0004181
Tlin01571-RA	GO:0016020
Tlin01571-RA	GO:0006614
Tlin08474-RA	GO:0005524
Tlin08474-RA	GO:0003724
Tlin08474-RA	GO:0005524
Tlin08474-RA	GO:0003676
Tlin00926-RA	GO:0005506
Tlin00926-RA	GO:0016705
Tlin00926-RA	GO:0020037
Tlin00926-RA	GO:0004497
Tlin00926-RA	GO:0016705
Tlin00926-RA	GO:0005506
Tlin00926-RA	GO:0005506
Tlin00926-RA	GO:0016705
Tlin00926-RA	GO:0020037
Tlin00926-RA	GO:0004497
Tlin00926-RA	GO:0005506
Tlin00926-RA	GO:0016705
Tlin00926-RA	GO:0020037
Tlin00926-RA	GO:0004497
Tlin12683-RA	GO:0042803
Tlin12683-RA	GO:0045450
Tlin12683-RA	GO:0003723
Tlin07092-RA	GO:0016787
Tlin07092-RA	GO:0000290
Tlin07092-RA	GO:0016787
Tlin07092-RA	GO:0000290
Tlin07092-RA	GO:0016787
Tlin07092-RA	GO:0000290
Tlin07092-RA	GO:0016787
Tlin07092-RA	GO:0000290
Tlin11006-RA	GO:0009116
Tlin11006-RA	GO:0003824
Tlin11006-RA	GO:0005737
Tlin11006-RA	GO:0009166
Tlin11006-RA	GO:0004850
Tlin11006-RA	GO:0009116
Tlin11006-RA	GO:0003824
Tlin11006-RA	GO:0009116
Tlin11006-RA	GO:0003824
Tlin12774-RA	GO:0004812
Tlin12774-RA	GO:0005524
Tlin12774-RA	GO:0006418
Tlin12774-RA	GO:0000166
Tlin11066-RA	GO:0005615
Tlin11066-RA	GO:0004867
Tlin02503-RA	GO:0006886
Tlin02503-RA	GO:0005784
Tlin03181-RA	GO:0038023
Tlin03181-RA	GO:0016020
Tlin03181-RA	GO:0038023
Tlin03181-RA	GO:0016020
Tlin12091-RA	GO:0046983
Tlin12091-RA	GO:0046983
Tlin12091-RA	GO:0006355
Tlin12816-RA	GO:0008537
Tlin12816-RA	GO:0008537
Tlin12816-RA	GO:0008537
Tlin12816-RA	GO:0008537
Tlin12816-RA	GO:0008537
Tlin12816-RA	GO:0008537
Tlin02899-RA	GO:0005515
Tlin02899-RA	GO:0005515
Tlin13364-RA	GO:0045892
Tlin13364-RA	GO:0005634
Tlin13364-RA	GO:0006338
Tlin13364-RA	GO:0035267
Tlin13364-RA	GO:0043967
Tlin13364-RA	GO:0043968
Tlin13364-RA	GO:0006281
Tlin01472-RA	GO:0046872
Tlin01444-RA	GO:0003700
Tlin01444-RA	GO:0006355
Tlin01444-RA	GO:0003677
Tlin01444-RA	GO:0006355
Tlin01444-RA	GO:0003700
Tlin01444-RA	GO:0005515
Tlin01444-RA	GO:0005515
Tlin01444-RA	GO:0005515
Tlin01444-RA	GO:0005515
Tlin01444-RA	GO:0005515
Tlin01444-RA	GO:0005515
Tlin01444-RA	GO:0005515
Tlin01444-RA	GO:0005515
Tlin01444-RA	GO:0005515
Tlin01444-RA	GO:0005515
Tlin01444-RA	GO:0003700
Tlin01444-RA	GO:0006355
Tlin01444-RA	GO:0003677
Tlin11392-RA	GO:0006811
Tlin11392-RA	GO:0016020
Tlin11392-RA	GO:0055085
Tlin11392-RA	GO:0005216
Tlin07916-RA	GO:0007005
Tlin07916-RA	GO:0005743
Tlin07916-RA	GO:0007005
Tlin07916-RA	GO:0005743
Tlin08497-RA	GO:0006508
Tlin08497-RA	GO:0004252
Tlin08497-RA	GO:0006508
Tlin08497-RA	GO:0004252
Tlin08497-RA	GO:0006508
Tlin08497-RA	GO:0004252
Tlin08497-RA	GO:0006508
Tlin08497-RA	GO:0004252
Tlin08497-RA	GO:0006508
Tlin08497-RA	GO:0004252
Tlin08497-RA	GO:0006508
Tlin08497-RA	GO:0004252
Tlin03948-RA	GO:0016020
Tlin03948-RA	GO:0019829
Tlin03948-RA	GO:0140358
Tlin03948-RA	GO:0006812
Tlin03948-RA	GO:0000166
Tlin03948-RA	GO:0006508
Tlin03948-RA	GO:0008237
Tlin03948-RA	GO:0000166
Tlin03948-RA	GO:0008237
Tlin03948-RA	GO:0006508
Tlin03948-RA	GO:0004222
Tlin03948-RA	GO:0006508
Tlin03948-RA	GO:0004222
Tlin00669-RA	GO:0022857
Tlin00669-RA	GO:0055085
Tlin00669-RA	GO:0016020
Tlin09771-RA	GO:0000902
Tlin13381-RA	GO:0006313
Tlin13381-RA	GO:0004803
Tlin02972-RA	GO:0003677
Tlin09226-RA	GO:0006629
Tlin00345-RA	GO:0006388
Tlin00345-RA	GO:0006388
Tlin00345-RA	GO:0000213
Tlin00345-RA	GO:0003676
Tlin00345-RA	GO:0006388
Tlin00345-RA	GO:0000213
Tlin05659-RA	GO:0008270
Tlin00553-RA	GO:0005525
Tlin00553-RA	GO:0003924
Tlin03539-RA	GO:0006260
Tlin03539-RA	GO:0006281
Tlin03539-RA	GO:0033557
Tlin03539-RA	GO:0005634
Tlin01985-RA	GO:0006508
Tlin01985-RA	GO:0005515
Tlin01985-RA	GO:0005515
Tlin01985-RA	GO:0005515
Tlin05936-RA	GO:0030170
Tlin05936-RA	GO:0008483
Tlin05936-RA	GO:0030170
Tlin05936-RA	GO:0008483
Tlin05936-RA	GO:0003824
Tlin05936-RA	GO:0003824
Tlin04366-RA	GO:0005515
Tlin11612-RA	GO:0005515
Tlin11612-RA	GO:0005515
Tlin11612-RA	GO:0005515
Tlin11612-RA	GO:0006811
Tlin11612-RA	GO:0016020
Tlin11612-RA	GO:0055085
Tlin11612-RA	GO:0005216
Tlin11612-RA	GO:0005515
Tlin08773-RA	GO:0005525
Tlin08773-RA	GO:0003924
Tlin08773-RA	GO:0005525
Tlin08773-RA	GO:0003924
Tlin03753-RA	GO:0032039
Tlin03753-RA	GO:0032039
Tlin03753-RA	GO:0032039
Tlin03753-RA	GO:0004386
Tlin03753-RA	GO:0005524
Tlin03753-RA	GO:0003676
Tlin00030-RA	GO:0006511
Tlin10931-RA	GO:0016020
Tlin10931-RA	GO:0016020
Tlin10931-RA	GO:0016020
Tlin10931-RA	GO:0016020
Tlin01454-RA	GO:0070006
Tlin01454-RA	GO:0030145
Tlin10818-RA	GO:0005615
Tlin10818-RA	GO:0004867
Tlin12535-RA	GO:0005524
Tlin12535-RA	GO:0005524
Tlin12535-RA	GO:0006468
Tlin12535-RA	GO:0004672
Tlin06513-RA	GO:0004386
Tlin06513-RA	GO:0005524
Tlin06513-RA	GO:0003676
Tlin04691-RA	GO:0006811
Tlin04691-RA	GO:0016020
Tlin04691-RA	GO:0005230
Tlin04691-RA	GO:0006811
Tlin04691-RA	GO:0016020
Tlin04691-RA	GO:0005230
Tlin04691-RA	GO:0006811
Tlin04691-RA	GO:0016020
Tlin04691-RA	GO:0005230
Tlin04691-RA	GO:0005216
Tlin04691-RA	GO:0016020
Tlin04691-RA	GO:0034220
Tlin04691-RA	GO:0004888
Tlin04691-RA	GO:0016020
Tlin04691-RA	GO:0006811
Tlin04691-RA	GO:0016020
Tlin04691-RA	GO:0006811
Tlin10790-RA	GO:0005747
Tlin10790-RA	GO:0005739
Tlin00582-RA	GO:0016020
Tlin04217-RA	GO:0006392
Tlin10847-RA	GO:0032299
Tlin10847-RA	GO:0032299
Tlin12475-RA	GO:0005515
Tlin12475-RA	GO:0005515
Tlin12475-RA	GO:0005515
Tlin03952-RA	GO:0006465
Tlin03952-RA	GO:0016020
Tlin03952-RA	GO:0005787
Tlin03952-RA	GO:0006465
Tlin03952-RA	GO:0016020
Tlin03952-RA	GO:0005787
Tlin09241-RA	GO:0016020
Tlin09241-RA	GO:0072488
Tlin09241-RA	GO:0008519
Tlin07775-RA	GO:0006099
Tlin07775-RA	GO:0030976
Tlin07775-RA	GO:0004591
Tlin07775-RA	GO:0016624
Tlin06861-RA	GO:0006511
Tlin06861-RA	GO:0004843
Tlin06861-RA	GO:0006511
Tlin06861-RA	GO:0004843
Tlin06861-RA	GO:0006511
Tlin06861-RA	GO:0004843
Tlin06861-RA	GO:0006511
Tlin06861-RA	GO:0004843
Tlin14120-RA	GO:0015074
Tlin14120-RA	GO:0003676
Tlin11752-RA	GO:0005509
Tlin11695-RA	GO:0044237
Tlin01240-RA	GO:0016639
Tlin01240-RA	GO:0016491
Tlin01240-RA	GO:0006520
Tlin01240-RA	GO:0016491
Tlin01240-RA	GO:0006520
Tlin07871-RA	GO:0006325
Tlin07871-RA	GO:0006355
Tlin07871-RA	GO:0005634
Tlin04040-RA	GO:0006355
Tlin09363-RA	GO:0003676
Tlin09363-RA	GO:0003676
Tlin09363-RA	GO:0045292
Tlin13035-RA	GO:0005515
Tlin13035-RA	GO:0005515
Tlin13035-RA	GO:0005634
Tlin13035-RA	GO:0003676
Tlin13035-RA	GO:0005515
Tlin13035-RA	GO:0005515
Tlin12634-RA	GO:0045727
Tlin12634-RA	GO:0008190
Tlin12634-RA	GO:0003723
Tlin12634-RA	GO:0003723
Tlin12634-RA	GO:0003723
Tlin02794-RA	GO:0003824
Tlin02805-RA	GO:0003824
Tlin07016-RA	GO:0046961
Tlin07016-RA	GO:0005524
Tlin07016-RA	GO:0006468
Tlin07016-RA	GO:0004672
Tlin07016-RA	GO:0005524
Tlin07016-RA	GO:0006468
Tlin07016-RA	GO:0004672
Tlin07016-RA	GO:0006468
Tlin07016-RA	GO:0004672
Tlin07016-RA	GO:0005524
Tlin07016-RA	GO:0006468
Tlin07016-RA	GO:0004674
Tlin07016-RA	GO:0005524
Tlin07016-RA	GO:0005524
Tlin07016-RA	GO:0006468
Tlin07016-RA	GO:0004672
Tlin01869-RA	GO:0008236
Tlin01869-RA	GO:0006508
Tlin01869-RA	GO:0006508
Tlin01869-RA	GO:0004252
Tlin01869-RA	GO:0008240
Tlin01869-RA	GO:0006508
Tlin01869-RA	GO:0006508
Tlin01869-RA	GO:0004252
Tlin01869-RA	GO:0006508
Tlin01869-RA	GO:0004252
Tlin03200-RA	GO:0003676
Tlin03200-RA	GO:0003723
Tlin03200-RA	GO:0003723
Tlin03200-RA	GO:0003723
Tlin03200-RA	GO:0003676
Tlin14813-RA	GO:0005044
Tlin09124-RA	GO:0016020
Tlin09124-RA	GO:0004930
Tlin09124-RA	GO:0016020
Tlin09124-RA	GO:0004930
Tlin09124-RA	GO:0016020
Tlin09124-RA	GO:0004930
Tlin09124-RA	GO:0007186
Tlin09124-RA	GO:0016020
Tlin09124-RA	GO:0004930
Tlin09124-RA	GO:0007186
Tlin09124-RA	GO:0004930
Tlin09124-RA	GO:0007186
Tlin09124-RA	GO:0004930
Tlin11422-RA	GO:0022857
Tlin11422-RA	GO:0055085
Tlin11422-RA	GO:0016020
Tlin11422-RA	GO:0022857
Tlin11422-RA	GO:0055085
Tlin11422-RA	GO:0016020
Tlin07644-RA	GO:0106073
Tlin07644-RA	GO:0006488
Tlin07644-RA	GO:0106073
Tlin07644-RA	GO:0006488
Tlin08769-RA	GO:0019894
Tlin08769-RA	GO:0005871
Tlin01996-RA	GO:0017128
Tlin01996-RA	GO:0017121
Tlin01996-RA	GO:0017128
Tlin01996-RA	GO:0017121
Tlin10303-RA	GO:0003677
Tlin10303-RA	GO:0003677
Tlin14431-RA	GO:0003676
Tlin08402-RA	GO:0051603
Tlin08402-RA	GO:0005839
Tlin08402-RA	GO:0051603
Tlin08402-RA	GO:0005839
Tlin08762-RA	GO:0007264
Tlin08762-RA	GO:0005085
Tlin08762-RA	GO:0007264
Tlin08762-RA	GO:0005085
Tlin08762-RA	GO:0007264
Tlin08762-RA	GO:0005085
Tlin08762-RA	GO:0007264
Tlin08762-RA	GO:0005085
Tlin08762-RA	GO:0007165
Tlin08762-RA	GO:0007264
Tlin08762-RA	GO:0005085
Tlin03610-RA	GO:0005515
Tlin03610-RA	GO:0005515
Tlin10256-RA	GO:0005525
Tlin10256-RA	GO:0003924
Tlin13886-RA	GO:0006269
Tlin13886-RA	GO:0003896
Tlin04837-RA	GO:0016020
Tlin04837-RA	GO:0016758
Tlin04837-RA	GO:0006486
Tlin04837-RA	GO:0016020
Tlin04837-RA	GO:0016758
Tlin04837-RA	GO:0006486
Tlin12071-RA	GO:0003899
Tlin12071-RA	GO:0006351
Tlin12071-RA	GO:0003677
Tlin12071-RA	GO:0006351
Tlin12071-RA	GO:0046983
Tlin12071-RA	GO:0003899
Tlin12071-RA	GO:0046983
Tlin12071-RA	GO:0006351
Tlin12071-RA	GO:0001056
Tlin12071-RA	GO:0001054
Tlin12071-RA	GO:0046983
Tlin12071-RA	GO:0006351
Tlin12071-RA	GO:0006351
Tlin12071-RA	GO:0003899
Tlin01461-RA	GO:0016671
Tlin01461-RA	GO:0006814
Tlin01461-RA	GO:0016020
Tlin01461-RA	GO:0005272
Tlin01461-RA	GO:0016671
Tlin14788-RA	GO:0016747
Tlin07390-RA	GO:0005515
Tlin07390-RA	GO:0005515
Tlin07390-RA	GO:0005515
Tlin07390-RA	GO:0005515
Tlin07390-RA	GO:0005515
Tlin07390-RA	GO:0005515
Tlin07390-RA	GO:0005509
Tlin07390-RA	GO:0005509
Tlin07390-RA	GO:0005515
Tlin07390-RA	GO:0005515
Tlin07390-RA	GO:0005509
Tlin07390-RA	GO:0005509
Tlin07390-RA	GO:0005515
Tlin07390-RA	GO:0005515
Tlin07390-RA	GO:0005515
Tlin07390-RA	GO:0005515
Tlin07390-RA	GO:0005515
Tlin07390-RA	GO:0005515
Tlin07390-RA	GO:0005515
Tlin07390-RA	GO:0005515
Tlin07390-RA	GO:0005515
Tlin07390-RA	GO:0005515
Tlin07390-RA	GO:0005515
Tlin07390-RA	GO:0005515
Tlin07390-RA	GO:0005515
Tlin07390-RA	GO:0005515
Tlin07390-RA	GO:0005515
Tlin07390-RA	GO:0005515
Tlin08407-RA	GO:0008234
Tlin08407-RA	GO:0006508
Tlin08407-RA	GO:0008234
Tlin10124-RA	GO:0005840
Tlin10124-RA	GO:0006412
Tlin10124-RA	GO:0003735
Tlin10124-RA	GO:0005840
Tlin10124-RA	GO:0006412
Tlin10124-RA	GO:0003735
Tlin10124-RA	GO:0005840
Tlin10124-RA	GO:0006412
Tlin10124-RA	GO:0003735
Tlin10124-RA	GO:0005840
Tlin10124-RA	GO:0006412
Tlin10124-RA	GO:0003735
Tlin10124-RA	GO:0005840
Tlin10124-RA	GO:0006412
Tlin10124-RA	GO:0003735
Tlin10124-RA	GO:0005840
Tlin10124-RA	GO:0006412
Tlin10124-RA	GO:0003735
Tlin05354-RA	GO:0005737
Tlin05354-RA	GO:0061015
Tlin05354-RA	GO:0005634
Tlin04383-RA	GO:0004379
Tlin04383-RA	GO:0004379
Tlin04383-RA	GO:0004379
Tlin04383-RA	GO:0006499
Tlin04383-RA	GO:0004379
Tlin04383-RA	GO:0004379
Tlin01555-RA	GO:0008023
Tlin01555-RA	GO:0008023
Tlin14136-RA	GO:0006313
Tlin14136-RA	GO:0004803
Tlin00773-RA	GO:0005515
Tlin00773-RA	GO:0005515
Tlin00793-RA	GO:0005515
Tlin07117-RA	GO:0008236
Tlin07117-RA	GO:0006508
Tlin07117-RA	GO:0006508
Tlin07117-RA	GO:0004252
Tlin07117-RA	GO:0006508
Tlin07117-RA	GO:0004252
Tlin05246-RA	GO:0008528
Tlin05246-RA	GO:0008528
Tlin09946-RA	GO:0005515
Tlin02905-RA	GO:0003677
Tlin02905-RA	GO:0006355
Tlin02905-RA	GO:0000981
Tlin02905-RA	GO:0003677
Tlin05323-RA	GO:0018216
Tlin05323-RA	GO:0016274
Tlin00028-RA	GO:0005525
Tlin00028-RA	GO:0005525
Tlin00028-RA	GO:0003723
Tlin00028-RA	GO:0005525
Tlin08847-RA	GO:0008270
Tlin07726-RA	GO:0015377
Tlin07726-RA	GO:0016020
Tlin07726-RA	GO:0006811
Tlin07726-RA	GO:0055085
Tlin07726-RA	GO:0016020
Tlin07726-RA	GO:0016020
Tlin07726-RA	GO:0022857
Tlin07726-RA	GO:0006811
Tlin04483-RA	GO:0042147
Tlin04483-RA	GO:0030904
Tlin06899-RA	GO:0006355
Tlin06899-RA	GO:0043565
Tlin06899-RA	GO:0003700
Tlin06899-RA	GO:0006355
Tlin06899-RA	GO:0043565
Tlin06899-RA	GO:0003700
Tlin06899-RA	GO:0006355
Tlin06899-RA	GO:0043565
Tlin06899-RA	GO:0003700
Tlin03368-RA	GO:0016192
Tlin00238-RA	GO:0003676
Tlin00238-RA	GO:0003723
Tlin00238-RA	GO:0003723
Tlin00238-RA	GO:0003676
Tlin00313-RA	GO:0004831
Tlin00313-RA	GO:0004831
Tlin00313-RA	GO:0005524
Tlin00313-RA	GO:0006437
Tlin00313-RA	GO:0000166
Tlin00313-RA	GO:0004812
Tlin00313-RA	GO:0005524
Tlin00313-RA	GO:0006418
Tlin00313-RA	GO:0000166
Tlin00313-RA	GO:0003723
Tlin00313-RA	GO:0004812
Tlin00313-RA	GO:0005524
Tlin00313-RA	GO:0006418
Tlin00313-RA	GO:0000166
Tlin14124-RA	GO:0006313
Tlin14124-RA	GO:0004803
Tlin06714-RA	GO:0008200
Tlin06714-RA	GO:0005576
Tlin03850-RA	GO:0016705
Tlin03850-RA	GO:0005506
Tlin03850-RA	GO:0005506
Tlin03850-RA	GO:0016705
Tlin03850-RA	GO:0020037
Tlin03850-RA	GO:0004497
Tlin03850-RA	GO:0005506
Tlin03850-RA	GO:0016705
Tlin03850-RA	GO:0020037
Tlin03850-RA	GO:0004497
Tlin03850-RA	GO:0005506
Tlin03850-RA	GO:0016705
Tlin03850-RA	GO:0020037
Tlin03850-RA	GO:0004497
Tlin03147-RA	GO:0005737
Tlin03147-RA	GO:0006695
Tlin03147-RA	GO:0004631
Tlin03147-RA	GO:0005737
Tlin03147-RA	GO:0006695
Tlin03147-RA	GO:0004631
Tlin02977-RA	GO:0015078
Tlin02977-RA	GO:0015986
Tlin02977-RA	GO:0000276
Tlin02977-RA	GO:0015078
Tlin02977-RA	GO:0015986
Tlin02977-RA	GO:0000276
Tlin03399-RA	GO:0004500
Tlin11366-RA	GO:0005634
Tlin11366-RA	GO:0003713
Tlin11366-RA	GO:0005634
Tlin11366-RA	GO:0003713
Tlin06334-RA	GO:0005515
Tlin06334-RA	GO:0005515
Tlin06334-RA	GO:0005515
Tlin09189-RA	GO:0046983
Tlin09189-RA	GO:0046983
Tlin09189-RA	GO:0046983
Tlin08609-RA	GO:0022857
Tlin08609-RA	GO:0055085
Tlin08609-RA	GO:0016020
Tlin02287-RA	GO:0005549
Tlin02287-RA	GO:0005549
Tlin11011-RA	GO:0005758
Tlin11011-RA	GO:0005758
Tlin01482-RA	GO:0005515
Tlin01482-RA	GO:0005515
Tlin01482-RA	GO:0005515
Tlin01482-RA	GO:0005515
Tlin00421-RA	GO:0051087
Tlin00421-RA	GO:0051087
Tlin00644-RA	GO:0006801
Tlin00644-RA	GO:0046872
Tlin00644-RA	GO:0004784
Tlin00644-RA	GO:0006801
Tlin00644-RA	GO:0046872
Tlin00644-RA	GO:0004784
Tlin00644-RA	GO:0006801
Tlin00644-RA	GO:0046872
Tlin00644-RA	GO:0004784
Tlin11965-RA	GO:0003676
Tlin05304-RA	GO:0005840
Tlin05304-RA	GO:0006412
Tlin05304-RA	GO:0003735
Tlin05304-RA	GO:0005840
Tlin05304-RA	GO:0006412
Tlin05304-RA	GO:0003735
Tlin05304-RA	GO:0005840
Tlin05304-RA	GO:0006412
Tlin05304-RA	GO:0003735
Tlin10839-RA	GO:0034220
Tlin10839-RA	GO:0046961
Tlin10839-RA	GO:0034220
Tlin10839-RA	GO:0034220
Tlin14367-RA	GO:0008270
Tlin14367-RA	GO:0003676
Tlin05794-RA	GO:0035025
Tlin05794-RA	GO:0003779
Tlin07487-RA	GO:0007165
Tlin07487-RA	GO:0016020
Tlin07487-RA	GO:0005525
Tlin07487-RA	GO:0005525
Tlin07487-RA	GO:0003924
Tlin07487-RA	GO:0032486
Tlin07487-RA	GO:0003924
Tlin08332-RA	GO:0015075
Tlin08332-RA	GO:0016020
Tlin08332-RA	GO:0055085
Tlin08332-RA	GO:0006811
Tlin08332-RA	GO:0015075
Tlin08332-RA	GO:0016020
Tlin08332-RA	GO:0055085
Tlin08332-RA	GO:0006811
Tlin08332-RA	GO:0008234
Tlin08332-RA	GO:0006508
Tlin11841-RA	GO:0006207
Tlin11841-RA	GO:0004590
Tlin11841-RA	GO:0006207
Tlin11841-RA	GO:0004590
Tlin08863-RA	GO:0008299
Tlin03231-RA	GO:0003676
Tlin03231-RA	GO:0003676
Tlin03231-RA	GO:0003723
Tlin12963-RA	GO:0016192
Tlin12963-RA	GO:0016192
Tlin12963-RA	GO:0005515
Tlin12963-RA	GO:0016192
Tlin12963-RA	GO:0060271
Tlin12963-RA	GO:0001736
Tlin08467-RA	GO:0003723
Tlin08467-RA	GO:0003723
Tlin08467-RA	GO:0003723
Tlin08467-RA	GO:0003723
Tlin00882-RA	GO:0005515
Tlin00882-RA	GO:0005515
Tlin00882-RA	GO:0005515
Tlin07651-RA	GO:0005515
Tlin07651-RA	GO:0016491
Tlin07651-RA	GO:0016491
Tlin11121-RA	GO:0006886
Tlin11121-RA	GO:0006886
Tlin11160-RA	GO:0070569
Tlin11160-RA	GO:0006011
Tlin11160-RA	GO:0003983
Tlin09599-RA	GO:0005739
Tlin09599-RA	GO:0005739
Tlin05963-RA	GO:0006468
Tlin05963-RA	GO:0004672
Tlin05963-RA	GO:0035556
Tlin05963-RA	GO:0009190
Tlin05963-RA	GO:0016849
Tlin05963-RA	GO:0035556
Tlin05963-RA	GO:0009190
Tlin05963-RA	GO:0035556
Tlin05963-RA	GO:0009190
Tlin05586-RA	GO:0005634
Tlin05586-RA	GO:0006260
Tlin05586-RA	GO:0008270
Tlin05586-RA	GO:0003887
Tlin05586-RA	GO:0003677
Tlin05586-RA	GO:0000166
Tlin05586-RA	GO:0003676
Tlin05586-RA	GO:0003887
Tlin05586-RA	GO:0006260
Tlin05586-RA	GO:0006281
Tlin05586-RA	GO:0008622
Tlin05586-RA	GO:0003677
Tlin05638-RA	GO:0046872
Tlin05638-RA	GO:0006801
Tlin05638-RA	GO:0005507
Tlin05638-RA	GO:0046872
Tlin05638-RA	GO:0046872
Tlin05638-RA	GO:0006801
Tlin05638-RA	GO:0046872
Tlin05638-RA	GO:0046872
Tlin05638-RA	GO:0046872
Tlin05638-RA	GO:0006801
Tlin05638-RA	GO:0046872
Tlin05947-RA	GO:0005524
Tlin05947-RA	GO:0005524
Tlin05947-RA	GO:0006468
Tlin05947-RA	GO:0004672
Tlin08401-RA	GO:0003677
Tlin08401-RA	GO:0003677
Tlin08401-RA	GO:0003677
Tlin09798-RA	GO:0006811
Tlin09798-RA	GO:0016020
Tlin09798-RA	GO:0005230
Tlin09798-RA	GO:0006811
Tlin09798-RA	GO:0016020
Tlin09798-RA	GO:0005230
Tlin09798-RA	GO:0006811
Tlin09798-RA	GO:0016020
Tlin09798-RA	GO:0005230
Tlin09798-RA	GO:0016020
Tlin09798-RA	GO:0006811
Tlin09798-RA	GO:0006811
Tlin09798-RA	GO:0016020
Tlin09798-RA	GO:0005230
Tlin09798-RA	GO:0016020
Tlin09798-RA	GO:0006811
Tlin09798-RA	GO:0005216
Tlin09798-RA	GO:0016020
Tlin09798-RA	GO:0034220
Tlin09798-RA	GO:0004888
Tlin09798-RA	GO:0006811
Tlin09798-RA	GO:0016020
Tlin09798-RA	GO:0005230
Tlin09798-RA	GO:0006811
Tlin09798-RA	GO:0016020
Tlin09798-RA	GO:0005230
Tlin09798-RA	GO:0006811
Tlin09798-RA	GO:0016020
Tlin09798-RA	GO:0005230
Tlin09582-RA	GO:0006357
Tlin09582-RA	GO:0016592
Tlin09582-RA	GO:0003712
Tlin09056-RA	GO:0034719
Tlin09056-RA	GO:0034719
Tlin08450-RA	GO:0016020
Tlin08450-RA	GO:0016020
Tlin08450-RA	GO:0016020
Tlin06214-RA	GO:0005515
Tlin06214-RA	GO:0005515
Tlin06214-RA	GO:0005515
Tlin13888-RA	GO:0006807
Tlin04195-RA	GO:0016020
Tlin04195-RA	GO:0016780
Tlin04195-RA	GO:0008654
Tlin04195-RA	GO:0016020
Tlin04195-RA	GO:0016780
Tlin04195-RA	GO:0008654
Tlin06001-RA	GO:0005524
Tlin06001-RA	GO:0003676
Tlin06001-RA	GO:0005524
Tlin06001-RA	GO:0003676
Tlin00053-RA	GO:0032008
Tlin00053-RA	GO:0060090
Tlin00053-RA	GO:0005085
Tlin06207-RA	GO:0005509
Tlin06207-RA	GO:0005509
Tlin02634-RA	GO:0016787
Tlin02634-RA	GO:0030145
Tlin02634-RA	GO:0003723
Tlin02634-RA	GO:0016787
Tlin02634-RA	GO:0030145
Tlin02634-RA	GO:0003723
Tlin02634-RA	GO:0016787
Tlin02634-RA	GO:0000290
Tlin02634-RA	GO:0140933
Tlin02634-RA	GO:0000184
Tlin02634-RA	GO:0003723
Tlin02827-RA	GO:0016787
Tlin07258-RA	GO:0003677
Tlin07258-RA	GO:0003677
Tlin07258-RA	GO:0003677
Tlin09796-RA	GO:0008061
Tlin09796-RA	GO:0005576
Tlin09796-RA	GO:0008061
Tlin14283-RA	GO:0080019
Tlin01228-RA	GO:0005506
Tlin01228-RA	GO:0016705
Tlin01228-RA	GO:0020037
Tlin01228-RA	GO:0004497
Tlin01228-RA	GO:0016705
Tlin01228-RA	GO:0005506
Tlin01228-RA	GO:0005506
Tlin01228-RA	GO:0016705
Tlin01228-RA	GO:0020037
Tlin01228-RA	GO:0004497
Tlin01228-RA	GO:0005506
Tlin01228-RA	GO:0016705
Tlin01228-RA	GO:0020037
Tlin01228-RA	GO:0004497
Tlin14334-RA	GO:0006508
Tlin14334-RA	GO:0004252
Tlin14334-RA	GO:0006508
Tlin14334-RA	GO:0004252
Tlin06337-RA	GO:0035556
Tlin06337-RA	GO:0035556
Tlin06337-RA	GO:0035556
Tlin06337-RA	GO:0035556
Tlin06337-RA	GO:0035556
Tlin06337-RA	GO:0035556
Tlin12132-RA	GO:0005515
Tlin12132-RA	GO:0005515
Tlin12132-RA	GO:0005515
Tlin12132-RA	GO:0005515
Tlin01855-RA	GO:0010756
Tlin01855-RA	GO:0005886
Tlin01855-RA	GO:0010756
Tlin01855-RA	GO:0005886
Tlin02740-RA	GO:0003723
Tlin12934-RA	GO:0022857
Tlin12934-RA	GO:0055085
Tlin12934-RA	GO:0016020
Tlin12934-RA	GO:0022857
Tlin12934-RA	GO:0055085
Tlin12934-RA	GO:0016020
Tlin11881-RA	GO:0005525
Tlin11881-RA	GO:0005525
Tlin11881-RA	GO:0003924
Tlin14602-RA	GO:0005201
Tlin08007-RA	GO:0003918
Tlin08007-RA	GO:0005524
Tlin08007-RA	GO:0006265
Tlin08007-RA	GO:0003677
Tlin08007-RA	GO:0003918
Tlin08007-RA	GO:0005524
Tlin08007-RA	GO:0006265
Tlin08007-RA	GO:0003677
Tlin08007-RA	GO:0003918
Tlin08007-RA	GO:0005524
Tlin08007-RA	GO:0006265
Tlin08007-RA	GO:0003677
Tlin08007-RA	GO:0005524
Tlin08007-RA	GO:0003918
Tlin08007-RA	GO:0003918
Tlin08007-RA	GO:0005524
Tlin08007-RA	GO:0006265
Tlin08007-RA	GO:0003677
Tlin08007-RA	GO:0003918
Tlin08007-RA	GO:0005524
Tlin08007-RA	GO:0006265
Tlin08007-RA	GO:0003677
Tlin08007-RA	GO:0003918
Tlin08007-RA	GO:0005524
Tlin08007-RA	GO:0006259
Tlin08007-RA	GO:0006265
Tlin08007-RA	GO:0003677
Tlin08007-RA	GO:0003918
Tlin08007-RA	GO:0005524
Tlin08007-RA	GO:0003677
Tlin08007-RA	GO:0005524
Tlin08007-RA	GO:0003918
Tlin08007-RA	GO:0003918
Tlin08007-RA	GO:0005524
Tlin08007-RA	GO:0006265
Tlin08007-RA	GO:0003677
Tlin03517-RA	GO:0007186
Tlin03517-RA	GO:0016020
Tlin03517-RA	GO:0004930
Tlin07847-RA	GO:0006468
Tlin07847-RA	GO:0004672
Tlin07847-RA	GO:0005524
Tlin07847-RA	GO:0006468
Tlin07847-RA	GO:0004672
Tlin07847-RA	GO:0005524
Tlin07847-RA	GO:0007094
Tlin07669-RA	GO:0005515
Tlin06941-RA	GO:0005515
Tlin06941-RA	GO:0005198
Tlin06941-RA	GO:0005515
Tlin06941-RA	GO:0005515
Tlin05533-RA	GO:0043015
Tlin05533-RA	GO:0000922
Tlin05533-RA	GO:0005815
Tlin05533-RA	GO:0007020
Tlin05533-RA	GO:0043015
Tlin05533-RA	GO:0000226
Tlin02115-RA	GO:0046872
Tlin02115-RA	GO:0004842
Tlin02115-RA	GO:0016567
Tlin02115-RA	GO:0046872
Tlin02115-RA	GO:0004842
Tlin02115-RA	GO:0016567
Tlin02115-RA	GO:0046872
Tlin02115-RA	GO:0004842
Tlin02115-RA	GO:0008270
Tlin02115-RA	GO:0046872
Tlin02115-RA	GO:0004842
Tlin02115-RA	GO:0008270
Tlin02115-RA	GO:0005515
Tlin04435-RA	GO:0005515
Tlin04435-RA	GO:0005515
Tlin04435-RA	GO:0005515
Tlin04435-RA	GO:0005515
Tlin02039-RA	GO:0005509
Tlin11148-RA	GO:0016747
Tlin11148-RA	GO:0005515
Tlin11148-RA	GO:0005515
Tlin11148-RA	GO:0005515
Tlin10235-RA	GO:0003729
Tlin10235-RA	GO:0006369
Tlin10235-RA	GO:0006378
Tlin10235-RA	GO:0006379
Tlin10235-RA	GO:0000993
Tlin12322-RA	GO:0003677
Tlin05154-RA	GO:0007165
Tlin05154-RA	GO:0007165
Tlin09078-RA	GO:0032222
Tlin09078-RA	GO:1903818
Tlin09078-RA	GO:0030431
Tlin10720-RA	GO:0008610
Tlin10720-RA	GO:0016491
Tlin10720-RA	GO:0005506
Tlin14761-RA	GO:0003676
Tlin03951-RA	GO:0003725
Tlin03951-RA	GO:0006396
Tlin03951-RA	GO:0004525
Tlin03951-RA	GO:0006396
Tlin03951-RA	GO:0004525
Tlin05822-RA	GO:0006431
Tlin05822-RA	GO:0004825
Tlin05822-RA	GO:0004825
Tlin05822-RA	GO:0004812
Tlin05822-RA	GO:0005524
Tlin05822-RA	GO:0006418
Tlin05822-RA	GO:0000166
Tlin05822-RA	GO:0004812
Tlin05822-RA	GO:0005524
Tlin05822-RA	GO:0006418
Tlin05822-RA	GO:0000166
Tlin05822-RA	GO:0004812
Tlin05822-RA	GO:0005524
Tlin05822-RA	GO:0006418
Tlin05822-RA	GO:0000166
Tlin09951-RA	GO:0005525
Tlin09951-RA	GO:0003924
Tlin10586-RA	GO:0016020
Tlin10586-RA	GO:0006486
Tlin10586-RA	GO:0016020
Tlin10586-RA	GO:0006486
Tlin04950-RA	GO:0034454
Tlin04950-RA	GO:0060271
Tlin04950-RA	GO:0071539
Tlin04950-RA	GO:0005813
Tlin03776-RA	GO:0005681
Tlin03776-RA	GO:0000387
Tlin03776-RA	GO:0006396
Tlin07812-RA	GO:0005524
Tlin07812-RA	GO:0007018
Tlin07812-RA	GO:0003777
Tlin07812-RA	GO:0005524
Tlin07812-RA	GO:0007018
Tlin07812-RA	GO:0008017
Tlin07812-RA	GO:0003777
Tlin07812-RA	GO:0007018
Tlin07812-RA	GO:0003777
Tlin10852-RA	GO:0016567
Tlin10852-RA	GO:0004842
Tlin10852-RA	GO:0005515
Tlin00780-RA	GO:0007165
Tlin11480-RA	GO:0005515
Tlin11480-RA	GO:0005515
Tlin11480-RA	GO:0016589
Tlin11480-RA	GO:0006357
Tlin11480-RA	GO:0005515
Tlin06333-RA	GO:0005524
Tlin06333-RA	GO:0006468
Tlin06333-RA	GO:0004672
Tlin06333-RA	GO:0005524
Tlin06333-RA	GO:0006468
Tlin06333-RA	GO:0004672
Tlin06197-RA	GO:0006355
Tlin06197-RA	GO:0003723
Tlin06197-RA	GO:0003676
Tlin06197-RA	GO:0003723
Tlin02198-RA	GO:0007031
Tlin02198-RA	GO:0008270
Tlin02198-RA	GO:0016558
Tlin02198-RA	GO:0005778
Tlin09595-RA	GO:0006508
Tlin09595-RA	GO:0004252
Tlin09595-RA	GO:0006508
Tlin09595-RA	GO:0004252
Tlin09595-RA	GO:0006508
Tlin09595-RA	GO:0004252
Tlin01224-RA	GO:0046933
Tlin01224-RA	GO:0015986
Tlin01224-RA	GO:0046933
Tlin01224-RA	GO:0015986
Tlin03497-RA	GO:0016020
Tlin03497-RA	GO:0004190
Tlin03497-RA	GO:0016020
Tlin03497-RA	GO:0004190
Tlin03497-RA	GO:0005515
Tlin03497-RA	GO:0005515
Tlin14535-RA	GO:0005506
Tlin14535-RA	GO:0016705
Tlin14535-RA	GO:0020037
Tlin14535-RA	GO:0004497
Tlin14535-RA	GO:0005506
Tlin14535-RA	GO:0016705
Tlin14535-RA	GO:0020037
Tlin14535-RA	GO:0004497
Tlin14535-RA	GO:0005506
Tlin14535-RA	GO:0016705
Tlin14535-RA	GO:0020037
Tlin14535-RA	GO:0004497
Tlin03930-RA	GO:0005515
Tlin03930-RA	GO:0005515
Tlin03930-RA	GO:0005515
Tlin03930-RA	GO:0005515
Tlin03930-RA	GO:0005515
Tlin03930-RA	GO:0005515
Tlin03930-RA	GO:0005515
Tlin03930-RA	GO:0005515
Tlin03930-RA	GO:0005515
Tlin03930-RA	GO:0005515
Tlin03930-RA	GO:0005515
Tlin03930-RA	GO:0005515
Tlin03930-RA	GO:0005515
Tlin03930-RA	GO:0005515
Tlin03930-RA	GO:0005515
Tlin03930-RA	GO:0005515
Tlin08285-RA	GO:0008168
Tlin00131-RA	GO:0008017
Tlin13523-RA	GO:0042054
Tlin13523-RA	GO:0006338
Tlin10314-RA	GO:0005515
Tlin11424-RA	GO:0008083
Tlin11424-RA	GO:0005576
Tlin11424-RA	GO:0008083
Tlin14260-RA	GO:0016020
Tlin14260-RA	GO:0016020
Tlin14260-RA	GO:0016020
Tlin05826-RA	GO:0005576
Tlin05826-RA	GO:0007275
Tlin05826-RA	GO:0016055
Tlin05826-RA	GO:0005102
Tlin05826-RA	GO:0005576
Tlin05826-RA	GO:0007275
Tlin05826-RA	GO:0016055
Tlin05826-RA	GO:0005102
Tlin11143-RA	GO:0005681
Tlin11143-RA	GO:0000398
Tlin11143-RA	GO:0005681
Tlin11143-RA	GO:0000398
Tlin04497-RA	GO:0005524
Tlin04497-RA	GO:0003676
Tlin04497-RA	GO:0005524
Tlin04497-RA	GO:0030490
Tlin04497-RA	GO:0003724
Tlin08672-RA	GO:0007264
Tlin08672-RA	GO:0005085
Tlin12776-RA	GO:0006352
Tlin12776-RA	GO:0005634
Tlin12776-RA	GO:0006352
Tlin12776-RA	GO:0005634
Tlin12776-RA	GO:0006352
Tlin12776-RA	GO:0005634
Tlin10097-RA	GO:0051603
Tlin10097-RA	GO:0005839
Tlin10097-RA	GO:0051603
Tlin10097-RA	GO:0005839
Tlin03766-RA	GO:0006893
Tlin03766-RA	GO:0000145
Tlin04020-RA	GO:0003995
Tlin04020-RA	GO:0016627
Tlin04020-RA	GO:0003995
Tlin04020-RA	GO:0050660
Tlin04020-RA	GO:0016627
Tlin04020-RA	GO:0016627
Tlin04020-RA	GO:0016627
Tlin04020-RA	GO:0050660
Tlin04020-RA	GO:0016627
Tlin04020-RA	GO:0016627
Tlin04020-RA	GO:0016627
Tlin06504-RA	GO:0045261
Tlin06504-RA	GO:0046933
Tlin06504-RA	GO:0015986
Tlin06504-RA	GO:0045261
Tlin06504-RA	GO:0046933
Tlin06504-RA	GO:0015986
Tlin06504-RA	GO:0045261
Tlin06504-RA	GO:0046933
Tlin06504-RA	GO:0015986
Tlin06504-RA	GO:0045261
Tlin06504-RA	GO:0046933
Tlin06504-RA	GO:0015986
Tlin04876-RA	GO:0055085
Tlin04876-RA	GO:0022857
Tlin04522-RA	GO:0003677
Tlin04522-RA	GO:0006355
Tlin04522-RA	GO:0003677
Tlin06620-RA	GO:0000723
Tlin03645-RA	GO:0015165
Tlin03645-RA	GO:0016020
Tlin03645-RA	GO:0090481
Tlin03645-RA	GO:0000139
Tlin12433-RA	GO:0030246
Tlin02513-RA	GO:0019776
Tlin02513-RA	GO:0019787
Tlin11327-RA	GO:0005515
Tlin11327-RA	GO:0006508
Tlin11327-RA	GO:0016020
Tlin11327-RA	GO:0004222
Tlin11327-RA	GO:0006508
Tlin14737-RA	GO:0005524
Tlin04747-RA	GO:0016020
Tlin04747-RA	GO:0071805
Tlin04747-RA	GO:0005267
Tlin12994-RA	GO:0006511
Tlin12994-RA	GO:0006511
Tlin12994-RA	GO:0006511
Tlin12994-RA	GO:0006511
Tlin09271-RA	GO:0016020
Tlin09271-RA	GO:0016020
Tlin09271-RA	GO:0016020
Tlin09271-RA	GO:0016020
Tlin03911-RA	GO:0000922
Tlin03911-RA	GO:0005815
Tlin03911-RA	GO:0007020
Tlin03911-RA	GO:0043015
Tlin03911-RA	GO:0000226
Tlin03911-RA	GO:0043015
Tlin05490-RA	GO:0044571
Tlin05490-RA	GO:0051087
Tlin05490-RA	GO:0001671
Tlin05490-RA	GO:0051259
Tlin05490-RA	GO:0051259
Tlin05490-RA	GO:0051259
Tlin10429-RA	GO:0003676
Tlin10429-RA	GO:0006397
Tlin05102-RA	GO:0045944
Tlin05102-RA	GO:0048665
Tlin05102-RA	GO:0000981
Tlin05455-RA	GO:0004521
Tlin05455-RA	GO:0004521
Tlin05455-RA	GO:0004521
Tlin01479-RA	GO:0006979
Tlin01479-RA	GO:0004602
Tlin01479-RA	GO:0006979
Tlin01479-RA	GO:0004602
Tlin01479-RA	GO:0006979
Tlin01479-RA	GO:0004602
Tlin10932-RA	GO:0016020
Tlin10932-RA	GO:0016020
Tlin10932-RA	GO:0016020
Tlin10932-RA	GO:0016020
Tlin11575-RA	GO:0005515
Tlin11575-RA	GO:0005515
Tlin11575-RA	GO:0005515
Tlin11575-RA	GO:0005515
Tlin11575-RA	GO:0005515
Tlin11575-RA	GO:0006468
Tlin11575-RA	GO:0004672
Tlin11575-RA	GO:0006468
Tlin11575-RA	GO:0004672
Tlin11575-RA	GO:0005515
Tlin11575-RA	GO:0005515
Tlin11575-RA	GO:0005515
Tlin11575-RA	GO:0005524
Tlin11575-RA	GO:0006468
Tlin11575-RA	GO:0007169
Tlin11575-RA	GO:0016020
Tlin11575-RA	GO:0004714
Tlin11575-RA	GO:0005524
Tlin06036-RA	GO:0007186
Tlin06036-RA	GO:0016020
Tlin06036-RA	GO:0004930
Tlin01140-RA	GO:0016192
Tlin01140-RA	GO:0006886
Tlin03186-RA	GO:0003860
Tlin11819-RA	GO:0016020
Tlin11819-RA	GO:0042802
Tlin11819-RA	GO:0071805
Tlin11819-RA	GO:0005267
Tlin11819-RA	GO:0016020
Tlin11819-RA	GO:0042802
Tlin11819-RA	GO:0071805
Tlin11819-RA	GO:0005267
Tlin11608-RA	GO:0003676
Tlin11608-RA	GO:0003723
Tlin11608-RA	GO:0003723
Tlin11608-RA	GO:0003676
Tlin13460-RA	GO:0046983
Tlin03245-RA	GO:0046983
Tlin06161-RA	GO:0019752
Tlin06161-RA	GO:0030170
Tlin06161-RA	GO:0016830
Tlin06161-RA	GO:0003824
Tlin06161-RA	GO:0003824
Tlin01958-RA	GO:0005515
Tlin01958-RA	GO:0005515
Tlin13370-RA	GO:0005198
Tlin13370-RA	GO:0005856
Tlin13370-RA	GO:0003779
Tlin14009-RA	GO:0003676
Tlin02742-RA	GO:0042325
Tlin02742-RA	GO:0005737
Tlin02742-RA	GO:0042325
Tlin02742-RA	GO:0005737
Tlin02742-RA	GO:0042325
Tlin02742-RA	GO:0005737
Tlin02742-RA	GO:0042325
Tlin02742-RA	GO:0005737
Tlin07043-RA	GO:0005515
Tlin07043-RA	GO:0005515
Tlin02081-RA	GO:0061928
Tlin02081-RA	GO:0006751
Tlin02081-RA	GO:0061928
Tlin02081-RA	GO:0006751
Tlin03484-RA	GO:0006355
Tlin09991-RA	GO:0030246
Tlin02800-RA	GO:0005543
Tlin02800-RA	GO:0005509
Tlin02800-RA	GO:0019992
Tlin02800-RA	GO:0007268
Tlin04258-RA	GO:0050660
Tlin04258-RA	GO:0016614
Tlin04258-RA	GO:0050660
Tlin04258-RA	GO:0016614
Tlin04258-RA	GO:0016614
Tlin04258-RA	GO:0050660
Tlin11938-RA	GO:0005515
Tlin11938-RA	GO:0005515
Tlin04343-RA	GO:0016043
Tlin04343-RA	GO:0003779
Tlin04343-RA	GO:0030036
Tlin04343-RA	GO:0031267
Tlin04343-RA	GO:0003779
Tlin12621-RA	GO:0008270
Tlin12621-RA	GO:0003676
Tlin12621-RA	GO:0008270
Tlin12621-RA	GO:0003676
Tlin12621-RA	GO:0008270
Tlin12621-RA	GO:0003676
Tlin10833-RA	GO:0006302
Tlin10833-RA	GO:0005634
Tlin08726-RA	GO:0003899
Tlin08726-RA	GO:0006351
Tlin08726-RA	GO:0003677
Tlin08726-RA	GO:0003899
Tlin08726-RA	GO:0006351
Tlin08726-RA	GO:0003677
Tlin08726-RA	GO:0003899
Tlin08726-RA	GO:0006351
Tlin08726-RA	GO:0006351
Tlin08726-RA	GO:0032549
Tlin08726-RA	GO:0003899
Tlin08726-RA	GO:0003899
Tlin08726-RA	GO:0006351
Tlin08726-RA	GO:0003677
Tlin08726-RA	GO:0003899
Tlin08726-RA	GO:0006351
Tlin08726-RA	GO:0003677
Tlin08726-RA	GO:0003899
Tlin08726-RA	GO:0006351
Tlin08726-RA	GO:0003677
Tlin08726-RA	GO:0003899
Tlin08726-RA	GO:0006351
Tlin08726-RA	GO:0003677
Tlin08726-RA	GO:0003899
Tlin08726-RA	GO:0006351
Tlin08726-RA	GO:0003677
Tlin08726-RA	GO:0003899
Tlin08726-RA	GO:0006351
Tlin08726-RA	GO:0003677
Tlin08726-RA	GO:0003899
Tlin08726-RA	GO:0006351
Tlin08726-RA	GO:0003677
Tlin08726-RA	GO:0006351
Tlin08726-RA	GO:0032549
Tlin08726-RA	GO:0003899
Tlin01077-RA	GO:0016651
Tlin01077-RA	GO:0016651
Tlin01077-RA	GO:0048038
Tlin01077-RA	GO:0051287
Tlin01077-RA	GO:0016651
Tlin14765-RA	GO:0046983
Tlin04610-RA	GO:0033819
Tlin04610-RA	GO:0009249
Tlin04610-RA	GO:0033819
Tlin04610-RA	GO:0009249
Tlin02071-RA	GO:0046983
Tlin02071-RA	GO:0006355
Tlin02071-RA	GO:0005667
Tlin02071-RA	GO:0006357
Tlin02071-RA	GO:0000978
Tlin10999-RA	GO:0003723
Tlin10999-RA	GO:0005840
Tlin10999-RA	GO:0006412
Tlin10999-RA	GO:0003735
Tlin10999-RA	GO:0005840
Tlin10999-RA	GO:0006412
Tlin10999-RA	GO:0003735
Tlin10999-RA	GO:0005840
Tlin10999-RA	GO:0006412
Tlin10999-RA	GO:0003735
Tlin10999-RA	GO:0005840
Tlin10999-RA	GO:0006412
Tlin10999-RA	GO:0003735
Tlin00993-RA	GO:0005515
Tlin00993-RA	GO:0005515
Tlin09573-RA	GO:0034220
Tlin09573-RA	GO:0034220
Tlin09573-RA	GO:0046961
Tlin09573-RA	GO:0034220
Tlin07183-RA	GO:0008409
Tlin07183-RA	GO:0090503
Tlin07183-RA	GO:0008408
Tlin10608-RA	GO:0016779
Tlin10608-RA	GO:1990817
Tlin10608-RA	GO:0043631
Tlin05486-RA	GO:0031209
Tlin05486-RA	GO:0044877
Tlin05486-RA	GO:0007015
Tlin14479-RA	GO:0008270
Tlin14479-RA	GO:0003676
Tlin03157-RA	GO:0004045
Tlin10553-RA	GO:0004672
Tlin10553-RA	GO:0005524
Tlin10553-RA	GO:0006468
Tlin10553-RA	GO:0004672
Tlin10553-RA	GO:0006468
Tlin10553-RA	GO:0004672
Tlin10553-RA	GO:0005524
Tlin09827-RA	GO:0005524
Tlin09827-RA	GO:0005524
Tlin09827-RA	GO:0006468
Tlin09827-RA	GO:0004672
Tlin09827-RA	GO:0006468
Tlin09827-RA	GO:0004672
Tlin04977-RA	GO:0005549
Tlin04977-RA	GO:0007608
Tlin04977-RA	GO:0016020
Tlin04977-RA	GO:0004984
Tlin04977-RA	GO:0005549
Tlin04977-RA	GO:0007608
Tlin04977-RA	GO:0016020
Tlin04977-RA	GO:0004984
Tlin09551-RA	GO:0005515
Tlin09551-RA	GO:0031087
Tlin09551-RA	GO:0005515
Tlin02262-RA	GO:0016020
Tlin02262-RA	GO:0009922
Tlin02262-RA	GO:0016020
Tlin02262-RA	GO:0009922
Tlin02700-RA	GO:0003723
Tlin02700-RA	GO:0003723
Tlin02700-RA	GO:0003676
Tlin02700-RA	GO:0003676
Tlin02700-RA	GO:0006508
Tlin02700-RA	GO:0008236
Tlin02700-RA	GO:0006508
Tlin11805-RA	GO:0005975
Tlin11805-RA	GO:0005975
Tlin11805-RA	GO:0004553
Tlin04085-RA	GO:0016020
Tlin04085-RA	GO:0016020
Tlin14252-RA	GO:0008270
Tlin14252-RA	GO:0003676
Tlin14252-RA	GO:0003676
Tlin14252-RA	GO:0015074
Tlin03710-RA	GO:0005515
Tlin03710-RA	GO:0005515
Tlin03710-RA	GO:0005515
Tlin03710-RA	GO:0005515
Tlin06242-RA	GO:0046922
Tlin06242-RA	GO:0036066
Tlin07865-RA	GO:0030170
Tlin07865-RA	GO:0008483
Tlin07865-RA	GO:0003824
Tlin07865-RA	GO:0003824
Tlin07865-RA	GO:0030170
Tlin07865-RA	GO:0008483
Tlin07865-RA	GO:0030170
Tlin07865-RA	GO:0008483
Tlin10483-RA	GO:0005515
Tlin10483-RA	GO:0007095
Tlin10483-RA	GO:0030870
Tlin10483-RA	GO:0006302
Tlin10483-RA	GO:0005515
Tlin11151-RA	GO:0016757
Tlin11151-RA	GO:0016757
Tlin02429-RA	GO:0008168
Tlin02429-RA	GO:0032259
Tlin02429-RA	GO:0008168
Tlin08150-RA	GO:0004812
Tlin08150-RA	GO:0005524
Tlin08150-RA	GO:0006418
Tlin08150-RA	GO:0000166
Tlin08150-RA	GO:0004825
Tlin08150-RA	GO:0006431
Tlin08150-RA	GO:0004825
Tlin08150-RA	GO:0004812
Tlin08150-RA	GO:0005524
Tlin08150-RA	GO:0006418
Tlin08150-RA	GO:0000166
Tlin05369-RA	GO:0032977
Tlin05369-RA	GO:0016020
Tlin10431-RA	GO:0005515
Tlin10431-RA	GO:0005515
Tlin10431-RA	GO:0005515
Tlin10431-RA	GO:0005515
Tlin10431-RA	GO:0005515
Tlin10431-RA	GO:0005515
Tlin10431-RA	GO:0005515
Tlin04025-RA	GO:0016768
Tlin04025-RA	GO:0006597
Tlin13451-RA	GO:0016491
Tlin01948-RA	GO:0007186
Tlin01948-RA	GO:0007186
Tlin01948-RA	GO:0008277
Tlin01948-RA	GO:0007186
Tlin01948-RA	GO:0007186
Tlin01948-RA	GO:0035556
Tlin01948-RA	GO:0008277
Tlin06262-RA	GO:0003723
Tlin06262-RA	GO:0003676
Tlin00549-RA	GO:0140658
Tlin00549-RA	GO:0005524
Tlin04561-RA	GO:0016849
Tlin04561-RA	GO:0035556
Tlin04561-RA	GO:0009190
Tlin04561-RA	GO:0035556
Tlin04561-RA	GO:0009190
Tlin04561-RA	GO:0035556
Tlin04561-RA	GO:0009190
Tlin04561-RA	GO:0035556
Tlin04561-RA	GO:0009190
Tlin04561-RA	GO:0035556
Tlin04561-RA	GO:0009190
Tlin01763-RA	GO:0016020
Tlin01763-RA	GO:0016020
Tlin03074-RA	GO:0006508
Tlin03074-RA	GO:0004252
Tlin03074-RA	GO:0006508
Tlin03074-RA	GO:0004252
Tlin03074-RA	GO:0006508
Tlin03074-RA	GO:0004252
Tlin08202-RA	GO:0005524
Tlin08202-RA	GO:0016887
Tlin08202-RA	GO:0005524
Tlin08202-RA	GO:0005524
Tlin08202-RA	GO:0016887
Tlin08202-RA	GO:0005524
Tlin08202-RA	GO:0016020
Tlin08202-RA	GO:0005524
Tlin08202-RA	GO:0016020
Tlin08202-RA	GO:0055085
Tlin08202-RA	GO:0140359
Tlin08202-RA	GO:0005524
Tlin08202-RA	GO:0016020
Tlin08202-RA	GO:0055085
Tlin08202-RA	GO:0140359
Tlin08202-RA	GO:0005524
Tlin08202-RA	GO:0016020
Tlin08202-RA	GO:0055085
Tlin08202-RA	GO:0140359
Tlin08202-RA	GO:0005524
Tlin08202-RA	GO:0016020
Tlin08202-RA	GO:0005524
Tlin08202-RA	GO:0016020
Tlin08202-RA	GO:0005524
Tlin08202-RA	GO:0016020
Tlin08202-RA	GO:0005524
Tlin08202-RA	GO:0016020
Tlin08202-RA	GO:0005524
Tlin08202-RA	GO:0016020
Tlin08202-RA	GO:0005524
Tlin08202-RA	GO:0016020
Tlin08202-RA	GO:0005524
Tlin08202-RA	GO:0016020
Tlin08202-RA	GO:0005524
Tlin08202-RA	GO:0016020
Tlin08202-RA	GO:0005524
Tlin13083-RA	GO:0005515
Tlin13083-RA	GO:0031124
Tlin13083-RA	GO:0006396
Tlin13083-RA	GO:0005634
Tlin04032-RA	GO:0016020
Tlin00814-RA	GO:0006890
Tlin00814-RA	GO:0070939
Tlin00814-RA	GO:0006888
Tlin00814-RA	GO:0006890
Tlin00814-RA	GO:0070939
Tlin00814-RA	GO:0006888
Tlin04942-RA	GO:0016020
Tlin04942-RA	GO:0006888
Tlin01953-RA	GO:0046332
Tlin04099-RA	GO:0003735
Tlin04099-RA	GO:0022625
Tlin04099-RA	GO:0002182
Tlin04099-RA	GO:0003735
Tlin04099-RA	GO:0022625
Tlin04099-RA	GO:0002182
Tlin14519-RA	GO:0005515
Tlin14519-RA	GO:0005515
Tlin13782-RA	GO:0003676
Tlin00862-RA	GO:0008418
Tlin00862-RA	GO:0008418
Tlin06748-RA	GO:0009058
Tlin06748-RA	GO:0005524
Tlin06748-RA	GO:0009058
Tlin06748-RA	GO:0005524
Tlin06748-RA	GO:0016881
Tlin06748-RA	GO:0009058
Tlin06748-RA	GO:0005524
Tlin06748-RA	GO:0009396
Tlin06748-RA	GO:0004326
Tlin06748-RA	GO:0016881
Tlin06748-RA	GO:0009058
Tlin06748-RA	GO:0005524
Tlin06748-RA	GO:0009396
Tlin06748-RA	GO:0004326
Tlin12462-RA	GO:0005509
Tlin12462-RA	GO:0005515
Tlin12462-RA	GO:0005515
Tlin08885-RA	GO:0007275
Tlin08885-RA	GO:0006511
Tlin08885-RA	GO:0006511
Tlin08885-RA	GO:0007275
Tlin08885-RA	GO:0005737
Tlin05087-RA	GO:0046654
Tlin05087-RA	GO:0003934
Tlin05087-RA	GO:0046654
Tlin05087-RA	GO:0003934
Tlin05087-RA	GO:0046654
Tlin05087-RA	GO:0003934
Tlin02459-RA	GO:0005515
Tlin02459-RA	GO:0005515
Tlin02459-RA	GO:0005515
Tlin02459-RA	GO:0005515
Tlin02459-RA	GO:0005515
Tlin02459-RA	GO:0016717
Tlin02459-RA	GO:0005515
Tlin02459-RA	GO:0005515
Tlin02459-RA	GO:0005515
Tlin02459-RA	GO:0005515
Tlin02459-RA	GO:0005515
Tlin06890-RA	GO:0006397
Tlin06890-RA	GO:0006397
Tlin13142-RA	GO:0005739
Tlin13142-RA	GO:0005739
Tlin00039-RA	GO:0005524
Tlin00039-RA	GO:0005634
Tlin00039-RA	GO:0006355
Tlin00039-RA	GO:0003677
Tlin00039-RA	GO:0003700
Tlin00039-RA	GO:0006355
Tlin00039-RA	GO:0003677
Tlin00039-RA	GO:0003700
Tlin00039-RA	GO:0005634
Tlin00039-RA	GO:0006355
Tlin00039-RA	GO:0003677
Tlin00039-RA	GO:0006355
Tlin00039-RA	GO:0003700
Tlin06438-RA	GO:0016491
Tlin06438-RA	GO:0008270
Tlin06438-RA	GO:0008270
Tlin06438-RA	GO:0051903
Tlin06438-RA	GO:0006069
Tlin04250-RA	GO:0050660
Tlin04250-RA	GO:0016614
Tlin04250-RA	GO:0050660
Tlin04250-RA	GO:0016614
Tlin04250-RA	GO:0016614
Tlin04250-RA	GO:0050660
Tlin04250-RA	GO:0016614
Tlin04250-RA	GO:0050660
Tlin12641-RA	GO:0007165
Tlin06846-RA	GO:0019904
Tlin13493-RA	GO:0006506
Tlin13493-RA	GO:0000506
Tlin11412-RA	GO:0005680
Tlin11412-RA	GO:0005680
Tlin07280-RA	GO:0005515
Tlin01178-RA	GO:0016491
Tlin11675-RA	GO:0016020
Tlin11675-RA	GO:0016758
Tlin11675-RA	GO:0006486
Tlin11675-RA	GO:0016020
Tlin11675-RA	GO:0016758
Tlin11675-RA	GO:0006486
Tlin07781-RA	GO:0000266
Tlin07781-RA	GO:0005515
Tlin07781-RA	GO:0005515
Tlin08846-RA	GO:0006979
Tlin08846-RA	GO:0020037
Tlin08846-RA	GO:0004601
Tlin11939-RA	GO:0003676
Tlin11939-RA	GO:0003676
Tlin11939-RA	GO:0003676
Tlin11939-RA	GO:0003676
Tlin11939-RA	GO:0003723
Tlin11972-RA	GO:0004692
Tlin11972-RA	GO:0005524
Tlin11972-RA	GO:0006468
Tlin11972-RA	GO:0004672
Tlin11972-RA	GO:0005524
Tlin11972-RA	GO:0006468
Tlin11972-RA	GO:0004672
Tlin09435-RA	GO:0003755
Tlin09435-RA	GO:0003755
Tlin03005-RA	GO:0003678
Tlin03005-RA	GO:0005524
Tlin03005-RA	GO:0003677
Tlin03005-RA	GO:0004386
Tlin03005-RA	GO:0005524
Tlin03005-RA	GO:0006139
Tlin03005-RA	GO:0016818
Tlin03005-RA	GO:0003676
Tlin06201-RA	GO:0006486
Tlin06201-RA	GO:0016020
Tlin06201-RA	GO:0004576
Tlin06201-RA	GO:0006486
Tlin06201-RA	GO:0016020
Tlin06201-RA	GO:0004576
Tlin14156-RA	GO:0003677
Tlin14156-RA	GO:0046982
Tlin14156-RA	GO:0046982
Tlin13660-RA	GO:0003676
Tlin13660-RA	GO:0003700
Tlin13660-RA	GO:0003676
Tlin13660-RA	GO:0008270
Tlin13660-RA	GO:0005634
Tlin13660-RA	GO:0008270
Tlin13660-RA	GO:0005634
Tlin13660-RA	GO:0008270
Tlin13660-RA	GO:0005634
Tlin13660-RA	GO:0008270
Tlin13660-RA	GO:0005634
Tlin13660-RA	GO:0008270
Tlin13660-RA	GO:0005634
Tlin13660-RA	GO:0008270
Tlin13660-RA	GO:0005634
Tlin13660-RA	GO:0008270
Tlin13660-RA	GO:0005634
Tlin13660-RA	GO:0008270
Tlin13660-RA	GO:0005634
Tlin13660-RA	GO:0008270
Tlin13660-RA	GO:0005634
Tlin13660-RA	GO:0003676
Tlin13660-RA	GO:0003676
Tlin03691-RA	GO:0016192
Tlin03691-RA	GO:0030117
Tlin03691-RA	GO:0006886
Tlin03691-RA	GO:0030123
Tlin03691-RA	GO:0015031
Tlin03691-RA	GO:0030123
Tlin03691-RA	GO:0015031
Tlin11474-RA	GO:0005515
Tlin11474-RA	GO:0006351
Tlin11474-RA	GO:0006351
Tlin11474-RA	GO:0006351
Tlin06587-RA	GO:0003887
Tlin06587-RA	GO:0006260
Tlin06587-RA	GO:0003677
Tlin06587-RA	GO:0006260
Tlin06587-RA	GO:0003887
Tlin06587-RA	GO:0005760
Tlin06587-RA	GO:0006260
Tlin06587-RA	GO:0003677
Tlin05157-RA	GO:0005506
Tlin05157-RA	GO:0016705
Tlin05157-RA	GO:0020037
Tlin05157-RA	GO:0004497
Tlin05157-RA	GO:0005506
Tlin05157-RA	GO:0016705
Tlin05157-RA	GO:0020037
Tlin05157-RA	GO:0004497
Tlin05157-RA	GO:0005506
Tlin05157-RA	GO:0016705
Tlin05157-RA	GO:0020037
Tlin05157-RA	GO:0004497
Tlin09498-RA	GO:0005643
Tlin09498-RA	GO:0006913
Tlin09498-RA	GO:0017056
Tlin09498-RA	GO:0005643
Tlin05028-RA	GO:0007031
Tlin05028-RA	GO:0005778
Tlin05028-RA	GO:0007031
Tlin05028-RA	GO:0005778
Tlin05028-RA	GO:0007031
Tlin05028-RA	GO:0005778
Tlin03070-RA	GO:0003824
Tlin03111-RA	GO:0005216
Tlin03111-RA	GO:0016020
Tlin03111-RA	GO:0034220
Tlin03111-RA	GO:0004888
Tlin03111-RA	GO:0006811
Tlin03111-RA	GO:0016020
Tlin03111-RA	GO:0005230
Tlin03111-RA	GO:0016020
Tlin03111-RA	GO:0006811
Tlin03111-RA	GO:0006811
Tlin03111-RA	GO:0016020
Tlin03111-RA	GO:0005230
Tlin03111-RA	GO:0006811
Tlin03111-RA	GO:0016020
Tlin03111-RA	GO:0005230
Tlin03111-RA	GO:0016020
Tlin03111-RA	GO:0006811
Tlin09993-RA	GO:0006120
Tlin04834-RA	GO:0032039
Tlin04834-RA	GO:0016180
Tlin03597-RA	GO:0048188
Tlin03527-RA	GO:0005549
Tlin03527-RA	GO:0007608
Tlin03527-RA	GO:0016020
Tlin03527-RA	GO:0004984
Tlin03527-RA	GO:0005549
Tlin03527-RA	GO:0007608
Tlin03527-RA	GO:0016020
Tlin03527-RA	GO:0004984
Tlin11673-RA	GO:0003677
Tlin11673-RA	GO:0005634
Tlin11673-RA	GO:0000398
Tlin07496-RA	GO:0005615
Tlin07496-RA	GO:0004867
Tlin09349-RA	GO:0005886
Tlin09349-RA	GO:0007155
Tlin09349-RA	GO:0007411
Tlin09349-RA	GO:0005515
Tlin09520-RA	GO:0006468
Tlin09520-RA	GO:0004672
Tlin09520-RA	GO:0005524
Tlin09520-RA	GO:0005524
Tlin09520-RA	GO:0006468
Tlin09520-RA	GO:0004672
Tlin09810-RA	GO:0016020
Tlin09810-RA	GO:0004970
Tlin09810-RA	GO:0016020
Tlin09810-RA	GO:0015276
Tlin02901-RA	GO:0005515
Tlin02901-RA	GO:0003723
Tlin02901-RA	GO:0005846
Tlin02901-RA	GO:0006406
Tlin02901-RA	GO:0000339
Tlin02901-RA	GO:0016070
Tlin02901-RA	GO:0016070
Tlin13520-RA	GO:0008270
Tlin13520-RA	GO:0003676
Tlin13520-RA	GO:0015074
Tlin13520-RA	GO:0003676
Tlin04130-RA	GO:0046983
Tlin05591-RA	GO:0005737
Tlin05591-RA	GO:0005737
Tlin05591-RA	GO:0005737
Tlin05591-RA	GO:0005737
Tlin02395-RA	GO:0005634
Tlin02395-RA	GO:0006260
Tlin02395-RA	GO:0000808
Tlin04629-RA	GO:0005840
Tlin00761-RA	GO:0005840
Tlin00761-RA	GO:0006412
Tlin00761-RA	GO:0003735
Tlin00761-RA	GO:0006412
Tlin00761-RA	GO:0003735
Tlin00761-RA	GO:0005840
Tlin00761-RA	GO:0006412
Tlin00761-RA	GO:0003735
Tlin00761-RA	GO:0005840
Tlin00761-RA	GO:0006412
Tlin00761-RA	GO:0003735
Tlin00761-RA	GO:0005840
Tlin00761-RA	GO:0006412
Tlin00761-RA	GO:0003735
Tlin04955-RA	GO:0016409
Tlin04955-RA	GO:0005515
Tlin04955-RA	GO:0005515
Tlin04955-RA	GO:0005515
Tlin08271-RA	GO:0019905
Tlin08271-RA	GO:0006836
Tlin08271-RA	GO:0019905
Tlin08271-RA	GO:0006836
Tlin02225-RA	GO:0016020
Tlin02225-RA	GO:0015276
Tlin02225-RA	GO:0016020
Tlin02225-RA	GO:0004970
Tlin09333-RA	GO:0055085
Tlin09333-RA	GO:0022857
Tlin00563-RA	GO:0006338
Tlin01368-RA	GO:0005506
Tlin01368-RA	GO:0016705
Tlin01368-RA	GO:0020037
Tlin01368-RA	GO:0004497
Tlin01368-RA	GO:0016705
Tlin01368-RA	GO:0005506
Tlin01368-RA	GO:0005506
Tlin01368-RA	GO:0016705
Tlin01368-RA	GO:0020037
Tlin01368-RA	GO:0004497
Tlin01368-RA	GO:0005506
Tlin01368-RA	GO:0016705
Tlin01368-RA	GO:0020037
Tlin01368-RA	GO:0004497
Tlin01368-RA	GO:0005506
Tlin01368-RA	GO:0016705
Tlin01368-RA	GO:0020037
Tlin01368-RA	GO:0004497
Tlin07167-RA	GO:0016884
Tlin07167-RA	GO:0016874
Tlin07167-RA	GO:0016884
Tlin07167-RA	GO:0016884
Tlin07167-RA	GO:0003824
Tlin07787-RA	GO:0005549
Tlin07894-RA	GO:0036211
Tlin10455-RA	GO:0016311
Tlin10455-RA	GO:0008138
Tlin10455-RA	GO:0016791
Tlin10455-RA	GO:0016311
Tlin00305-RA	GO:0005515
Tlin00305-RA	GO:0005515
Tlin00305-RA	GO:0061630
Tlin00305-RA	GO:0000209
Tlin00305-RA	GO:0016567
Tlin00305-RA	GO:0004842
Tlin00952-RA	GO:0016298
Tlin00952-RA	GO:0016298
Tlin00952-RA	GO:0016298
Tlin00952-RA	GO:0016298
Tlin00952-RA	GO:0016298
Tlin10478-RA	GO:0008168
Tlin10478-RA	GO:0006480
Tlin10478-RA	GO:0008168
Tlin10478-RA	GO:0006480
Tlin03354-RA	GO:0005524
Tlin03354-RA	GO:0005524
Tlin03354-RA	GO:0003676
Tlin11907-RA	GO:0007186
Tlin11907-RA	GO:0016020
Tlin11907-RA	GO:0004930
Tlin11907-RA	GO:0007186
Tlin11907-RA	GO:0016020
Tlin11907-RA	GO:0004930
Tlin11907-RA	GO:0007186
Tlin11907-RA	GO:0016020
Tlin11907-RA	GO:0004930
Tlin09395-RA	GO:0022857
Tlin09395-RA	GO:0055085
Tlin09395-RA	GO:0016020
Tlin09395-RA	GO:0022857
Tlin09395-RA	GO:0055085
Tlin09395-RA	GO:0016020
Tlin06167-RA	GO:0070286
Tlin06167-RA	GO:0051087
Tlin10691-RA	GO:0005515
Tlin10691-RA	GO:0005515
Tlin10691-RA	GO:0005096
Tlin10691-RA	GO:0005515
Tlin10691-RA	GO:0007165
Tlin12321-RA	GO:0046983
Tlin00673-RA	GO:0008061
Tlin00673-RA	GO:0005576
Tlin00673-RA	GO:0008061
Tlin03386-RA	GO:0006468
Tlin03386-RA	GO:0004672
Tlin03386-RA	GO:0035556
Tlin03386-RA	GO:0009190
Tlin03386-RA	GO:0035556
Tlin03386-RA	GO:0009190
Tlin03386-RA	GO:0016849
Tlin03386-RA	GO:0035556
Tlin03386-RA	GO:0009190
Tlin05884-RA	GO:0006357
Tlin05884-RA	GO:0003700
Tlin05884-RA	GO:0043565
Tlin05884-RA	GO:0006355
Tlin05884-RA	GO:0008270
Tlin05884-RA	GO:0006355
Tlin05884-RA	GO:0043565
Tlin05884-RA	GO:0006355
Tlin05884-RA	GO:0043565
Tlin05884-RA	GO:0006355
Tlin09451-RA	GO:0005515
Tlin09451-RA	GO:0005515
Tlin09451-RA	GO:0005515
Tlin09451-RA	GO:0005515
Tlin09451-RA	GO:0005515
Tlin09451-RA	GO:0005515
Tlin09451-RA	GO:0005515
Tlin05377-RA	GO:0016773
Tlin05377-RA	GO:0005975
Tlin05377-RA	GO:0016301
Tlin05377-RA	GO:0005975
Tlin05377-RA	GO:0016301
Tlin05377-RA	GO:0005975
Tlin01847-RA	GO:0043547
Tlin01847-RA	GO:0005096
Tlin01121-RA	GO:0016020
Tlin01121-RA	GO:0035434
Tlin01121-RA	GO:0005375
Tlin01121-RA	GO:0016020
Tlin01121-RA	GO:0035434
Tlin01121-RA	GO:0005375
Tlin01121-RA	GO:0016020
Tlin01121-RA	GO:0035434
Tlin01121-RA	GO:0005375
Tlin03863-RA	GO:0036211
Tlin03863-RA	GO:0015031
Tlin12077-RA	GO:0007186
Tlin12077-RA	GO:0016020
Tlin12077-RA	GO:0004930
Tlin12077-RA	GO:0007186
Tlin12077-RA	GO:0016020
Tlin12077-RA	GO:0004930
Tlin06797-RA	GO:0016020
Tlin05423-RA	GO:0000076
Tlin05423-RA	GO:0006974
Tlin05423-RA	GO:0031297
Tlin05423-RA	GO:0005634
Tlin02310-RA	GO:0004386
Tlin13707-RA	GO:0046983
Tlin10860-RA	GO:0006508
Tlin10860-RA	GO:0004252
Tlin10860-RA	GO:0008236
Tlin10860-RA	GO:0006508
Tlin10860-RA	GO:0006508
Tlin10860-RA	GO:0004252
Tlin10860-RA	GO:0006508
Tlin10860-RA	GO:0004252
Tlin02149-RA	GO:0005549
Tlin02149-RA	GO:0007608
Tlin02149-RA	GO:0016020
Tlin02149-RA	GO:0004984
Tlin02149-RA	GO:0005549
Tlin02149-RA	GO:0007608
Tlin02149-RA	GO:0016020
Tlin02149-RA	GO:0004984
Tlin11669-RA	GO:0005515
Tlin11669-RA	GO:0005515
Tlin11669-RA	GO:0005515
Tlin11669-RA	GO:0005515
Tlin11669-RA	GO:0005515
Tlin11669-RA	GO:0005515
Tlin11669-RA	GO:0005515
Tlin11669-RA	GO:0005515
Tlin11669-RA	GO:0016020
Tlin11669-RA	GO:0005515
Tlin11669-RA	GO:0005515
Tlin11669-RA	GO:0005515
Tlin11669-RA	GO:0005515
Tlin11669-RA	GO:0005515
Tlin11669-RA	GO:0005515
Tlin11669-RA	GO:0005515
Tlin11669-RA	GO:0005515
Tlin01292-RA	GO:0006457
Tlin01292-RA	GO:0042803
Tlin01292-RA	GO:0051087
Tlin01292-RA	GO:0000774
Tlin01292-RA	GO:0006457
Tlin01292-RA	GO:0042803
Tlin01292-RA	GO:0051087
Tlin01292-RA	GO:0000774
Tlin01292-RA	GO:0006457
Tlin01292-RA	GO:0042803
Tlin01292-RA	GO:0051087
Tlin01292-RA	GO:0000774
Tlin10304-RA	GO:0005515
Tlin10304-RA	GO:0005515
Tlin03936-RA	GO:0016020
Tlin03936-RA	GO:0016020
Tlin07019-RA	GO:0016491
Tlin07019-RA	GO:0005515
Tlin07019-RA	GO:0005515
Tlin07019-RA	GO:0016491
Tlin06370-RA	GO:0006508
Tlin06370-RA	GO:0004252
Tlin06370-RA	GO:0006508
Tlin06370-RA	GO:0004252
Tlin01883-RA	GO:0016301
Tlin00399-RA	GO:0050660
Tlin00399-RA	GO:0003824
Tlin00399-RA	GO:0050660
Tlin00399-RA	GO:0008610
Tlin00399-RA	GO:0008609
Tlin00399-RA	GO:0050660
Tlin00399-RA	GO:0003824
Tlin00399-RA	GO:0050660
Tlin13674-RA	GO:0003677
Tlin06505-RA	GO:0005525
Tlin06505-RA	GO:0003924
Tlin06505-RA	GO:0005525
Tlin07892-RA	GO:0003676
Tlin07892-RA	GO:0003676
Tlin04621-RA	GO:1902017
Tlin04621-RA	GO:0007099
Tlin08354-RA	GO:0005515
Tlin08354-RA	GO:0005515
Tlin08702-RA	GO:0055085
Tlin08702-RA	GO:0022857
Tlin04669-RA	GO:0051169
Tlin04669-RA	GO:0005049
Tlin02200-RA	GO:0005634
Tlin02200-RA	GO:0005634
Tlin08560-RA	GO:0005515
Tlin12490-RA	GO:0005615
Tlin12490-RA	GO:0004867
Tlin04028-RA	GO:0016020
Tlin04028-RA	GO:0016020
Tlin04759-RA	GO:0030628
Tlin04759-RA	GO:0000398
Tlin14623-RA	GO:0008270
Tlin14623-RA	GO:0008237
Tlin14534-RA	GO:0008270
Tlin14534-RA	GO:0008237
Tlin00735-RA	GO:0005515
Tlin00735-RA	GO:0005515
Tlin00735-RA	GO:0005515
Tlin00735-RA	GO:0005515
Tlin00735-RA	GO:0005515
Tlin00735-RA	GO:0005515
Tlin00735-RA	GO:0005515
Tlin00735-RA	GO:0005515
Tlin00735-RA	GO:0005515
Tlin00735-RA	GO:0005515
Tlin00735-RA	GO:0005515
Tlin00735-RA	GO:0005515
Tlin00735-RA	GO:0005515
Tlin00357-RA	GO:0008308
Tlin00357-RA	GO:0098656
Tlin00357-RA	GO:0005741
Tlin00357-RA	GO:0008308
Tlin00357-RA	GO:0098656
Tlin00357-RA	GO:0005741
Tlin00357-RA	GO:0055085
Tlin00357-RA	GO:0005741
Tlin00357-RA	GO:0055085
Tlin00357-RA	GO:0005741
Tlin01937-RA	GO:0006164
Tlin01937-RA	GO:0003938
Tlin01937-RA	GO:0003824
Tlin01937-RA	GO:0016491
Tlin01937-RA	GO:0003824
Tlin02241-RA	GO:0005549
Tlin02241-RA	GO:0005549
Tlin02241-RA	GO:0005549
Tlin05733-RA	GO:0016746
Tlin05733-RA	GO:0006644
Tlin02354-RA	GO:0007165
Tlin07949-RA	GO:0005840
Tlin07949-RA	GO:0006412
Tlin07949-RA	GO:0003735
Tlin07949-RA	GO:0005840
Tlin07949-RA	GO:0006412
Tlin07949-RA	GO:0003735
Tlin07949-RA	GO:0005840
Tlin07949-RA	GO:0006412
Tlin07949-RA	GO:0003735
Tlin02594-RA	GO:0005515
Tlin06475-RA	GO:0016020
Tlin06475-RA	GO:0016746
Tlin06475-RA	GO:0006506
Tlin06475-RA	GO:0016020
Tlin06475-RA	GO:0016746
Tlin06475-RA	GO:0006506
Tlin10993-RA	GO:0005509
Tlin10993-RA	GO:0005509
Tlin10993-RA	GO:0005509
Tlin10993-RA	GO:0005509
Tlin10993-RA	GO:0005509
Tlin10993-RA	GO:0005509
Tlin10993-RA	GO:0005509
Tlin10993-RA	GO:0005509
Tlin10993-RA	GO:0005509
Tlin03146-RA	GO:0005515
Tlin03146-RA	GO:0017148
Tlin03146-RA	GO:0030371
Tlin03146-RA	GO:0003723
Tlin06293-RA	GO:0016020
Tlin06293-RA	GO:0016020
Tlin02838-RA	GO:0005524
Tlin02838-RA	GO:0140662
Tlin02838-RA	GO:0006457
Tlin02838-RA	GO:0016887
Tlin02838-RA	GO:0051082
Tlin02838-RA	GO:0005524
Tlin02838-RA	GO:0006457
Tlin02838-RA	GO:0016887
Tlin02838-RA	GO:0051082
Tlin02838-RA	GO:0005524
Tlin02838-RA	GO:0006457
Tlin02838-RA	GO:0016887
Tlin02838-RA	GO:0051082
Tlin02838-RA	GO:0005524
Tlin02838-RA	GO:0006457
Tlin02838-RA	GO:0016887
Tlin02838-RA	GO:0051082
Tlin02838-RA	GO:0005524
Tlin03997-RA	GO:0080019
Tlin04997-RA	GO:0006396
Tlin02252-RA	GO:0046983
Tlin02252-RA	GO:0006355
Tlin02252-RA	GO:0003677
Tlin02252-RA	GO:0046983
Tlin02252-RA	GO:0046983
Tlin09994-RA	GO:0008289
Tlin02628-RA	GO:0008255
Tlin02628-RA	GO:0018990
Tlin02628-RA	GO:0007218
Tlin09644-RA	GO:0005515
Tlin09644-RA	GO:0005515
Tlin09644-RA	GO:0005515
Tlin09644-RA	GO:0005515
Tlin04083-RA	GO:0016020
Tlin10332-RA	GO:0006811
Tlin10332-RA	GO:0016020
Tlin10332-RA	GO:0055085
Tlin10332-RA	GO:0005216
Tlin10332-RA	GO:0005515
Tlin10332-RA	GO:0005515
Tlin10332-RA	GO:0005515
Tlin09812-RA	GO:0005849
Tlin09812-RA	GO:0006378
Tlin09812-RA	GO:0003729
Tlin09812-RA	GO:0005849
Tlin09812-RA	GO:0006378
Tlin09812-RA	GO:0003729
Tlin12385-RA	GO:0006508
Tlin12385-RA	GO:0004190
Tlin11129-RA	GO:0003676
Tlin03595-RA	GO:0006914
Tlin03595-RA	GO:0006914
Tlin08026-RA	GO:0035556
Tlin08026-RA	GO:0009190
Tlin08026-RA	GO:0016849
Tlin08026-RA	GO:0035556
Tlin08026-RA	GO:0009190
Tlin08026-RA	GO:0005886
Tlin08026-RA	GO:0006171
Tlin08026-RA	GO:0004016
Tlin08026-RA	GO:0035556
Tlin08026-RA	GO:0009190
Tlin08026-RA	GO:0016849
Tlin08026-RA	GO:0035556
Tlin08026-RA	GO:0009190
Tlin08026-RA	GO:0035556
Tlin08026-RA	GO:0009190
Tlin08026-RA	GO:0035556
Tlin08026-RA	GO:0009190
Tlin08056-RA	GO:0005525
Tlin08056-RA	GO:0003924
Tlin08056-RA	GO:0005549
Tlin08056-RA	GO:0005515
Tlin08056-RA	GO:0005515
Tlin08056-RA	GO:0005515
Tlin08056-RA	GO:0007264
Tlin08056-RA	GO:0005525
Tlin08056-RA	GO:0005549
Tlin08056-RA	GO:0005549
Tlin09237-RA	GO:0005515
Tlin00432-RA	GO:0008137
Tlin00432-RA	GO:0016651
Tlin07799-RA	GO:0003755
Tlin07799-RA	GO:0000413
Tlin07067-RA	GO:0016567
Tlin07067-RA	GO:0004842
Tlin07067-RA	GO:0008270
Tlin07067-RA	GO:0008270
Tlin07357-RA	GO:0005515
Tlin07357-RA	GO:0007009
Tlin07357-RA	GO:0007009
Tlin07357-RA	GO:0005515
Tlin01950-RA	GO:0005509
Tlin01950-RA	GO:0005509
Tlin01950-RA	GO:0005509
Tlin01950-RA	GO:0005509
Tlin10744-RA	GO:0006629
Tlin10744-RA	GO:0006629
Tlin07732-RA	GO:0031267
Tlin07732-RA	GO:0006886
Tlin07732-RA	GO:0006606
Tlin06590-RA	GO:0009982
Tlin06590-RA	GO:0001522
Tlin06590-RA	GO:0003723
Tlin06590-RA	GO:0009451
Tlin06590-RA	GO:0009982
Tlin06590-RA	GO:0001522
Tlin06590-RA	GO:0006396
Tlin08693-RA	GO:0015930
Tlin08693-RA	GO:0006807
Tlin08693-RA	GO:0016491
Tlin08693-RA	GO:0016491
Tlin08693-RA	GO:0016491
Tlin08693-RA	GO:0015930
Tlin08693-RA	GO:0016638
Tlin08693-RA	GO:0006537
Tlin08693-RA	GO:0016491
Tlin08693-RA	GO:0016491
Tlin08693-RA	GO:0015930
Tlin08693-RA	GO:0016638
Tlin08693-RA	GO:0006537
Tlin08693-RA	GO:0051536
Tlin14441-RA	GO:0003676
Tlin12824-RA	GO:0016020
Tlin12824-RA	GO:0006820
Tlin12824-RA	GO:0006820
Tlin12824-RA	GO:0016020
Tlin12824-RA	GO:0005452
Tlin12824-RA	GO:0008509
Tlin12824-RA	GO:0016020
Tlin12824-RA	GO:0006820
Tlin09210-RA	GO:0016491
Tlin09210-RA	GO:0050660
Tlin09210-RA	GO:0016491
Tlin09210-RA	GO:0050660
Tlin09210-RA	GO:0016491
Tlin09210-RA	GO:0050660
Tlin09210-RA	GO:0045454
Tlin09210-RA	GO:0016668
Tlin07600-RA	GO:0005515
Tlin07600-RA	GO:0005515
Tlin07600-RA	GO:0005515
Tlin07600-RA	GO:0005515
Tlin07600-RA	GO:0005515
Tlin07600-RA	GO:0005515
Tlin07600-RA	GO:0005515
Tlin07600-RA	GO:0005515
Tlin08153-RA	GO:0070552
Tlin08153-RA	GO:0070531
Tlin08153-RA	GO:0070552
Tlin08153-RA	GO:0070531
Tlin09978-RA	GO:0003676
Tlin09978-RA	GO:0003723
Tlin09978-RA	GO:0003723
Tlin09978-RA	GO:0003676
Tlin05671-RA	GO:0005840
Tlin05671-RA	GO:0006412
Tlin05671-RA	GO:0003735
Tlin05671-RA	GO:0008270
Tlin05671-RA	GO:0003735
Tlin05671-RA	GO:0005840
Tlin05671-RA	GO:0006412
Tlin05671-RA	GO:0003735
Tlin01646-RA	GO:0005524
Tlin01646-RA	GO:0006468
Tlin01646-RA	GO:0004672
Tlin01646-RA	GO:0005524
Tlin01646-RA	GO:0006468
Tlin01646-RA	GO:0004707
Tlin01646-RA	GO:0005524
Tlin00377-RA	GO:0008233
Tlin00377-RA	GO:0008233
Tlin01400-RA	GO:0031110
Tlin11232-RA	GO:0035092
Tlin11232-RA	GO:0007283
Tlin03292-RA	GO:0050660
Tlin03292-RA	GO:0016614
Tlin03292-RA	GO:0050660
Tlin03292-RA	GO:0016614
Tlin03292-RA	GO:0050660
Tlin03292-RA	GO:0016614
Tlin03292-RA	GO:0050660
Tlin03292-RA	GO:0016614
Tlin11076-RA	GO:0043565
Tlin11076-RA	GO:0006355
Tlin11076-RA	GO:0043565
Tlin11076-RA	GO:0006355
Tlin11076-RA	GO:0043565
Tlin11076-RA	GO:0006355
Tlin11076-RA	GO:0043565
Tlin11076-RA	GO:0006355
Tlin11076-RA	GO:0008270
Tlin11076-RA	GO:0006355
Tlin11076-RA	GO:0043565
Tlin11076-RA	GO:0006355
Tlin11076-RA	GO:0008270
Tlin11076-RA	GO:0006355
Tlin11076-RA	GO:0006357
Tlin11076-RA	GO:0003700
Tlin11076-RA	GO:0043565
Tlin11076-RA	GO:0006355
Tlin13317-RA	GO:0003676
Tlin14327-RA	GO:0005515
Tlin14327-RA	GO:0005515
Tlin14327-RA	GO:0005515
Tlin01251-RA	GO:0051424
Tlin01251-RA	GO:0051424
Tlin02191-RA	GO:0005524
Tlin02191-RA	GO:0006468
Tlin02191-RA	GO:0004672
Tlin02191-RA	GO:0006468
Tlin02191-RA	GO:0004672
Tlin02673-RA	GO:0005515
Tlin02673-RA	GO:0005515
Tlin11772-RA	GO:0070286
Tlin01458-RA	GO:0003676
Tlin01458-RA	GO:0003723
Tlin06145-RA	GO:0005515
Tlin06145-RA	GO:0005515
Tlin06145-RA	GO:0005515
Tlin06145-RA	GO:0005515
Tlin06145-RA	GO:0005515
Tlin06145-RA	GO:0005515
Tlin06145-RA	GO:0005515
Tlin06145-RA	GO:0005515
Tlin06145-RA	GO:0005515
Tlin08186-RA	GO:0005525
Tlin08186-RA	GO:0005525
Tlin08186-RA	GO:0003924
Tlin14994-RA	GO:0008270
Tlin14994-RA	GO:0003676
Tlin14994-RA	GO:0003824
Tlin03445-RA	GO:0030001
Tlin03445-RA	GO:0046873
Tlin03445-RA	GO:0055085
Tlin03445-RA	GO:0016020
Tlin02499-RA	GO:0030170
Tlin02499-RA	GO:0008483
Tlin02499-RA	GO:0030170
Tlin02499-RA	GO:0008483
Tlin02499-RA	GO:0003824
Tlin02499-RA	GO:0030170
Tlin02499-RA	GO:0008483
Tlin02499-RA	GO:0003824
Tlin08373-RA	GO:0046983
Tlin08373-RA	GO:0046983
Tlin08373-RA	GO:0046983
Tlin13981-RA	GO:0050660
Tlin13981-RA	GO:0016614
Tlin13981-RA	GO:0050660
Tlin13981-RA	GO:0016614
Tlin12773-RA	GO:0005840
Tlin12773-RA	GO:0006412
Tlin12773-RA	GO:0003735
Tlin03054-RA	GO:0007186
Tlin03054-RA	GO:0016020
Tlin03054-RA	GO:0004930
Tlin03054-RA	GO:0007186
Tlin03054-RA	GO:0016020
Tlin03054-RA	GO:0004930
Tlin00590-RA	GO:0016715
Tlin00590-RA	GO:0005507
Tlin00590-RA	GO:0016715
Tlin00590-RA	GO:0004497
Tlin00590-RA	GO:0005507
Tlin00590-RA	GO:0016715
Tlin00590-RA	GO:0004497
Tlin00590-RA	GO:0004500
Tlin00590-RA	GO:0003824
Tlin00590-RA	GO:0003824
Tlin06309-RA	GO:0046982
Tlin06309-RA	GO:0051382
Tlin06309-RA	GO:0006281
Tlin06309-RA	GO:0051382
Tlin06309-RA	GO:0006281
Tlin13576-RA	GO:0005524
Tlin13576-RA	GO:0003676
Tlin01234-RA	GO:0005840
Tlin01234-RA	GO:0006412
Tlin01234-RA	GO:0003735
Tlin01234-RA	GO:0005840
Tlin01234-RA	GO:0006412
Tlin01234-RA	GO:0003735
Tlin01234-RA	GO:0005840
Tlin01234-RA	GO:0006412
Tlin01234-RA	GO:0003735
Tlin01234-RA	GO:0005840
Tlin01234-RA	GO:0006412
Tlin01234-RA	GO:0003735
Tlin03327-RA	GO:0045893
Tlin11158-RA	GO:0006493
Tlin11158-RA	GO:0016020
Tlin11158-RA	GO:0000030
Tlin12255-RA	GO:0005975
Tlin12255-RA	GO:0004553
Tlin12255-RA	GO:0005975
Tlin12255-RA	GO:0004553
Tlin12255-RA	GO:0005975
Tlin12255-RA	GO:0004553
Tlin12255-RA	GO:0005975
Tlin12255-RA	GO:0004553
Tlin10705-RA	GO:0016020
Tlin10705-RA	GO:0016051
Tlin10705-RA	GO:0008146
Tlin10705-RA	GO:0016020
Tlin10705-RA	GO:0008146
Tlin05352-RA	GO:0005840
Tlin05352-RA	GO:0006412
Tlin05352-RA	GO:0003735
Tlin05352-RA	GO:0003735
Tlin05352-RA	GO:0003723
Tlin04601-RA	GO:0007018
Tlin04601-RA	GO:0005868
Tlin07527-RA	GO:0030246
Tlin00307-RA	GO:0036297
Tlin00307-RA	GO:0004518
Tlin00307-RA	GO:0016788
Tlin00307-RA	GO:0003676
Tlin11937-RA	GO:0004857
Tlin11937-RA	GO:0030414
Tlin11937-RA	GO:0005576
Tlin11937-RA	GO:0030414
Tlin11937-RA	GO:0005576
Tlin11937-RA	GO:0004857
Tlin11937-RA	GO:0004867
Tlin11937-RA	GO:0004867
Tlin11937-RA	GO:0004857
Tlin11937-RA	GO:0004867
Tlin11937-RA	GO:0004867
Tlin11937-RA	GO:0004867
Tlin11937-RA	GO:0004867
Tlin05682-RA	GO:0006644
Tlin05089-RA	GO:0046654
Tlin05089-RA	GO:0003934
Tlin05089-RA	GO:0046654
Tlin05089-RA	GO:0003934
Tlin14398-RA	GO:0003682
Tlin14398-RA	GO:0043565
Tlin14398-RA	GO:0006355
Tlin06922-RA	GO:0005078
Tlin10569-RA	GO:0008237
Tlin10569-RA	GO:0006508
Tlin10569-RA	GO:0008270
Tlin10569-RA	GO:0031012
Tlin10569-RA	GO:0004222
Tlin10569-RA	GO:0006508
Tlin10569-RA	GO:0008270
Tlin10569-RA	GO:0031012
Tlin10569-RA	GO:0004222
Tlin10569-RA	GO:0008270
Tlin10569-RA	GO:0008237
Tlin10569-RA	GO:0008237
Tlin06183-RA	GO:0005524
Tlin06183-RA	GO:0006468
Tlin06183-RA	GO:0004672
Tlin06183-RA	GO:0005524
Tlin09351-RA	GO:0008061
Tlin09351-RA	GO:0008061
Tlin09351-RA	GO:0008061
Tlin09351-RA	GO:0005576
Tlin09351-RA	GO:0008061
Tlin09351-RA	GO:0005576
Tlin09351-RA	GO:0008061
Tlin09222-RA	GO:0051536
Tlin09222-RA	GO:0003824
Tlin10014-RA	GO:0005509
Tlin10014-RA	GO:0007205
Tlin10014-RA	GO:0004143
Tlin10014-RA	GO:0005509
Tlin10014-RA	GO:0016301
Tlin10014-RA	GO:0007165
Tlin10014-RA	GO:0004143
Tlin10578-RA	GO:0005525
Tlin10578-RA	GO:0009298
Tlin10578-RA	GO:0004475
Tlin10578-RA	GO:0016740
Tlin10578-RA	GO:0009058
Tlin05148-RA	GO:0005524
Tlin05148-RA	GO:0006468
Tlin05148-RA	GO:0004672
Tlin05148-RA	GO:0005524
Tlin05148-RA	GO:0006468
Tlin05148-RA	GO:0004672
Tlin12629-RA	GO:0005549
Tlin12629-RA	GO:0007608
Tlin12629-RA	GO:0016020
Tlin12629-RA	GO:0004984
Tlin12629-RA	GO:0005549
Tlin12629-RA	GO:0007608
Tlin12629-RA	GO:0016020
Tlin12629-RA	GO:0004984
Tlin12629-RA	GO:0005549
Tlin12629-RA	GO:0007608
Tlin12629-RA	GO:0016020
Tlin12629-RA	GO:0004984
Tlin11928-RA	GO:0016020
Tlin05262-RA	GO:0016301
Tlin00406-RA	GO:0007423
Tlin00406-RA	GO:0007219
Tlin00406-RA	GO:0007423
Tlin00406-RA	GO:0007219
Tlin08719-RA	GO:0007165
Tlin08719-RA	GO:0006355
Tlin08719-RA	GO:0007165
Tlin08719-RA	GO:0006355
Tlin08719-RA	GO:0003677
Tlin08719-RA	GO:0007165
Tlin08719-RA	GO:0006355
Tlin08719-RA	GO:0006355
Tlin08719-RA	GO:0007165
Tlin08719-RA	GO:0003700
Tlin08719-RA	GO:0006355
Tlin08719-RA	GO:0003700
Tlin08719-RA	GO:0003700
Tlin08934-RA	GO:0016020
Tlin08934-RA	GO:0071805
Tlin08934-RA	GO:0005267
Tlin06227-RA	GO:0005840
Tlin06227-RA	GO:0006412
Tlin06227-RA	GO:0003735
Tlin06227-RA	GO:0005840
Tlin06227-RA	GO:0006412
Tlin06227-RA	GO:0003735
Tlin06227-RA	GO:0005840
Tlin06227-RA	GO:0006412
Tlin06227-RA	GO:0003735
Tlin04639-RA	GO:0005515
Tlin04639-RA	GO:0005515
Tlin04639-RA	GO:0005515
Tlin04639-RA	GO:0005515
Tlin04639-RA	GO:0005515
Tlin04639-RA	GO:0005515
Tlin04639-RA	GO:0000045
Tlin04639-RA	GO:0005515
Tlin04639-RA	GO:0005515
Tlin04033-RA	GO:0005681
Tlin04033-RA	GO:0000398
Tlin07225-RA	GO:0005509
Tlin07225-RA	GO:0005509
Tlin07037-RA	GO:0008270
Tlin07037-RA	GO:0003676
Tlin04736-RA	GO:0016192
Tlin04736-RA	GO:0016192
Tlin14165-RA	GO:0005515
Tlin14165-RA	GO:0005515
Tlin14165-RA	GO:0005515
Tlin14165-RA	GO:0016020
Tlin14165-RA	GO:0007166
Tlin06236-RA	GO:0005515
Tlin06236-RA	GO:0005515
Tlin01425-RA	GO:0042721
Tlin01425-RA	GO:0042721
Tlin09647-RA	GO:0005515
Tlin06419-RA	GO:0005506
Tlin06419-RA	GO:0016705
Tlin06419-RA	GO:0020037
Tlin06419-RA	GO:0004497
Tlin06419-RA	GO:0005506
Tlin06419-RA	GO:0016705
Tlin06419-RA	GO:0020037
Tlin06419-RA	GO:0004497
Tlin06419-RA	GO:0005506
Tlin06419-RA	GO:0016705
Tlin06419-RA	GO:0020037
Tlin06419-RA	GO:0004497
Tlin06419-RA	GO:0016705
Tlin06419-RA	GO:0005506
Tlin06419-RA	GO:0005506
Tlin06419-RA	GO:0016705
Tlin06419-RA	GO:0020037
Tlin06419-RA	GO:0004497
Tlin06419-RA	GO:0005506
Tlin06419-RA	GO:0016705
Tlin06419-RA	GO:0020037
Tlin06419-RA	GO:0004497
Tlin06419-RA	GO:0005506
Tlin06419-RA	GO:0016705
Tlin06419-RA	GO:0020037
Tlin06419-RA	GO:0004497
Tlin06419-RA	GO:0016705
Tlin06419-RA	GO:0005506
Tlin14159-RA	GO:0003824
Tlin11734-RA	GO:0005975
Tlin11734-RA	GO:0009311
Tlin11734-RA	GO:0004573
Tlin11734-RA	GO:0005975
Tlin03581-RA	GO:0022857
Tlin03581-RA	GO:0055085
Tlin03581-RA	GO:0016020
Tlin03581-RA	GO:0022857
Tlin03581-RA	GO:0055085
Tlin03581-RA	GO:0016020
Tlin03707-RA	GO:0090560
Tlin03707-RA	GO:0017183
Tlin03707-RA	GO:0090560
Tlin03707-RA	GO:0017183
Tlin05893-RA	GO:0008289
Tlin03935-RA	GO:0005801
Tlin03935-RA	GO:0006888
Tlin03935-RA	GO:0016020
Tlin03935-RA	GO:0000139
Tlin13806-RA	GO:0046983
Tlin13806-RA	GO:0003677
Tlin08850-RA	GO:0055085
Tlin08850-RA	GO:0022857
Tlin11713-RA	GO:0005515
Tlin11713-RA	GO:0005515
Tlin11713-RA	GO:0018025
Tlin11713-RA	GO:0005737
Tlin11713-RA	GO:0005515
Tlin11713-RA	GO:0005515
Tlin11713-RA	GO:0051537
Tlin11713-RA	GO:0043231
Tlin08034-RA	GO:0005515
Tlin08034-RA	GO:1905515
Tlin08034-RA	GO:0034464
Tlin08034-RA	GO:0005515
Tlin08034-RA	GO:0005515
Tlin08034-RA	GO:0005515
Tlin08034-RA	GO:0005515
Tlin04371-RA	GO:0022857
Tlin04371-RA	GO:0055085
Tlin04371-RA	GO:0016020
Tlin04371-RA	GO:0022857
Tlin04371-RA	GO:0055085
Tlin04371-RA	GO:0016020
Tlin01542-RA	GO:0001671
Tlin11930-RA	GO:0005506
Tlin11930-RA	GO:0016705
Tlin11930-RA	GO:0020037
Tlin11930-RA	GO:0004497
Tlin11930-RA	GO:0005506
Tlin11930-RA	GO:0016705
Tlin11930-RA	GO:0020037
Tlin11930-RA	GO:0004497
Tlin11930-RA	GO:0005506
Tlin11930-RA	GO:0016705
Tlin11930-RA	GO:0020037
Tlin11930-RA	GO:0004497
Tlin11930-RA	GO:0005506
Tlin11930-RA	GO:0016705
Tlin11930-RA	GO:0020037
Tlin11930-RA	GO:0004497
Tlin11930-RA	GO:0005506
Tlin11930-RA	GO:0016705
Tlin11930-RA	GO:0020037
Tlin11930-RA	GO:0004497
Tlin11930-RA	GO:0005506
Tlin11930-RA	GO:0016705
Tlin11930-RA	GO:0020037
Tlin11930-RA	GO:0004497
Tlin13466-RA	GO:0006508
Tlin13466-RA	GO:0004252
Tlin12414-RA	GO:0016020
Tlin12414-RA	GO:0006488
Tlin12414-RA	GO:0016020
Tlin12414-RA	GO:0006488
Tlin04338-RA	GO:0005524
Tlin04338-RA	GO:0005524
Tlin04338-RA	GO:0006633
Tlin04338-RA	GO:0003989
Tlin04338-RA	GO:0005524
Tlin04338-RA	GO:0005524
Tlin04338-RA	GO:0005524
Tlin07106-RA	GO:0006139
Tlin07106-RA	GO:0004731
Tlin07106-RA	GO:0009116
Tlin07106-RA	GO:0003824
Tlin07106-RA	GO:0009116
Tlin07106-RA	GO:0003824
Tlin07106-RA	GO:0009116
Tlin07106-RA	GO:0003824
Tlin07106-RA	GO:0006139
Tlin07106-RA	GO:0004731
Tlin00438-RA	GO:0003824
Tlin08900-RA	GO:0042781
Tlin00718-RA	GO:0005515
Tlin02281-RA	GO:0005515
Tlin02281-RA	GO:0005515
Tlin11214-RA	GO:0046983
Tlin11214-RA	GO:0006351
Tlin11214-RA	GO:0005665
Tlin11214-RA	GO:0006366
Tlin11214-RA	GO:0001055
Tlin11214-RA	GO:0046983
Tlin11214-RA	GO:0006351
Tlin11214-RA	GO:0046983
Tlin11214-RA	GO:0006351
Tlin02477-RA	GO:0080019
Tlin11467-RA	GO:0005576
Tlin11467-RA	GO:0005576
Tlin11467-RA	GO:0005615
Tlin11467-RA	GO:0005576
Tlin02033-RA	GO:0005515
Tlin02033-RA	GO:0005515
Tlin02033-RA	GO:0005515
Tlin02033-RA	GO:0005515
Tlin02033-RA	GO:0005515
Tlin02033-RA	GO:0005515
Tlin11967-RA	GO:0006508
Tlin11967-RA	GO:0004252
Tlin04008-RA	GO:0007017
Tlin04008-RA	GO:0005875
Tlin04008-RA	GO:0030286
Tlin04008-RA	GO:0007017
Tlin04008-RA	GO:0030286
Tlin04008-RA	GO:0007017
Tlin04008-RA	GO:0030286
Tlin04008-RA	GO:0007017
Tlin04008-RA	GO:0030286
Tlin04008-RA	GO:0007017
Tlin10070-RA	GO:0090305
Tlin10070-RA	GO:0004521
Tlin04026-RA	GO:0016020
Tlin04026-RA	GO:0016020
Tlin04026-RA	GO:0016020
Tlin00656-RA	GO:0006284
Tlin00656-RA	GO:0003677
Tlin00656-RA	GO:0006284
Tlin00656-RA	GO:0006281
Tlin00656-RA	GO:0003824
Tlin08120-RA	GO:0008047
Tlin08120-RA	GO:0043085
Tlin08120-RA	GO:0000290
Tlin08120-RA	GO:0008047
Tlin08120-RA	GO:0043085
Tlin08120-RA	GO:0000290
Tlin04304-RA	GO:0043565
Tlin04304-RA	GO:0006355
Tlin03208-RA	GO:0005975
Tlin03208-RA	GO:0004553
Tlin03208-RA	GO:0005975
Tlin03208-RA	GO:0030246
Tlin03208-RA	GO:0003824
Tlin04556-RA	GO:0007218
Tlin04556-RA	GO:0007218
Tlin04556-RA	GO:0007218
Tlin04556-RA	GO:0007218
Tlin13852-RA	GO:0016491
Tlin13852-RA	GO:0016491
Tlin13852-RA	GO:0016620
Tlin13852-RA	GO:0016491
Tlin13852-RA	GO:0016491
Tlin12048-RA	GO:0003723
Tlin12048-RA	GO:0003723
Tlin12048-RA	GO:0003723
Tlin10348-RA	GO:0050909
Tlin10348-RA	GO:0016020
Tlin10348-RA	GO:0050909
Tlin10348-RA	GO:0016020
Tlin10348-RA	GO:0050909
Tlin10348-RA	GO:0016020
Tlin00605-RA	GO:0006468
Tlin00605-RA	GO:0004672
Tlin00605-RA	GO:0016020
Tlin00605-RA	GO:0004675
Tlin00605-RA	GO:0005524
Tlin00605-RA	GO:0007178
Tlin00605-RA	GO:0016020
Tlin00605-RA	GO:0004675
Tlin00342-RA	GO:0006508
Tlin00342-RA	GO:0004198
Tlin00342-RA	GO:0006508
Tlin00342-RA	GO:0004198
Tlin12972-RA	GO:0006013
Tlin12972-RA	GO:0004559
Tlin12972-RA	GO:0006013
Tlin12972-RA	GO:0004559
Tlin12972-RA	GO:0006013
Tlin12972-RA	GO:0004559
Tlin12972-RA	GO:0006013
Tlin12972-RA	GO:0004559
Tlin12972-RA	GO:0006013
Tlin12972-RA	GO:0004559
Tlin12972-RA	GO:0005975
Tlin12972-RA	GO:0005975
Tlin12972-RA	GO:0030246
Tlin12972-RA	GO:0003824
Tlin01572-RA	GO:0005515
Tlin01572-RA	GO:0005515
Tlin01572-RA	GO:0005515
Tlin01572-RA	GO:0005515
Tlin01572-RA	GO:0005515
Tlin02110-RA	GO:0006412
Tlin02110-RA	GO:0015934
Tlin02110-RA	GO:0003735
Tlin02110-RA	GO:0005840
Tlin02110-RA	GO:0006412
Tlin02110-RA	GO:0003735
Tlin02110-RA	GO:0005840
Tlin02110-RA	GO:0006412
Tlin02110-RA	GO:0003735
Tlin02110-RA	GO:0005840
Tlin02110-RA	GO:0006412
Tlin02110-RA	GO:0003735
Tlin02110-RA	GO:0005840
Tlin02110-RA	GO:0006412
Tlin02110-RA	GO:0003735
Tlin06485-RA	GO:0006012
Tlin06485-RA	GO:0003978
Tlin06543-RA	GO:0030163
Tlin06543-RA	GO:0008270
Tlin06543-RA	GO:0071596
Tlin06543-RA	GO:0061630
Tlin03456-RA	GO:0016628
Tlin03456-RA	GO:0032440
Tlin03456-RA	GO:0047522
Tlin03456-RA	GO:0005737
Tlin03648-RA	GO:0006355
Tlin03648-RA	GO:0016592
Tlin03648-RA	GO:0003712
Tlin03648-RA	GO:0006355
Tlin03648-RA	GO:0016592
Tlin03648-RA	GO:0003712
Tlin00666-RA	GO:0004659
Tlin00666-RA	GO:0016765
Tlin00666-RA	GO:0016020
Tlin00666-RA	GO:0004659
Tlin04419-RA	GO:0005525
Tlin04419-RA	GO:0003924
Tlin09362-RA	GO:0006508
Tlin09362-RA	GO:0004252
Tlin09362-RA	GO:0006508
Tlin09362-RA	GO:0004252
Tlin09362-RA	GO:0006508
Tlin09362-RA	GO:0004252
Tlin02272-RA	GO:0016298
Tlin02272-RA	GO:0016298
Tlin08589-RA	GO:0005763
Tlin08589-RA	GO:0005763
Tlin04308-RA	GO:0046983
Tlin04308-RA	GO:0046983
Tlin04308-RA	GO:0046983
Tlin14477-RA	GO:0003676
Tlin03373-RA	GO:0005515
Tlin08723-RA	GO:0005515
Tlin08723-RA	GO:0005515
Tlin08723-RA	GO:0005515
Tlin13256-RA	GO:0046983
Tlin08351-RA	GO:0006094
Tlin08351-RA	GO:0017076
Tlin08351-RA	GO:0004611
Tlin08351-RA	GO:0006094
Tlin08351-RA	GO:0017076
Tlin08351-RA	GO:0004611
Tlin08351-RA	GO:0006094
Tlin08351-RA	GO:0004611
Tlin08351-RA	GO:0005525
Tlin08351-RA	GO:0006094
Tlin08351-RA	GO:0004611
Tlin08351-RA	GO:0004613
Tlin08351-RA	GO:0006094
Tlin08351-RA	GO:0004611
Tlin08351-RA	GO:0005525
Tlin08351-RA	GO:0006094
Tlin08351-RA	GO:0004611
Tlin08351-RA	GO:0006094
Tlin08351-RA	GO:0017076
Tlin08351-RA	GO:0004611
Tlin04314-RA	GO:0005515
Tlin04314-RA	GO:0005515
Tlin04314-RA	GO:0005515
Tlin04314-RA	GO:0005515
Tlin07611-RA	GO:0055085
Tlin07611-RA	GO:0055085
Tlin01206-RA	GO:0016705
Tlin01206-RA	GO:0005506
Tlin01206-RA	GO:0005506
Tlin01206-RA	GO:0016705
Tlin01206-RA	GO:0020037
Tlin01206-RA	GO:0004497
Tlin01206-RA	GO:0005506
Tlin01206-RA	GO:0016705
Tlin01206-RA	GO:0020037
Tlin01206-RA	GO:0004497
Tlin01206-RA	GO:0005506
Tlin01206-RA	GO:0016705
Tlin01206-RA	GO:0020037
Tlin01206-RA	GO:0004497
Tlin14751-RA	GO:0043169
Tlin14751-RA	GO:0006470
Tlin14751-RA	GO:0004722
Tlin13955-RA	GO:0043169
Tlin13955-RA	GO:0006470
Tlin13955-RA	GO:0004722
Tlin08200-RA	GO:0007186
Tlin08200-RA	GO:0016020
Tlin08200-RA	GO:0004930
Tlin08200-RA	GO:0007186
Tlin08200-RA	GO:0016020
Tlin08200-RA	GO:0004930
Tlin11089-RA	GO:0016491
Tlin11089-RA	GO:0016491
Tlin11089-RA	GO:0016491
Tlin03818-RA	GO:0005515
Tlin05207-RA	GO:0005515
Tlin05207-RA	GO:0005515
Tlin05207-RA	GO:0005515
Tlin05207-RA	GO:0005515
Tlin05207-RA	GO:0005515
Tlin05207-RA	GO:0005515
Tlin05207-RA	GO:0005515
Tlin05207-RA	GO:0005515
Tlin05207-RA	GO:0005515
Tlin05207-RA	GO:0005515
Tlin05207-RA	GO:0005515
Tlin05207-RA	GO:0005515
Tlin05207-RA	GO:0005515
Tlin05207-RA	GO:0005515
Tlin08550-RA	GO:0006508
Tlin08550-RA	GO:0004252
Tlin08724-RA	GO:0003995
Tlin08724-RA	GO:0003995
Tlin08724-RA	GO:0016627
Tlin08724-RA	GO:0016627
Tlin08724-RA	GO:0016627
Tlin08724-RA	GO:0016627
Tlin08724-RA	GO:0050660
Tlin08724-RA	GO:0016627
Tlin08724-RA	GO:0016627
Tlin08724-RA	GO:0003995
Tlin08724-RA	GO:0050660
Tlin08724-RA	GO:0016627
Tlin03412-RA	GO:0003723
Tlin03412-RA	GO:0003676
Tlin09430-RA	GO:0016020
Tlin09430-RA	GO:0071805
Tlin09430-RA	GO:0005267
Tlin00572-RA	GO:0005509
Tlin00572-RA	GO:0005509
Tlin00572-RA	GO:0005509
Tlin07829-RA	GO:0006817
Tlin07829-RA	GO:0016020
Tlin07829-RA	GO:0005315
Tlin07829-RA	GO:0006817
Tlin07829-RA	GO:0016020
Tlin07829-RA	GO:0005315
Tlin06680-RA	GO:0016020
Tlin06680-RA	GO:0016012
Tlin06680-RA	GO:0016020
Tlin06680-RA	GO:0016012
Tlin06680-RA	GO:0016020
Tlin06680-RA	GO:0016012
Tlin13343-RA	GO:0006811
Tlin13343-RA	GO:0016020
Tlin13343-RA	GO:0055085
Tlin13343-RA	GO:0005216
Tlin13343-RA	GO:0051262
Tlin06930-RA	GO:0016787
Tlin06930-RA	GO:0016787
Tlin06930-RA	GO:0097720
Tlin06930-RA	GO:0033192
Tlin11087-RA	GO:0005975
Tlin11087-RA	GO:0004553
Tlin11087-RA	GO:0005975
Tlin11087-RA	GO:0004553
Tlin11236-RA	GO:0016616
Tlin11236-RA	GO:0016491
Tlin11236-RA	GO:0016616
Tlin11236-RA	GO:0003824
Tlin11236-RA	GO:0016616
Tlin11236-RA	GO:0003824
Tlin14023-RA	GO:0003779
Tlin10144-RA	GO:0005854
Tlin01327-RA	GO:0008270
Tlin01327-RA	GO:0005634
Tlin03879-RA	GO:0005777
Tlin03879-RA	GO:0005777
Tlin11234-RA	GO:0019752
Tlin11234-RA	GO:0030170
Tlin11234-RA	GO:0016830
Tlin11234-RA	GO:0003824
Tlin11234-RA	GO:0016831
Tlin11234-RA	GO:0003824
Tlin09635-RA	GO:0008194
Tlin09635-RA	GO:0008194
Tlin10679-RA	GO:0005737
Tlin10679-RA	GO:0032793
Tlin10679-RA	GO:0005634
Tlin08502-RA	GO:0030015
Tlin08502-RA	GO:0006355
Tlin00947-RA	GO:0005515
Tlin00947-RA	GO:0005515
Tlin00947-RA	GO:0005515
Tlin05279-RA	GO:0005515
Tlin05985-RA	GO:0003723
Tlin05985-RA	GO:0009451
Tlin05985-RA	GO:0009982
Tlin05985-RA	GO:0001522
Tlin05985-RA	GO:0003723
Tlin05985-RA	GO:0009451
Tlin05985-RA	GO:0009982
Tlin05985-RA	GO:0001522
Tlin05985-RA	GO:0003723
Tlin05985-RA	GO:0009451
Tlin05985-RA	GO:0009982
Tlin05985-RA	GO:0001522
Tlin02823-RA	GO:0007165
Tlin10883-RA	GO:0003676
Tlin11103-RA	GO:0016020
Tlin11103-RA	GO:0016020
Tlin11103-RA	GO:0016020
Tlin10750-RA	GO:0016020
Tlin10750-RA	GO:0016020
Tlin10750-RA	GO:0016020
Tlin10750-RA	GO:0016020
Tlin10532-RA	GO:0007018
Tlin10532-RA	GO:0003777
Tlin10532-RA	GO:0005524
Tlin10532-RA	GO:0007018
Tlin10532-RA	GO:0008017
Tlin10532-RA	GO:0003777
Tlin10532-RA	GO:0005524
Tlin10532-RA	GO:0007018
Tlin10532-RA	GO:0003777
Tlin04459-RA	GO:0005515
Tlin04748-RA	GO:0016757
Tlin04748-RA	GO:0005524
Tlin04748-RA	GO:0016459
Tlin04748-RA	GO:0003774
Tlin04748-RA	GO:0005615
Tlin04748-RA	GO:0004867
Tlin10994-RA	GO:0006412
Tlin10994-RA	GO:0015934
Tlin10994-RA	GO:0003735
Tlin09532-RA	GO:0016020
Tlin09532-RA	GO:0005524
Tlin09532-RA	GO:0016887
Tlin09532-RA	GO:0005524
Tlin09532-RA	GO:0016020
Tlin09532-RA	GO:0055085
Tlin09532-RA	GO:0140359
Tlin09532-RA	GO:0005524
Tlin09532-RA	GO:0016020
Tlin09532-RA	GO:0055085
Tlin09532-RA	GO:0140359
Tlin09532-RA	GO:0005524
Tlin09532-RA	GO:0016020
Tlin09532-RA	GO:0005524
Tlin09532-RA	GO:0016020
Tlin09532-RA	GO:0042626
Tlin09532-RA	GO:0055085
Tlin09532-RA	GO:0005524
Tlin09532-RA	GO:0016887
Tlin09532-RA	GO:0005524
Tlin09532-RA	GO:0005524
Tlin09532-RA	GO:0005524
Tlin09532-RA	GO:0016020
Tlin09532-RA	GO:0005524
Tlin09532-RA	GO:0016020
Tlin09532-RA	GO:0005524
Tlin02173-RA	GO:0007165
Tlin02173-RA	GO:0004888
Tlin02173-RA	GO:0006955
Tlin02173-RA	GO:0016020
Tlin02173-RA	GO:0002224
Tlin02173-RA	GO:0005515
Tlin02173-RA	GO:0005515
Tlin02173-RA	GO:0005515
Tlin13616-RA	GO:0008270
Tlin13616-RA	GO:0003676
Tlin13616-RA	GO:0008270
Tlin13616-RA	GO:0003676
Tlin01736-RA	GO:0007264
Tlin01736-RA	GO:0005085
Tlin01736-RA	GO:0007264
Tlin01736-RA	GO:0005085
Tlin01736-RA	GO:0007264
Tlin01736-RA	GO:0005085
Tlin01736-RA	GO:0005085
Tlin01736-RA	GO:0005085
Tlin01736-RA	GO:0007264
Tlin01736-RA	GO:0005085
Tlin01736-RA	GO:0007264
Tlin01736-RA	GO:0005085
Tlin01167-RA	GO:0005509
Tlin01167-RA	GO:0005509
Tlin08751-RA	GO:0006937
Tlin08751-RA	GO:0005861
Tlin08751-RA	GO:0005861
Tlin09817-RA	GO:0017147
Tlin09817-RA	GO:0030178
Tlin09817-RA	GO:0005886
Tlin09083-RA	GO:0016887
Tlin09083-RA	GO:0005524
Tlin09083-RA	GO:0016887
Tlin09083-RA	GO:0005524
Tlin14164-RA	GO:0003755
Tlin14164-RA	GO:0003755
Tlin14164-RA	GO:0006364
Tlin14164-RA	GO:0003677
Tlin03028-RA	GO:0005515
Tlin03028-RA	GO:0005515
Tlin03028-RA	GO:0005515
Tlin03028-RA	GO:0005515
Tlin03028-RA	GO:0005515
Tlin03028-RA	GO:0005515
Tlin06544-RA	GO:0005515
Tlin06544-RA	GO:0005515
Tlin13073-RA	GO:0071203
Tlin13073-RA	GO:0071203
Tlin08832-RA	GO:0055085
Tlin08832-RA	GO:0022857
Tlin09269-RA	GO:0060147
Tlin03785-RA	GO:0005840
Tlin03785-RA	GO:0006412
Tlin03785-RA	GO:0003735
Tlin03785-RA	GO:0005840
Tlin03785-RA	GO:0006412
Tlin03785-RA	GO:0003735
Tlin03291-RA	GO:0051726
Tlin03291-RA	GO:0005634
Tlin03291-RA	GO:0051726
Tlin03291-RA	GO:0005634
Tlin03291-RA	GO:0051726
Tlin03291-RA	GO:0006357
Tlin10225-RA	GO:0006260
Tlin10225-RA	GO:0000811
Tlin10225-RA	GO:0006260
Tlin10225-RA	GO:0000811
Tlin14337-RA	GO:0015074
Tlin14337-RA	GO:0003676
Tlin04169-RA	GO:0050660
Tlin04169-RA	GO:0016491
Tlin04169-RA	GO:0051537
Tlin04169-RA	GO:0051537
Tlin04169-RA	GO:0050660
Tlin04169-RA	GO:0016491
Tlin04169-RA	GO:0016491
Tlin04169-RA	GO:0051537
Tlin13093-RA	GO:0016787
Tlin06397-RA	GO:0016491
Tlin06397-RA	GO:0016491
Tlin06397-RA	GO:0016491
Tlin06397-RA	GO:0016491
Tlin08508-RA	GO:0007186
Tlin08508-RA	GO:0019001
Tlin08508-RA	GO:0031683
Tlin08508-RA	GO:0003924
Tlin10610-RA	GO:0005515
Tlin10610-RA	GO:0005515
Tlin10610-RA	GO:0005515
Tlin10610-RA	GO:0005515
Tlin10610-RA	GO:0005515
Tlin10610-RA	GO:0005515
Tlin10610-RA	GO:0005515
Tlin06120-RA	GO:0015297
Tlin06120-RA	GO:0016020
Tlin06120-RA	GO:0055085
Tlin06120-RA	GO:1902600
Tlin06120-RA	GO:0006812
Tlin09784-RA	GO:0016740
Tlin08643-RA	GO:0008234
Tlin08643-RA	GO:0006508
Tlin06058-RA	GO:0005515
Tlin06786-RA	GO:0005524
Tlin06786-RA	GO:0006468
Tlin06786-RA	GO:0004672
Tlin06786-RA	GO:0006468
Tlin06786-RA	GO:0004672
Tlin06786-RA	GO:0005524
Tlin12375-RA	GO:0006310
Tlin12375-RA	GO:0015074
Tlin12375-RA	GO:0003677
Tlin12375-RA	GO:0006310
Tlin12375-RA	GO:0015074
Tlin12375-RA	GO:0003677
Tlin12375-RA	GO:0003677
Tlin08107-RA	GO:0005515
Tlin08107-RA	GO:0005515
Tlin08107-RA	GO:0000398
Tlin08107-RA	GO:0005515
Tlin08107-RA	GO:0005515
Tlin08107-RA	GO:0006396
Tlin08107-RA	GO:0006396
Tlin13617-RA	GO:0006508
Tlin13617-RA	GO:0004190
Tlin10013-RA	GO:0006355
Tlin10013-RA	GO:0003700
Tlin10013-RA	GO:0006355
Tlin10013-RA	GO:0003677
Tlin10013-RA	GO:0006355
Tlin10013-RA	GO:0003700
Tlin10013-RA	GO:0003700
Tlin10013-RA	GO:0006357
Tlin10013-RA	GO:0003677
Tlin12212-RA	GO:0005515
Tlin12212-RA	GO:0005515
Tlin12212-RA	GO:0005515
Tlin12212-RA	GO:0005515
Tlin12212-RA	GO:0005515
Tlin12212-RA	GO:0005515
Tlin12212-RA	GO:0005515
Tlin12212-RA	GO:0005515
Tlin12212-RA	GO:0005515
Tlin12212-RA	GO:0005515
Tlin12212-RA	GO:0005515
Tlin12212-RA	GO:0005515
Tlin12212-RA	GO:0005515
Tlin12212-RA	GO:0005515
Tlin12212-RA	GO:0005515
Tlin12212-RA	GO:0005515
Tlin12212-RA	GO:0005515
Tlin12212-RA	GO:0005515
Tlin12212-RA	GO:0005515
Tlin12212-RA	GO:0005515
Tlin12212-RA	GO:0005515
Tlin08345-RA	GO:0005509
Tlin08345-RA	GO:0005509
Tlin02135-RA	GO:0016020
Tlin02135-RA	GO:0016020
Tlin03627-RA	GO:0005689
Tlin03627-RA	GO:0000398
Tlin08328-RA	GO:0005515
Tlin08328-RA	GO:0005515
Tlin08328-RA	GO:0005515
Tlin00256-RA	GO:0006081
Tlin00256-RA	GO:0016491
Tlin00256-RA	GO:0016491
Tlin00256-RA	GO:0016491
Tlin01631-RA	GO:0007010
Tlin01631-RA	GO:0003779
Tlin01631-RA	GO:0007010
Tlin01631-RA	GO:0003779
Tlin01631-RA	GO:0015630
Tlin01631-RA	GO:0000226
Tlin00316-RA	GO:0005852
Tlin00316-RA	GO:0006413
Tlin00316-RA	GO:0031369
Tlin00316-RA	GO:0003743
Tlin00316-RA	GO:0008233
Tlin00316-RA	GO:0008237
Tlin00316-RA	GO:0005515
Tlin07322-RA	GO:0043169
Tlin07322-RA	GO:0006470
Tlin07322-RA	GO:0004722
Tlin12018-RA	GO:0022857
Tlin12018-RA	GO:0055085
Tlin12018-RA	GO:0016020
Tlin07126-RA	GO:0070573
Tlin07126-RA	GO:0006508
Tlin07126-RA	GO:0005524
Tlin07126-RA	GO:0070573
Tlin07126-RA	GO:0006508
Tlin07126-RA	GO:0005524
Tlin07126-RA	GO:0006468
Tlin07126-RA	GO:0004672
Tlin07126-RA	GO:0006468
Tlin07126-RA	GO:0004672
Tlin07126-RA	GO:0070573
Tlin07126-RA	GO:0006508
Tlin11577-RA	GO:0003824
Tlin11577-RA	GO:0003824
Tlin14364-RA	GO:0003676
Tlin01704-RA	GO:0000166
Tlin01704-RA	GO:0005388
Tlin01704-RA	GO:0000166
Tlin08199-RA	GO:0022857
Tlin08199-RA	GO:0055085
Tlin08199-RA	GO:0016020
Tlin08199-RA	GO:0022857
Tlin08199-RA	GO:0055085
Tlin08199-RA	GO:0016020
Tlin08199-RA	GO:0051119
Tlin08199-RA	GO:0008643
Tlin07229-RA	GO:0005515
Tlin06350-RA	GO:0008270
Tlin06350-RA	GO:0008237
Tlin06350-RA	GO:0008270
Tlin06350-RA	GO:0008237
Tlin11030-RA	GO:0016311
Tlin11030-RA	GO:0008138
Tlin09773-RA	GO:0016316
Tlin01427-RA	GO:0006355
Tlin01427-RA	GO:0000981
Tlin01427-RA	GO:0003677
Tlin01427-RA	GO:0003677
Tlin12837-RA	GO:0003918
Tlin12837-RA	GO:0005524
Tlin12837-RA	GO:0006265
Tlin12837-RA	GO:0003677
Tlin12837-RA	GO:0003918
Tlin12837-RA	GO:0005524
Tlin12837-RA	GO:0006265
Tlin12837-RA	GO:0003677
Tlin12837-RA	GO:0005524
Tlin12837-RA	GO:0003918
Tlin12837-RA	GO:0003918
Tlin12837-RA	GO:0005524
Tlin12837-RA	GO:0006259
Tlin12837-RA	GO:0006265
Tlin12837-RA	GO:0003677
Tlin12837-RA	GO:0003918
Tlin12837-RA	GO:0005524
Tlin12837-RA	GO:0006265
Tlin12837-RA	GO:0003677
Tlin12837-RA	GO:0003918
Tlin12837-RA	GO:0005524
Tlin12837-RA	GO:0003677
Tlin01934-RA	GO:0006099
Tlin01934-RA	GO:0005524
Tlin01934-RA	GO:0003824
Tlin06616-RA	GO:0003723
Tlin06616-RA	GO:0046872
Tlin06616-RA	GO:0003723
Tlin06616-RA	GO:0003676
Tlin13376-RA	GO:0006457
Tlin13376-RA	GO:0016887
Tlin13376-RA	GO:0051082
Tlin13376-RA	GO:0005524
Tlin13376-RA	GO:0006457
Tlin13376-RA	GO:0016887
Tlin13376-RA	GO:0051082
Tlin13376-RA	GO:0005524
Tlin13376-RA	GO:0006457
Tlin13376-RA	GO:0016887
Tlin13376-RA	GO:0051082
Tlin13376-RA	GO:0005524
Tlin13376-RA	GO:0005524
Tlin13376-RA	GO:0006457
Tlin13376-RA	GO:0016887
Tlin13376-RA	GO:0051082
Tlin13376-RA	GO:0005524
Tlin13376-RA	GO:0140662
Tlin02529-RA	GO:0016491
Tlin07897-RA	GO:0055085
Tlin07897-RA	GO:0022857
Tlin00559-RA	GO:0016226
Tlin00559-RA	GO:0051536
Tlin00559-RA	GO:0005506
Tlin05103-RA	GO:0003677
Tlin05103-RA	GO:0003677
Tlin05580-RA	GO:0005886
Tlin08864-RA	GO:0046982
Tlin08864-RA	GO:0017054
Tlin08864-RA	GO:0140223
Tlin08864-RA	GO:0000122
Tlin08864-RA	GO:0046982
Tlin04845-RA	GO:0008236
Tlin04845-RA	GO:0006508
Tlin02607-RA	GO:0005525
Tlin02607-RA	GO:0003924
Tlin02607-RA	GO:0005525
Tlin02607-RA	GO:0003924
Tlin08492-RA	GO:0140658
Tlin08492-RA	GO:0005524
Tlin08262-RA	GO:0008270
Tlin08262-RA	GO:0003676
Tlin08262-RA	GO:0016020
Tlin08262-RA	GO:1901642
Tlin08262-RA	GO:0005337
Tlin08262-RA	GO:0016020
Tlin08262-RA	GO:1901642
Tlin08262-RA	GO:0005337
Tlin13455-RA	GO:0008299
Tlin13455-RA	GO:0016765
Tlin13455-RA	GO:0008299
Tlin05917-RA	GO:0005515
Tlin05917-RA	GO:0005515
Tlin07281-RA	GO:0006413
Tlin07281-RA	GO:0003743
Tlin07281-RA	GO:0006413
Tlin07281-RA	GO:0003743
Tlin07281-RA	GO:0003743
Tlin07823-RA	GO:0035556
Tlin07823-RA	GO:0009190
Tlin07823-RA	GO:0035556
Tlin07823-RA	GO:0009190
Tlin07823-RA	GO:0035556
Tlin07823-RA	GO:0009190
Tlin07823-RA	GO:0035556
Tlin07823-RA	GO:0009190
Tlin07823-RA	GO:0016849
Tlin07823-RA	GO:0035556
Tlin07823-RA	GO:0009190
Tlin07823-RA	GO:0016849
Tlin07823-RA	GO:0035556
Tlin07823-RA	GO:0009190
Tlin07823-RA	GO:0005886
Tlin07823-RA	GO:0006171
Tlin07823-RA	GO:0004016
Tlin12565-RA	GO:0007179
Tlin12565-RA	GO:0006355
Tlin12565-RA	GO:0005515
Tlin12565-RA	GO:0006355
Tlin12565-RA	GO:0006355
Tlin12565-RA	GO:0007179
Tlin02029-RA	GO:0005615
Tlin02029-RA	GO:0004867
Tlin08711-RA	GO:0000166
Tlin14106-RA	GO:0008270
Tlin14106-RA	GO:0003676
Tlin14106-RA	GO:0008270
Tlin14106-RA	GO:0003676
Tlin09689-RA	GO:0010309
Tlin09689-RA	GO:0010309
Tlin09689-RA	GO:0010309
Tlin04494-RA	GO:0042254
Tlin04494-RA	GO:0042254
Tlin10209-RA	GO:0006629
Tlin04116-RA	GO:0005549
Tlin04116-RA	GO:0007608
Tlin04116-RA	GO:0016020
Tlin04116-RA	GO:0004984
Tlin04116-RA	GO:0005549
Tlin04116-RA	GO:0007608
Tlin04116-RA	GO:0016020
Tlin04116-RA	GO:0004984
Tlin10107-RA	GO:0007275
Tlin10107-RA	GO:0016020
Tlin10107-RA	GO:0007219
Tlin00954-RA	GO:0005524
Tlin00954-RA	GO:0003676
Tlin00954-RA	GO:0003724
Tlin00954-RA	GO:0005524
Tlin00954-RA	GO:0000398
Tlin00954-RA	GO:0008270
Tlin00954-RA	GO:0003676
Tlin07767-RA	GO:0003924
Tlin07767-RA	GO:0005525
Tlin12304-RA	GO:0046983
Tlin14849-RA	GO:0005549
Tlin14849-RA	GO:0005549
Tlin14849-RA	GO:0005549
Tlin06699-RA	GO:0006629
Tlin08058-RA	GO:0006355
Tlin08058-RA	GO:0003677
Tlin08058-RA	GO:0046983
Tlin08058-RA	GO:0046983
Tlin08058-RA	GO:0046983
Tlin08352-RA	GO:0008270
Tlin08352-RA	GO:0006355
Tlin08352-RA	GO:0006355
Tlin08352-RA	GO:0008270
Tlin08352-RA	GO:0043565
Tlin08352-RA	GO:0003700
Tlin01652-RA	GO:0003723
Tlin01652-RA	GO:0003723
Tlin01652-RA	GO:0003676
Tlin01652-RA	GO:0003723
Tlin01652-RA	GO:0003723
Tlin01652-RA	GO:0003723
Tlin01652-RA	GO:0003723
Tlin01652-RA	GO:0003676
Tlin10353-RA	GO:0003723
Tlin10353-RA	GO:0003676
Tlin07083-RA	GO:0016226
Tlin07083-RA	GO:0051536
Tlin07083-RA	GO:0005737
Tlin02206-RA	GO:0004812
Tlin02206-RA	GO:0005524
Tlin02206-RA	GO:0006418
Tlin02206-RA	GO:0000166
Tlin02206-RA	GO:0003676
Tlin00764-RA	GO:0055085
Tlin00764-RA	GO:0016020
Tlin00764-RA	GO:0016020
Tlin11402-RA	GO:0000381
Tlin08052-RA	GO:0008191
Tlin08052-RA	GO:0008191
Tlin12011-RA	GO:0005524
Tlin12011-RA	GO:0003676
Tlin12997-RA	GO:0005524
Tlin12997-RA	GO:0016226
Tlin12997-RA	GO:0051536
Tlin12997-RA	GO:0140663
Tlin12997-RA	GO:0005524
Tlin12997-RA	GO:0016226
Tlin12997-RA	GO:0051536
Tlin12997-RA	GO:0005524
Tlin02331-RA	GO:0016020
Tlin02331-RA	GO:0050912
Tlin02331-RA	GO:0008527
Tlin06901-RA	GO:0019673
Tlin06901-RA	GO:0008446
Tlin10515-RA	GO:0016616
Tlin10515-RA	GO:0051287
Tlin10515-RA	GO:0000287
Tlin10515-RA	GO:0006102
Tlin10515-RA	GO:0004450
Tlin04913-RA	GO:0005515
Tlin04913-RA	GO:0005515
Tlin04913-RA	GO:0005515
Tlin04913-RA	GO:0005515
Tlin04913-RA	GO:0005515
Tlin04913-RA	GO:0005515
Tlin04913-RA	GO:0005515
Tlin04913-RA	GO:0005515
Tlin04913-RA	GO:0005515
Tlin04913-RA	GO:0005515
Tlin04913-RA	GO:0005515
Tlin04913-RA	GO:0005515
Tlin04913-RA	GO:0005515
Tlin04913-RA	GO:0005515
Tlin04913-RA	GO:0005515
Tlin04913-RA	GO:0005515
Tlin04913-RA	GO:0005515
Tlin04913-RA	GO:0005515
Tlin04913-RA	GO:0005515
Tlin02855-RA	GO:0006508
Tlin02855-RA	GO:0004252
Tlin02855-RA	GO:0006508
Tlin02855-RA	GO:0004252
Tlin02855-RA	GO:0006508
Tlin02855-RA	GO:0004252
Tlin14939-RA	GO:0004674
Tlin14939-RA	GO:0030968
Tlin14939-RA	GO:0004521
Tlin14939-RA	GO:0005524
Tlin14939-RA	GO:0006468
Tlin14939-RA	GO:0004672
Tlin07549-RA	GO:0015377
Tlin07549-RA	GO:0016020
Tlin07549-RA	GO:0006811
Tlin07549-RA	GO:0055085
Tlin07549-RA	GO:0016020
Tlin07549-RA	GO:0055085
Tlin07549-RA	GO:0016020
Tlin07549-RA	GO:0016020
Tlin07549-RA	GO:0022857
Tlin07549-RA	GO:0006811
Tlin07549-RA	GO:0016020
Tlin07549-RA	GO:0022857
Tlin07549-RA	GO:0006811
Tlin07549-RA	GO:0016020
Tlin07549-RA	GO:0022857
Tlin07549-RA	GO:0006811
Tlin06755-RA	GO:0032222
Tlin06755-RA	GO:1903818
Tlin06755-RA	GO:0030431
Tlin03632-RA	GO:0005515
Tlin03632-RA	GO:0005515
Tlin02662-RA	GO:0004930
Tlin02662-RA	GO:0006508
Tlin02662-RA	GO:0004252
Tlin02662-RA	GO:0006508
Tlin02662-RA	GO:0004252
Tlin02625-RA	GO:0005515
Tlin02625-RA	GO:0005515
Tlin02625-RA	GO:0005515
Tlin02625-RA	GO:0005515
Tlin02625-RA	GO:0005515
Tlin02625-RA	GO:0005515
Tlin02625-RA	GO:0005515
Tlin02625-RA	GO:0005515
Tlin02625-RA	GO:0005515
Tlin09220-RA	GO:0006396
Tlin09220-RA	GO:0000178
Tlin09220-RA	GO:0003723
Tlin09220-RA	GO:0000178
Tlin04147-RA	GO:0016020
Tlin04147-RA	GO:0008146
Tlin04147-RA	GO:0016020
Tlin04147-RA	GO:0008146
Tlin09376-RA	GO:0005576
Tlin09376-RA	GO:0007275
Tlin09376-RA	GO:0016055
Tlin09376-RA	GO:0005102
Tlin09376-RA	GO:0005576
Tlin09376-RA	GO:0007275
Tlin09376-RA	GO:0016055
Tlin09376-RA	GO:0005102
Tlin13864-RA	GO:0008569
Tlin13864-RA	GO:0030286
Tlin13864-RA	GO:0045505
Tlin13864-RA	GO:0051959
Tlin13864-RA	GO:0007018
Tlin13864-RA	GO:0005524
Tlin03011-RA	GO:0035082
Tlin06852-RA	GO:0004815
Tlin06852-RA	GO:0005524
Tlin06852-RA	GO:0005737
Tlin06852-RA	GO:0006422
Tlin06852-RA	GO:0000166
Tlin06852-RA	GO:0003676
Tlin06852-RA	GO:0004812
Tlin06852-RA	GO:0005524
Tlin06852-RA	GO:0006418
Tlin06852-RA	GO:0000166
Tlin07459-RA	GO:0016791
Tlin07459-RA	GO:0016311
Tlin07459-RA	GO:0016311
Tlin07459-RA	GO:0008138
Tlin05922-RA	GO:0016298
Tlin05922-RA	GO:0016298
Tlin10472-RA	GO:0031966
Tlin05419-RA	GO:0036211
Tlin10193-RA	GO:0005515
Tlin10193-RA	GO:0005515
Tlin10193-RA	GO:0005515
Tlin08668-RA	GO:0005975
Tlin08668-RA	GO:0005991
Tlin08668-RA	GO:0004555
Tlin08668-RA	GO:0005991
Tlin08668-RA	GO:0004555
Tlin08668-RA	GO:0005991
Tlin08668-RA	GO:0004555
Tlin08668-RA	GO:0005991
Tlin08668-RA	GO:0004555
Tlin08668-RA	GO:0005975
Tlin04996-RA	GO:0003676
Tlin04996-RA	GO:0003723
Tlin04996-RA	GO:0003723
Tlin04996-RA	GO:0003723
Tlin04996-RA	GO:0003723
Tlin04996-RA	GO:0003723
Tlin04996-RA	GO:0003723
Tlin04996-RA	GO:0003676
Tlin04996-RA	GO:0003676
Tlin04996-RA	GO:0003676
Tlin04996-RA	GO:0005743
Tlin04996-RA	GO:0140021
Tlin04996-RA	GO:1990544
Tlin04996-RA	GO:0005471
Tlin04996-RA	GO:0003676
Tlin08752-RA	GO:0005861
Tlin08752-RA	GO:0006937
Tlin08752-RA	GO:0005861
Tlin14719-RA	GO:0003676
Tlin08737-RA	GO:0006310
Tlin08737-RA	GO:0009378
Tlin08737-RA	GO:0006281
Tlin08737-RA	GO:0006260
Tlin08737-RA	GO:0003677
Tlin01967-RA	GO:0004674
Tlin01967-RA	GO:0004674
Tlin01967-RA	GO:0004674
Tlin01967-RA	GO:0005524
Tlin01967-RA	GO:0006468
Tlin01967-RA	GO:0004672
Tlin01967-RA	GO:0004674
Tlin01967-RA	GO:0005524
Tlin01967-RA	GO:0006468
Tlin01967-RA	GO:0000287
Tlin01967-RA	GO:0005515
Tlin01967-RA	GO:0006468
Tlin01967-RA	GO:0004672
Tlin01967-RA	GO:0005515
Tlin11665-RA	GO:0016020
Tlin11278-RA	GO:0016747
Tlin06021-RA	GO:0006281
Tlin06015-RA	GO:0007186
Tlin06015-RA	GO:0016020
Tlin06015-RA	GO:0004930
Tlin06248-RA	GO:0005524
Tlin06248-RA	GO:0003676
Tlin05521-RA	GO:0008375
Tlin05521-RA	GO:0006486
Tlin10877-RA	GO:0015643
Tlin02374-RA	GO:0042254
Tlin02374-RA	GO:0005730
Tlin02374-RA	GO:0042254
Tlin02374-RA	GO:0005730
Tlin09583-RA	GO:0005515
Tlin09583-RA	GO:0005515
Tlin09583-RA	GO:0034243
Tlin09583-RA	GO:0003714
Tlin09583-RA	GO:0005515
Tlin09227-RA	GO:0016020
Tlin09227-RA	GO:0015276
Tlin09227-RA	GO:0016020
Tlin09227-RA	GO:0004970
Tlin07201-RA	GO:0006508
Tlin07201-RA	GO:0008270
Tlin07201-RA	GO:0004181
Tlin07201-RA	GO:0006508
Tlin07201-RA	GO:0008270
Tlin07201-RA	GO:0004181
Tlin07201-RA	GO:0006508
Tlin07201-RA	GO:0008270
Tlin07201-RA	GO:0004181
Tlin13663-RA	GO:0003352
Tlin11563-RA	GO:0047617
Tlin00799-RA	GO:0005515
Tlin02238-RA	GO:0008061
Tlin02238-RA	GO:0008061
Tlin02238-RA	GO:0005576
Tlin02238-RA	GO:0008061
Tlin02238-RA	GO:0005576
Tlin02238-RA	GO:0008061
Tlin02238-RA	GO:0005576
Tlin02238-RA	GO:0008061
Tlin02238-RA	GO:0008061
Tlin12620-RA	GO:0003676
Tlin11769-RA	GO:0008061
Tlin11769-RA	GO:0005576
Tlin11769-RA	GO:0008061
Tlin09339-RA	GO:0005515
Tlin09339-RA	GO:0019888
Tlin09339-RA	GO:0000159
Tlin09339-RA	GO:0005515
Tlin09339-RA	GO:0005515
Tlin03560-RA	GO:0006355
Tlin03560-RA	GO:0043565
Tlin03560-RA	GO:0003700
Tlin09607-RA	GO:0020037
Tlin09607-RA	GO:0031053
Tlin09607-RA	GO:0042802
Tlin09607-RA	GO:0070877
Tlin09607-RA	GO:0003723
Tlin04720-RA	GO:0007186
Tlin04720-RA	GO:0016020
Tlin04720-RA	GO:0004930
Tlin04720-RA	GO:0007186
Tlin04720-RA	GO:0016020
Tlin04720-RA	GO:0004930
Tlin10295-RA	GO:0003677
Tlin10295-RA	GO:0003677
Tlin10295-RA	GO:0006355
Tlin10295-RA	GO:0000981
Tlin10295-RA	GO:0003677
Tlin10295-RA	GO:0006355
Tlin10295-RA	GO:0003677
Tlin10295-RA	GO:0006355
Tlin10295-RA	GO:0003677
Tlin10295-RA	GO:0006355
Tlin10295-RA	GO:0003677
Tlin03981-RA	GO:0051537
Tlin03981-RA	GO:0043231
Tlin03981-RA	GO:0051537
Tlin03981-RA	GO:0043231
Tlin09072-RA	GO:0016887
Tlin09072-RA	GO:0005524
Tlin09072-RA	GO:0016887
Tlin09072-RA	GO:0005524
Tlin13039-RA	GO:0016787
Tlin00751-RA	GO:0003682
Tlin07010-RA	GO:0016624
Tlin00708-RA	GO:0003723
Tlin00708-RA	GO:0003723
Tlin00708-RA	GO:0003723
Tlin00708-RA	GO:0003723
Tlin00708-RA	GO:0003723
Tlin00708-RA	GO:0003723
Tlin01526-RA	GO:0006355
Tlin01526-RA	GO:0043565
Tlin01526-RA	GO:0003700
Tlin01526-RA	GO:0006355
Tlin01526-RA	GO:0043565
Tlin01526-RA	GO:0003700
Tlin01526-RA	GO:0006355
Tlin01526-RA	GO:0043565
Tlin01526-RA	GO:0003700
Tlin01526-RA	GO:0043565
Tlin01526-RA	GO:0006355
Tlin04772-RA	GO:0005515
Tlin05585-RA	GO:0006123
Tlin05585-RA	GO:0005751
Tlin05585-RA	GO:0006123
Tlin05585-RA	GO:0005751
Tlin05585-RA	GO:0006123
Tlin05585-RA	GO:0005751
Tlin05731-RA	GO:0016887
Tlin05731-RA	GO:0005524
Tlin05731-RA	GO:0016887
Tlin05731-RA	GO:0005524
Tlin00383-RA	GO:0007186
Tlin00383-RA	GO:0016020
Tlin00383-RA	GO:0004930
Tlin00383-RA	GO:0007186
Tlin00383-RA	GO:0016020
Tlin00383-RA	GO:0004930
Tlin04075-RA	GO:0003677
Tlin04075-RA	GO:0006355
Tlin04075-RA	GO:0000981
Tlin04075-RA	GO:0003677
Tlin04075-RA	GO:0003677
Tlin04075-RA	GO:0003677
Tlin04075-RA	GO:0003677
Tlin04075-RA	GO:0003677
Tlin04075-RA	GO:0003677
Tlin04075-RA	GO:0003677
Tlin04075-RA	GO:0003677
Tlin04075-RA	GO:0003677
Tlin04075-RA	GO:0003677
Tlin14390-RA	GO:0003676
Tlin07879-RA	GO:0005515
Tlin07879-RA	GO:0005515
Tlin07879-RA	GO:0005515
Tlin07879-RA	GO:0005515
Tlin07879-RA	GO:0005515
Tlin07879-RA	GO:0005856
Tlin07879-RA	GO:0005856
Tlin07879-RA	GO:0005524
Tlin07879-RA	GO:0016459
Tlin07879-RA	GO:0003774
Tlin08761-RA	GO:0005525
Tlin08761-RA	GO:0003924
Tlin09581-RA	GO:0005525
Tlin09581-RA	GO:0005525
Tlin09581-RA	GO:0005525
Tlin09581-RA	GO:0005525
Tlin09581-RA	GO:0003924
Tlin00315-RA	GO:0004809
Tlin00315-RA	GO:0008033
Tlin00315-RA	GO:0003723
Tlin00315-RA	GO:0004809
Tlin00315-RA	GO:0008033
Tlin00315-RA	GO:0003723
Tlin00386-RA	GO:0003723
Tlin00386-RA	GO:0003723
Tlin00386-RA	GO:0008270
Tlin00386-RA	GO:0003676
Tlin00386-RA	GO:0003676
Tlin00386-RA	GO:0003676
Tlin08336-RA	GO:0006355
Tlin08336-RA	GO:0003700
Tlin08336-RA	GO:0006355
Tlin08336-RA	GO:0003700
Tlin08336-RA	GO:0006351
Tlin08336-RA	GO:0003700
Tlin14235-RA	GO:0006303
Tlin14235-RA	GO:0003677
Tlin01402-RA	GO:0022857
Tlin01402-RA	GO:0055085
Tlin01402-RA	GO:0016020
Tlin06301-RA	GO:0005524
Tlin06301-RA	GO:0140359
Tlin06301-RA	GO:0140359
Tlin06301-RA	GO:0016020
Tlin06975-RA	GO:0016772
Tlin06975-RA	GO:0016301
Tlin06975-RA	GO:0016772
Tlin06975-RA	GO:0016301
Tlin06975-RA	GO:0016772
Tlin06975-RA	GO:0016301
Tlin06975-RA	GO:0016772
Tlin06975-RA	GO:0016301
Tlin06975-RA	GO:0003824
Tlin06975-RA	GO:0016772
Tlin06975-RA	GO:0016301
Tlin06975-RA	GO:0046314
Tlin06975-RA	GO:0004111
Tlin05693-RA	GO:0007034
Tlin05693-RA	GO:0007034
Tlin05639-RA	GO:0004812
Tlin05639-RA	GO:0005524
Tlin05639-RA	GO:0006418
Tlin05639-RA	GO:0000166
Tlin05639-RA	GO:0005524
Tlin05639-RA	GO:0006420
Tlin05639-RA	GO:0004814
Tlin02268-RA	GO:0006355
Tlin02268-RA	GO:0003700
Tlin02268-RA	GO:0006355
Tlin02268-RA	GO:0003700
Tlin12526-RA	GO:0016020
Tlin12526-RA	GO:0016020
Tlin05151-RA	GO:0006355
Tlin05151-RA	GO:0000981
Tlin05151-RA	GO:0003677
Tlin05151-RA	GO:0003677
Tlin13571-RA	GO:0000077
Tlin13571-RA	GO:0000077
Tlin10524-RA	GO:0032588
Tlin10524-RA	GO:0046907
Tlin10524-RA	GO:0030276
Tlin01536-RA	GO:0016020
Tlin01536-RA	GO:0008201
Tlin01536-RA	GO:0046914
Tlin01536-RA	GO:0008201
Tlin01536-RA	GO:0046914
Tlin01536-RA	GO:0008201
Tlin01536-RA	GO:0046914
Tlin11171-RA	GO:0008124
Tlin11171-RA	GO:0006729
Tlin11171-RA	GO:0008124
Tlin11171-RA	GO:0006729
Tlin11171-RA	GO:0008124
Tlin11171-RA	GO:0006729
Tlin11171-RA	GO:0008124
Tlin11171-RA	GO:0006729
Tlin03282-RA	GO:0006508
Tlin03282-RA	GO:0004252
Tlin03282-RA	GO:0006508
Tlin03282-RA	GO:0004252
Tlin03282-RA	GO:0006508
Tlin03282-RA	GO:0004252
Tlin07152-RA	GO:0005515
Tlin07152-RA	GO:0016020
Tlin07152-RA	GO:0007166
Tlin07152-RA	GO:0005515
Tlin07152-RA	GO:0005515
Tlin11154-RA	GO:0016787
Tlin11154-RA	GO:0003824
Tlin11154-RA	GO:0016787
Tlin10146-RA	GO:0035556
Tlin00295-RA	GO:0005515
Tlin00295-RA	GO:0005524
Tlin00295-RA	GO:0007018
Tlin00295-RA	GO:0003777
Tlin00295-RA	GO:0005515
Tlin00295-RA	GO:0005524
Tlin00295-RA	GO:0007018
Tlin00295-RA	GO:0008017
Tlin00295-RA	GO:0003777
Tlin03281-RA	GO:0006508
Tlin03281-RA	GO:0004252
Tlin03281-RA	GO:0006508
Tlin03281-RA	GO:0004252
Tlin10900-RA	GO:0004674
Tlin10900-RA	GO:0006468
Tlin10900-RA	GO:0004672
Tlin10900-RA	GO:0005524
Tlin10900-RA	GO:0005524
Tlin10900-RA	GO:0006468
Tlin10900-RA	GO:0004672
Tlin00385-RA	GO:0005840
Tlin00385-RA	GO:0006412
Tlin00385-RA	GO:0003735
Tlin00385-RA	GO:0005840
Tlin00385-RA	GO:0006412
Tlin00385-RA	GO:0003735
Tlin06168-RA	GO:0005576
Tlin06549-RA	GO:0005515
Tlin06549-RA	GO:0005515
Tlin06549-RA	GO:0005515
Tlin06549-RA	GO:0005515
Tlin06549-RA	GO:0005515
Tlin06549-RA	GO:0005515
Tlin06549-RA	GO:0005515
Tlin06549-RA	GO:0005515
Tlin03950-RA	GO:0022857
Tlin03950-RA	GO:0055085
Tlin03950-RA	GO:0016020
Tlin03950-RA	GO:0022857
Tlin03950-RA	GO:0055085
Tlin03950-RA	GO:0016020
Tlin08100-RA	GO:0005515
Tlin08100-RA	GO:0005515
Tlin08100-RA	GO:0005515
Tlin08100-RA	GO:0005515
Tlin08100-RA	GO:0005515
Tlin08100-RA	GO:0005515
Tlin08100-RA	GO:0005515
Tlin08100-RA	GO:0005515
Tlin08100-RA	GO:0005515
Tlin11003-RA	GO:0016020
Tlin11003-RA	GO:0016020
Tlin11003-RA	GO:0016020
Tlin08940-RA	GO:0008270
Tlin04735-RA	GO:0000398
Tlin04735-RA	GO:0005685
Tlin04735-RA	GO:0000387
Tlin04735-RA	GO:0008270
Tlin11662-RA	GO:0005509
Tlin11662-RA	GO:0005509
Tlin00340-RA	GO:0016887
Tlin00340-RA	GO:0005524
Tlin00340-RA	GO:0016887
Tlin00340-RA	GO:0005524
Tlin02951-RA	GO:0005515
Tlin02951-RA	GO:0005515
Tlin02951-RA	GO:0005515
Tlin02951-RA	GO:0005515
Tlin00627-RA	GO:0007186
Tlin00627-RA	GO:0016020
Tlin00627-RA	GO:0004930
Tlin08696-RA	GO:0005524
Tlin08696-RA	GO:0006468
Tlin08696-RA	GO:0004672
Tlin08696-RA	GO:0005524
Tlin08696-RA	GO:0006468
Tlin08696-RA	GO:0004672
Tlin06061-RA	GO:0016757
Tlin06061-RA	GO:0006486
Tlin06061-RA	GO:0016757
Tlin06061-RA	GO:0016020
Tlin07641-RA	GO:0045892
Tlin07641-RA	GO:0005634
Tlin07641-RA	GO:0005634
Tlin07641-RA	GO:0006355
Tlin07641-RA	GO:0003712
Tlin07641-RA	GO:0005634
Tlin07641-RA	GO:0006355
Tlin07641-RA	GO:0003712
Tlin08640-RA	GO:0003723
Tlin08640-RA	GO:0005840
Tlin08640-RA	GO:0006412
Tlin08640-RA	GO:0003735
Tlin08640-RA	GO:0003723
Tlin02282-RA	GO:0051119
Tlin02282-RA	GO:0008643
Tlin02282-RA	GO:0022857
Tlin02282-RA	GO:0055085
Tlin02282-RA	GO:0016020
Tlin02282-RA	GO:0022857
Tlin02282-RA	GO:0055085
Tlin02282-RA	GO:0016020
Tlin02282-RA	GO:0022857
Tlin02282-RA	GO:0055085
Tlin02282-RA	GO:0016020
Tlin02282-RA	GO:0022857
Tlin02282-RA	GO:0055085
Tlin02282-RA	GO:0016020
Tlin10850-RA	GO:0140647
Tlin10850-RA	GO:0051537
Tlin10850-RA	GO:0051536
Tlin10850-RA	GO:0051536
Tlin10850-RA	GO:0140647
Tlin10850-RA	GO:0051537
Tlin10850-RA	GO:0051536
Tlin01941-RA	GO:0006813
Tlin01941-RA	GO:0015269
Tlin01941-RA	GO:0016020
Tlin01941-RA	GO:0005516
Tlin01941-RA	GO:0016020
Tlin01941-RA	GO:0016286
Tlin01941-RA	GO:0006813
Tlin01941-RA	GO:0016020
Tlin01941-RA	GO:0016286
Tlin01941-RA	GO:0006813
Tlin01941-RA	GO:0006813
Tlin01941-RA	GO:0015269
Tlin01941-RA	GO:0016020
Tlin01941-RA	GO:0005516
Tlin02276-RA	GO:0046982
Tlin02276-RA	GO:0046982
Tlin02276-RA	GO:0005669
Tlin02276-RA	GO:0006367
Tlin02276-RA	GO:0016251
Tlin02276-RA	GO:0046695
Tlin02276-RA	GO:0000124
Tlin01426-RA	GO:0005515
Tlin01426-RA	GO:0030891
Tlin01426-RA	GO:0070449
Tlin01426-RA	GO:0006368
Tlin06233-RA	GO:0005737
Tlin06664-RA	GO:0003677
Tlin06664-RA	GO:0006355
Tlin06664-RA	GO:0003677
Tlin01462-RA	GO:0008235
Tlin01462-RA	GO:0006508
Tlin09881-RA	GO:0006468
Tlin09881-RA	GO:0004672
Tlin09881-RA	GO:0005524
Tlin09881-RA	GO:0005524
Tlin09881-RA	GO:0006468
Tlin09881-RA	GO:0004672
Tlin04226-RA	GO:0008168
Tlin04226-RA	GO:0017183
Tlin04226-RA	GO:0004164
Tlin04226-RA	GO:0008168
Tlin04226-RA	GO:0008168
Tlin04226-RA	GO:0017183
Tlin04226-RA	GO:0004164
Tlin04226-RA	GO:0008168
Tlin01832-RA	GO:0097027
Tlin01832-RA	GO:1904668
Tlin01832-RA	GO:0010997
Tlin01832-RA	GO:0005515
Tlin05322-RA	GO:0005515
Tlin05322-RA	GO:0005515
Tlin04254-RA	GO:0016614
Tlin04254-RA	GO:0050660
Tlin04254-RA	GO:0050660
Tlin04254-RA	GO:0016614
Tlin04254-RA	GO:0050660
Tlin04254-RA	GO:0016614
Tlin04254-RA	GO:0050660
Tlin04254-RA	GO:0016614
Tlin03644-RA	GO:0019867
Tlin05278-RA	GO:0046982
Tlin05278-RA	GO:0046982
Tlin11008-RA	GO:0005515
Tlin11008-RA	GO:0005515
Tlin11008-RA	GO:0005515
Tlin09677-RA	GO:0006508
Tlin09677-RA	GO:0004190
Tlin09677-RA	GO:0006508
Tlin09677-RA	GO:0004190
Tlin09677-RA	GO:0006508
Tlin09677-RA	GO:0004190
Tlin00935-RA	GO:0055085
Tlin00935-RA	GO:0022857
Tlin10305-RA	GO:0016887
Tlin10305-RA	GO:0005524
Tlin10305-RA	GO:0016887
Tlin10305-RA	GO:0005524
Tlin03641-RA	GO:0005515
Tlin03641-RA	GO:0005515
Tlin03641-RA	GO:0005515
Tlin11395-RA	GO:0032007
Tlin11395-RA	GO:0032007
Tlin01003-RA	GO:0005524
Tlin01003-RA	GO:0006468
Tlin01003-RA	GO:0004672
Tlin01003-RA	GO:0006468
Tlin01003-RA	GO:0004672
Tlin01003-RA	GO:0005524
Tlin06731-RA	GO:0016810
Tlin06731-RA	GO:0016810
Tlin06731-RA	GO:0016787
Tlin06731-RA	GO:0008448
Tlin06731-RA	GO:0006044
Tlin06900-RA	GO:0019673
Tlin06900-RA	GO:0008446
Tlin14060-RA	GO:0071203
Tlin14060-RA	GO:0071203
Tlin07047-RA	GO:0018216
Tlin07047-RA	GO:0016274
Tlin12379-RA	GO:0009253
Tlin12379-RA	GO:0008745
Tlin12379-RA	GO:0009253
Tlin12379-RA	GO:0008745
Tlin12379-RA	GO:0009253
Tlin12379-RA	GO:0008745
Tlin12379-RA	GO:0009253
Tlin12379-RA	GO:0008745
Tlin12379-RA	GO:0009253
Tlin12379-RA	GO:0008745
Tlin12379-RA	GO:0009253
Tlin12379-RA	GO:0008745
Tlin12379-RA	GO:0009253
Tlin12379-RA	GO:0008745
Tlin08226-RA	GO:0005515
Tlin08226-RA	GO:0005515
Tlin06405-RA	GO:0005515
Tlin06405-RA	GO:0005515
Tlin06405-RA	GO:0031931
Tlin06405-RA	GO:0031929
Tlin06405-RA	GO:0005515
Tlin10757-RA	GO:0005885
Tlin10757-RA	GO:0030833
Tlin10757-RA	GO:0034314
Tlin10757-RA	GO:0005856
Tlin10757-RA	GO:0005885
Tlin10757-RA	GO:0034314
Tlin10757-RA	GO:0005856
Tlin10757-RA	GO:0005885
Tlin10757-RA	GO:0034314
Tlin10757-RA	GO:0005856
Tlin10757-RA	GO:0005885
Tlin10757-RA	GO:0030833
Tlin10757-RA	GO:0034314
Tlin10757-RA	GO:0005856
Tlin06822-RA	GO:0006355
Tlin06822-RA	GO:0000981
Tlin06822-RA	GO:0006355
Tlin06822-RA	GO:0003677
Tlin06822-RA	GO:0006355
Tlin06822-RA	GO:0003677
Tlin06822-RA	GO:0003677
Tlin06822-RA	GO:0003677
Tlin10407-RA	GO:0019752
Tlin10407-RA	GO:0030170
Tlin10407-RA	GO:0016830
Tlin10407-RA	GO:0003824
Tlin14975-RA	GO:0003676
Tlin13440-RA	GO:0001401
Tlin02248-RA	GO:0008270
Tlin02248-RA	GO:0004089
Tlin14885-RA	GO:0003352
Tlin06571-RA	GO:0045277
Tlin06571-RA	GO:0005739
Tlin06571-RA	GO:0045277
Tlin06571-RA	GO:0005739
Tlin06571-RA	GO:0008535
Tlin06571-RA	GO:0005739
Tlin09687-RA	GO:0005515
Tlin09687-RA	GO:0005515
Tlin09687-RA	GO:0005515
Tlin07825-RA	GO:0008061
Tlin07825-RA	GO:0008061
Tlin07825-RA	GO:0008061
Tlin07825-RA	GO:0005576
Tlin07825-RA	GO:0008061
Tlin07825-RA	GO:0005576
Tlin07825-RA	GO:0008061
Tlin07825-RA	GO:0005576
Tlin07825-RA	GO:0008061
Tlin03169-RA	GO:0071203
Tlin03169-RA	GO:0071203
Tlin11300-RA	GO:0005515
Tlin11300-RA	GO:0005515
Tlin11300-RA	GO:0005515
Tlin11300-RA	GO:0005515
Tlin11300-RA	GO:0005515
Tlin11300-RA	GO:0005515
Tlin11300-RA	GO:0005515
Tlin11300-RA	GO:0005515
Tlin11300-RA	GO:0005515
Tlin11300-RA	GO:0005515
Tlin11300-RA	GO:0005515
Tlin03328-RA	GO:0016020
Tlin03328-RA	GO:0015276
Tlin01164-RA	GO:0003676
Tlin01164-RA	GO:0003723
Tlin01164-RA	GO:0003723
Tlin05921-RA	GO:0005525
Tlin05921-RA	GO:0003924
Tlin05921-RA	GO:0003924
Tlin02006-RA	GO:1990504
Tlin02006-RA	GO:0016079
Tlin03419-RA	GO:0030544
Tlin03419-RA	GO:0043022
Tlin03419-RA	GO:0051083
Tlin03419-RA	GO:0006450
Tlin01569-RA	GO:0005515
Tlin01569-RA	GO:0005515
Tlin01569-RA	GO:0005515
Tlin01569-RA	GO:0005515
Tlin01569-RA	GO:0005509
Tlin01569-RA	GO:0051017
Tlin01569-RA	GO:0051015
Tlin03381-RA	GO:0032040
Tlin07110-RA	GO:0006468
Tlin07110-RA	GO:0004672
Tlin07110-RA	GO:0005524
Tlin07110-RA	GO:0006468
Tlin07110-RA	GO:0004672
Tlin07110-RA	GO:0005524
Tlin07407-RA	GO:0008270
Tlin07407-RA	GO:0006397
Tlin07407-RA	GO:0000245
Tlin07407-RA	GO:0016579
Tlin07407-RA	GO:0004843
Tlin06089-RA	GO:0006886
Tlin06089-RA	GO:0016192
Tlin06089-RA	GO:0030117
Tlin06089-RA	GO:0005198
Tlin06089-RA	GO:0005515
Tlin06089-RA	GO:0005515
Tlin06089-RA	GO:0005515
Tlin06089-RA	GO:0005515
Tlin06089-RA	GO:0005515
Tlin11976-RA	GO:0006468
Tlin11976-RA	GO:0004672
Tlin11976-RA	GO:0005524
Tlin11976-RA	GO:0006468
Tlin11976-RA	GO:0004672
Tlin04397-RA	GO:0022857
Tlin04397-RA	GO:0055085
Tlin04397-RA	GO:0016020
Tlin14935-RA	GO:0007165
Tlin00907-RA	GO:0006606
Tlin00907-RA	GO:0005515
Tlin00907-RA	GO:0005515
Tlin00907-RA	GO:0005515
Tlin00907-RA	GO:0005515
Tlin00907-RA	GO:0005515
Tlin00907-RA	GO:0005515
Tlin00907-RA	GO:0005515
Tlin00907-RA	GO:0005515
Tlin00907-RA	GO:0061608
Tlin00907-RA	GO:0006606
Tlin00907-RA	GO:0003723
Tlin00907-RA	GO:0003676
Tlin11020-RA	GO:0005515
Tlin07609-RA	GO:0003676
Tlin07609-RA	GO:0003723
Tlin07492-RA	GO:0055085
Tlin07492-RA	GO:0016020
Tlin07492-RA	GO:0005515
Tlin07492-RA	GO:0055085
Tlin07492-RA	GO:0016020
Tlin07492-RA	GO:0005515
Tlin05040-RA	GO:0003755
Tlin05040-RA	GO:0005515
Tlin05040-RA	GO:0003755
Tlin05040-RA	GO:0005515
Tlin09485-RA	GO:0005634
Tlin09485-RA	GO:0006357
Tlin09485-RA	GO:0000977
Tlin09887-RA	GO:0006616
Tlin09887-RA	GO:0016020
Tlin01195-RA	GO:1990423
Tlin01195-RA	GO:0007093
Tlin01195-RA	GO:1990423
Tlin01195-RA	GO:0007093
Tlin07460-RA	GO:0016409
Tlin04283-RA	GO:0006355
Tlin04283-RA	GO:0003677
Tlin04283-RA	GO:0003677
Tlin04283-RA	GO:0003677
Tlin04283-RA	GO:0006355
Tlin04283-RA	GO:0003677
Tlin04283-RA	GO:0006355
Tlin04283-RA	GO:0000981
Tlin04283-RA	GO:0003677
Tlin04283-RA	GO:0006355
Tlin04283-RA	GO:0003677
Tlin11567-RA	GO:0007165
Tlin11567-RA	GO:0004114
Tlin11567-RA	GO:0008081
Tlin11567-RA	GO:0007165
Tlin11567-RA	GO:0004114
Tlin11567-RA	GO:0005515
Tlin11567-RA	GO:0005515
Tlin03809-RA	GO:0061630
Tlin03809-RA	GO:0072572
Tlin03809-RA	GO:0016055
Tlin09783-RA	GO:0016020
Tlin09783-RA	GO:0016020
Tlin08252-RA	GO:0003677
Tlin08252-RA	GO:0003677
Tlin08252-RA	GO:0006355
Tlin08252-RA	GO:0000981
Tlin05803-RA	GO:0046872
Tlin05803-RA	GO:0004462
Tlin02482-RA	GO:0020037
Tlin02482-RA	GO:0004096
Tlin02482-RA	GO:0020037
Tlin02482-RA	GO:0004096
Tlin02482-RA	GO:0020037
Tlin02482-RA	GO:0006979
Tlin02482-RA	GO:0020037
Tlin02482-RA	GO:0004096
Tlin11942-RA	GO:0035303
Tlin05223-RA	GO:0005524
Tlin05223-RA	GO:0007018
Tlin05223-RA	GO:0008017
Tlin05223-RA	GO:0003777
Tlin05223-RA	GO:0007018
Tlin05223-RA	GO:0003777
Tlin05223-RA	GO:0005524
Tlin05223-RA	GO:0007018
Tlin05223-RA	GO:0003777
Tlin13469-RA	GO:0016020
Tlin13469-RA	GO:0016020
Tlin13469-RA	GO:0016020
Tlin13469-RA	GO:0016020
Tlin01155-RA	GO:0006508
Tlin01155-RA	GO:0004252
Tlin04763-RA	GO:0016020
Tlin04763-RA	GO:0016020
Tlin00083-RA	GO:0008081
Tlin00083-RA	GO:0006629
Tlin00083-RA	GO:0008081
Tlin00083-RA	GO:0006629
Tlin02642-RA	GO:0007264
Tlin02642-RA	GO:0005525
Tlin02642-RA	GO:0005525
Tlin02642-RA	GO:0003924
Tlin01034-RA	GO:0003824
Tlin01034-RA	GO:0003824
Tlin05721-RA	GO:0051287
Tlin05721-RA	GO:0050661
Tlin05721-RA	GO:0016491
Tlin14897-RA	GO:0043565
Tlin04017-RA	GO:0005515
Tlin09705-RA	GO:0006355
Tlin09705-RA	GO:0003700
Tlin09705-RA	GO:0006355
Tlin09705-RA	GO:0003700
Tlin09705-RA	GO:0006355
Tlin09705-RA	GO:0003700
Tlin04070-RA	GO:0000056
Tlin04070-RA	GO:0006913
Tlin04070-RA	GO:0017056
Tlin04070-RA	GO:0000055
Tlin11729-RA	GO:0016020
Tlin11729-RA	GO:0016020
Tlin11729-RA	GO:0016020
Tlin11729-RA	GO:0016020
Tlin08768-RA	GO:0006887
Tlin08768-RA	GO:0000145
Tlin00710-RA	GO:0008270
Tlin00710-RA	GO:0003676
Tlin04088-RA	GO:0005840
Tlin04088-RA	GO:0006412
Tlin04088-RA	GO:0003735
Tlin04088-RA	GO:0005840
Tlin04088-RA	GO:0006412
Tlin04088-RA	GO:0003735
Tlin07349-RA	GO:0016020
Tlin07349-RA	GO:1901642
Tlin07349-RA	GO:0005337
Tlin07349-RA	GO:0016020
Tlin07349-RA	GO:1901642
Tlin07349-RA	GO:0005337
Tlin04181-RA	GO:0003723
Tlin12363-RA	GO:0016409
Tlin10413-RA	GO:0006352
Tlin07396-RA	GO:0005840
Tlin07396-RA	GO:0006412
Tlin07396-RA	GO:0003735
Tlin07396-RA	GO:0005840
Tlin07396-RA	GO:0006412
Tlin07396-RA	GO:0003735
Tlin05370-RA	GO:0106035
Tlin09211-RA	GO:0016668
Tlin09211-RA	GO:0050660
Tlin09211-RA	GO:0045454
Tlin09211-RA	GO:0050660
Tlin09211-RA	GO:0016491
Tlin09211-RA	GO:0050660
Tlin09211-RA	GO:0016491
Tlin09211-RA	GO:0016491
Tlin07663-RA	GO:0008270
Tlin07663-RA	GO:0008237
Tlin08309-RA	GO:0007186
Tlin08309-RA	GO:0016020
Tlin08309-RA	GO:0035240
Tlin08309-RA	GO:0072544
Tlin08309-RA	GO:0072545
Tlin08309-RA	GO:0004930
Tlin08309-RA	GO:0007186
Tlin08309-RA	GO:0016020
Tlin08309-RA	GO:0035240
Tlin08309-RA	GO:0072544
Tlin08309-RA	GO:0072545
Tlin08309-RA	GO:0004930
Tlin11436-RA	GO:0008569
Tlin11436-RA	GO:0030286
Tlin11436-RA	GO:0045505
Tlin11436-RA	GO:0051959
Tlin11436-RA	GO:0007018
Tlin11436-RA	GO:0008569
Tlin11436-RA	GO:0030286
Tlin11436-RA	GO:0007018
Tlin11436-RA	GO:0005524
Tlin11929-RA	GO:0005506
Tlin11929-RA	GO:0016705
Tlin11929-RA	GO:0020037
Tlin11929-RA	GO:0004497
Tlin11929-RA	GO:0005506
Tlin11929-RA	GO:0016705
Tlin11929-RA	GO:0020037
Tlin11929-RA	GO:0004497
Tlin11929-RA	GO:0005506
Tlin11929-RA	GO:0016705
Tlin11929-RA	GO:0020037
Tlin11929-RA	GO:0004497
Tlin11929-RA	GO:0005506
Tlin11929-RA	GO:0016705
Tlin11929-RA	GO:0020037
Tlin11929-RA	GO:0004497
Tlin12568-RA	GO:0007015
Tlin12568-RA	GO:0003785
Tlin12568-RA	GO:0007015
Tlin12568-RA	GO:0003785
Tlin12568-RA	GO:0007015
Tlin12568-RA	GO:0003785
Tlin12568-RA	GO:0007015
Tlin12568-RA	GO:0003785
Tlin12541-RA	GO:0003677
Tlin12541-RA	GO:0003677
Tlin12541-RA	GO:0006355
Tlin12541-RA	GO:0000981
Tlin01988-RA	GO:0005515
Tlin03389-RA	GO:0004842
Tlin03389-RA	GO:0061630
Tlin03389-RA	GO:0006511
Tlin03389-RA	GO:0004842
Tlin03389-RA	GO:0004842
Tlin05500-RA	GO:0016857
Tlin05500-RA	GO:0005975
Tlin05500-RA	GO:0016857
Tlin05500-RA	GO:0005975
Tlin05500-RA	GO:0016857
Tlin05500-RA	GO:0005975
Tlin05500-RA	GO:0016857
Tlin05500-RA	GO:0005975
Tlin05500-RA	GO:0016857
Tlin05500-RA	GO:0005975
Tlin11310-RA	GO:0000775
Tlin11310-RA	GO:0005634
Tlin11310-RA	GO:0000278
Tlin08347-RA	GO:0017119
Tlin08347-RA	GO:0006891
Tlin01142-RA	GO:0003824
Tlin01142-RA	GO:0003824
Tlin01142-RA	GO:0007165
Tlin01142-RA	GO:0030170
Tlin01142-RA	GO:0009058
Tlin00494-RA	GO:0005975
Tlin05439-RA	GO:0046983
Tlin05439-RA	GO:0046983
Tlin05439-RA	GO:0046983
Tlin03590-RA	GO:0018160
Tlin03590-RA	GO:0033014
Tlin03590-RA	GO:0004418
Tlin03590-RA	GO:0033014
Tlin03590-RA	GO:0004418
Tlin03590-RA	GO:0033014
Tlin03590-RA	GO:0004418
Tlin03590-RA	GO:0033014
Tlin03590-RA	GO:0004418
Tlin03590-RA	GO:0033014
Tlin03590-RA	GO:0004418
Tlin03590-RA	GO:0033014
Tlin03590-RA	GO:0004418
Tlin01191-RA	GO:0007018
Tlin01191-RA	GO:0003777
Tlin01191-RA	GO:0005524
Tlin01191-RA	GO:0007018
Tlin01191-RA	GO:0008017
Tlin01191-RA	GO:0003777
Tlin01191-RA	GO:0005524
Tlin01191-RA	GO:0007018
Tlin01191-RA	GO:0003777
Tlin09892-RA	GO:0031267
Tlin00892-RA	GO:0005886
Tlin05282-RA	GO:0005525
Tlin05282-RA	GO:0003924
Tlin06706-RA	GO:0008234
Tlin06706-RA	GO:0006508
Tlin06706-RA	GO:0008234
Tlin06706-RA	GO:0006508
Tlin06706-RA	GO:0008234
Tlin06706-RA	GO:0006508
Tlin06706-RA	GO:0008234
Tlin10468-RA	GO:0018342
Tlin10468-RA	GO:0008318
Tlin10468-RA	GO:0018342
Tlin10468-RA	GO:0008318
Tlin10468-RA	GO:0018342
Tlin10468-RA	GO:0008318
Tlin10468-RA	GO:0018342
Tlin10468-RA	GO:0008318
Tlin10468-RA	GO:0018342
Tlin10468-RA	GO:0008318
Tlin14529-RA	GO:0006508
Tlin14529-RA	GO:0004198
Tlin05456-RA	GO:0016763
Tlin05456-RA	GO:0009116
Tlin05456-RA	GO:0003824
Tlin05456-RA	GO:0017061
Tlin05456-RA	GO:0009116
Tlin05456-RA	GO:0003824
Tlin05456-RA	GO:0009116
Tlin05456-RA	GO:0003824
Tlin05456-RA	GO:0017061
Tlin09059-RA	GO:0050909
Tlin09059-RA	GO:0016020
Tlin09059-RA	GO:0050909
Tlin09059-RA	GO:0016020
Tlin03477-RA	GO:0006313
Tlin03477-RA	GO:0004803
Tlin02393-RA	GO:0005544
Tlin02393-RA	GO:0005509
Tlin02393-RA	GO:0005544
Tlin02393-RA	GO:0005509
Tlin02393-RA	GO:0005544
Tlin02393-RA	GO:0005509
Tlin02393-RA	GO:0005544
Tlin02393-RA	GO:0005509
Tlin02393-RA	GO:0005544
Tlin02393-RA	GO:0005509
Tlin02393-RA	GO:0005544
Tlin02393-RA	GO:0005509
Tlin02393-RA	GO:0005544
Tlin02393-RA	GO:0005509
Tlin02393-RA	GO:0005544
Tlin02393-RA	GO:0005509
Tlin02393-RA	GO:0005544
Tlin02393-RA	GO:0005509
Tlin02393-RA	GO:0005544
Tlin02393-RA	GO:0005509
Tlin02393-RA	GO:0005544
Tlin02393-RA	GO:0005509
Tlin03673-RA	GO:0006508
Tlin03673-RA	GO:0008270
Tlin03673-RA	GO:0004181
Tlin03673-RA	GO:0006508
Tlin03673-RA	GO:0008270
Tlin03673-RA	GO:0004181
Tlin03673-RA	GO:0006508
Tlin03673-RA	GO:0008270
Tlin03673-RA	GO:0004181
Tlin03673-RA	GO:0006508
Tlin03673-RA	GO:0008270
Tlin03673-RA	GO:0004181
Tlin03673-RA	GO:0006508
Tlin03673-RA	GO:0008270
Tlin03673-RA	GO:0004181
Tlin03673-RA	GO:0006508
Tlin03673-RA	GO:0008270
Tlin03673-RA	GO:0004181
Tlin01203-RA	GO:0016020
Tlin03788-RA	GO:0032783
Tlin03788-RA	GO:0006355
Tlin01645-RA	GO:0016020
Tlin01645-RA	GO:0016758
Tlin01645-RA	GO:0006486
Tlin01645-RA	GO:0016020
Tlin01645-RA	GO:0016758
Tlin01645-RA	GO:0006486
Tlin05610-RA	GO:0005975
Tlin05610-RA	GO:0004553
Tlin05610-RA	GO:0005975
Tlin03166-RA	GO:0006468
Tlin03166-RA	GO:0004672
Tlin03166-RA	GO:0005524
Tlin03166-RA	GO:0006468
Tlin03166-RA	GO:0004672
Tlin03166-RA	GO:0005524
Tlin01790-RA	GO:0005634
Tlin02327-RA	GO:0000398
Tlin02327-RA	GO:0000398
Tlin05217-RA	GO:0071595
Tlin05217-RA	GO:0035307
Tlin05217-RA	GO:0071595
Tlin05217-RA	GO:0035307
Tlin11196-RA	GO:0003713
Tlin11196-RA	GO:0005643
Tlin11196-RA	GO:0006406
Tlin11196-RA	GO:0045893
Tlin11196-RA	GO:0000124
Tlin11196-RA	GO:0003713
Tlin11196-RA	GO:0005643
Tlin11196-RA	GO:0006406
Tlin11196-RA	GO:0045893
Tlin11196-RA	GO:0000124
Tlin13731-RA	GO:0003713
Tlin13731-RA	GO:0005643
Tlin13731-RA	GO:0006406
Tlin13731-RA	GO:0045893
Tlin13731-RA	GO:0000124
Tlin13731-RA	GO:0003713
Tlin13731-RA	GO:0005643
Tlin13731-RA	GO:0006406
Tlin13731-RA	GO:0045893
Tlin13731-RA	GO:0000124
Tlin08045-RA	GO:0003676
Tlin08045-RA	GO:0003676
Tlin08045-RA	GO:0003676
Tlin11259-RA	GO:0008283
Tlin11259-RA	GO:0006974
Tlin01919-RA	GO:0006508
Tlin01919-RA	GO:0004252
Tlin01919-RA	GO:0006508
Tlin01919-RA	GO:0004252
Tlin01919-RA	GO:0006508
Tlin01919-RA	GO:0004252
Tlin07950-RA	GO:0005509
Tlin07950-RA	GO:0005509
Tlin07950-RA	GO:0031625
Tlin07950-RA	GO:0006511
Tlin14645-RA	GO:0005524
Tlin14645-RA	GO:0140359
Tlin14645-RA	GO:0016020
Tlin14645-RA	GO:0016887
Tlin14645-RA	GO:0005524
Tlin06753-RA	GO:0016717
Tlin06753-RA	GO:0016717
Tlin06753-RA	GO:0006629
Tlin11635-RA	GO:0005525
Tlin11635-RA	GO:0005525
Tlin11635-RA	GO:0003924
Tlin11635-RA	GO:0003924
Tlin14267-RA	GO:0008270
Tlin14267-RA	GO:0003676
Tlin14267-RA	GO:0008270
Tlin14267-RA	GO:0003676
Tlin09585-RA	GO:0005515
Tlin09585-RA	GO:0005515
Tlin07691-RA	GO:0016717
Tlin07691-RA	GO:0006629
Tlin07691-RA	GO:0016717
Tlin14405-RA	GO:0006313
Tlin14405-RA	GO:0004803
Tlin14917-RA	GO:0016787
Tlin14917-RA	GO:0016787
Tlin02370-RA	GO:0015693
Tlin02370-RA	GO:0016020
Tlin02370-RA	GO:0015095
Tlin02370-RA	GO:0015693
Tlin02370-RA	GO:0016020
Tlin02370-RA	GO:0015095
Tlin08714-RA	GO:0016409
Tlin03415-RA	GO:0005525
Tlin03415-RA	GO:0003924
Tlin03415-RA	GO:0005525
Tlin00407-RA	GO:0046983
Tlin00407-RA	GO:0046983
Tlin00407-RA	GO:0046983
Tlin00407-RA	GO:0006355
Tlin00407-RA	GO:0003677
Tlin03145-RA	GO:0008270
Tlin03145-RA	GO:0005634
Tlin01885-RA	GO:0031267
Tlin01885-RA	GO:0030833
Tlin01885-RA	GO:0031267
Tlin01885-RA	GO:0030833
Tlin01885-RA	GO:0031267
Tlin02744-RA	GO:0008033
Tlin02744-RA	GO:0005739
Tlin02999-RA	GO:0007165
Tlin02999-RA	GO:0005096
Tlin02999-RA	GO:0005737
Tlin02999-RA	GO:0005515
Tlin11616-RA	GO:0008061
Tlin11616-RA	GO:0005975
Tlin11616-RA	GO:0004553
Tlin11616-RA	GO:0008061
Tlin11616-RA	GO:0005576
Tlin11616-RA	GO:0005975
Tlin08387-RA	GO:0034472
Tlin03545-RA	GO:0006814
Tlin03545-RA	GO:0016020
Tlin03545-RA	GO:0005272
Tlin03545-RA	GO:0006814
Tlin03545-RA	GO:0016020
Tlin03545-RA	GO:0005272
Tlin05001-RA	GO:0015297
Tlin05001-RA	GO:0016020
Tlin05001-RA	GO:0055085
Tlin05001-RA	GO:1902600
Tlin05001-RA	GO:0006812
Tlin05001-RA	GO:0015385
Tlin05001-RA	GO:0016020
Tlin05001-RA	GO:1902600
Tlin05001-RA	GO:0006812
Tlin10215-RA	GO:0016791
Tlin10215-RA	GO:0016311
Tlin10215-RA	GO:0005515
Tlin10215-RA	GO:0005515
Tlin10215-RA	GO:0006470
Tlin10215-RA	GO:0004725
Tlin10215-RA	GO:0006470
Tlin10215-RA	GO:0004725
Tlin10215-RA	GO:0016791
Tlin10215-RA	GO:0016311
Tlin10215-RA	GO:0005515
Tlin10215-RA	GO:0005515
Tlin10215-RA	GO:0005515
Tlin10163-RA	GO:0016757
Tlin10163-RA	GO:0016757
Tlin03403-RA	GO:0005524
Tlin03403-RA	GO:0005524
Tlin03403-RA	GO:0005524
Tlin14210-RA	GO:0005524
Tlin14210-RA	GO:0003676
Tlin14356-RA	GO:0004020
Tlin14356-RA	GO:0005524
Tlin14356-RA	GO:0000103
Tlin04460-RA	GO:0005634
Tlin04460-RA	GO:0006355
Tlin04460-RA	GO:0003700
Tlin04460-RA	GO:0006355
Tlin04460-RA	GO:0003700
Tlin04460-RA	GO:0005634
Tlin04460-RA	GO:0006355
Tlin04460-RA	GO:0003700
Tlin04460-RA	GO:0005634
Tlin04460-RA	GO:0006355
Tlin04460-RA	GO:0003700
Tlin04460-RA	GO:0005634
Tlin04460-RA	GO:0006355
Tlin04460-RA	GO:0003700
Tlin04460-RA	GO:0045893
Tlin04460-RA	GO:0003700
Tlin04460-RA	GO:0003700
Tlin04460-RA	GO:0006355
Tlin04460-RA	GO:0000978
Tlin04460-RA	GO:0006355
Tlin04460-RA	GO:0003700
Tlin06158-RA	GO:0016831
Tlin06158-RA	GO:0003824
Tlin06158-RA	GO:0003824
Tlin06158-RA	GO:0019752
Tlin06158-RA	GO:0030170
Tlin06158-RA	GO:0016830
Tlin05024-RA	GO:0046856
Tlin05024-RA	GO:0034597
Tlin05024-RA	GO:0046856
Tlin05024-RA	GO:0034597
Tlin05836-RA	GO:0035091
Tlin05836-RA	GO:0035091
Tlin05836-RA	GO:0031428
Tlin05836-RA	GO:0032040
Tlin05836-RA	GO:0030515
Tlin05836-RA	GO:0035091
Tlin07161-RA	GO:0005515
Tlin07161-RA	GO:0005515
Tlin06552-RA	GO:0006139
Tlin06552-RA	GO:0019205
Tlin06552-RA	GO:0005524
Tlin11475-RA	GO:0046872
Tlin11475-RA	GO:0010390
Tlin11475-RA	GO:0004842
Tlin10794-RA	GO:0007186
Tlin10794-RA	GO:0016020
Tlin10794-RA	GO:0004930
Tlin10794-RA	GO:0007186
Tlin10794-RA	GO:0016020
Tlin10794-RA	GO:0004930
Tlin06115-RA	GO:0051015
Tlin06115-RA	GO:0007010
Tlin06115-RA	GO:0003779
Tlin06115-RA	GO:0007010
Tlin06115-RA	GO:0003779
Tlin06115-RA	GO:0007010
Tlin06115-RA	GO:0003779
Tlin07044-RA	GO:0008233
Tlin07044-RA	GO:0008233
Tlin03232-RA	GO:0016020
Tlin03232-RA	GO:0009922
Tlin03232-RA	GO:0016020
Tlin03232-RA	GO:0009922
Tlin03232-RA	GO:0016020
Tlin03232-RA	GO:0009922
Tlin06326-RA	GO:0005576
Tlin09990-RA	GO:0042273
Tlin09990-RA	GO:0005730
Tlin09990-RA	GO:0005515
Tlin09990-RA	GO:0005515
Tlin09990-RA	GO:0005515
Tlin06559-RA	GO:0051028
Tlin06559-RA	GO:0005634
Tlin06559-RA	GO:0005515
Tlin07191-RA	GO:0003677
Tlin07191-RA	GO:0003677
Tlin00912-RA	GO:0033177
Tlin00912-RA	GO:1902600
Tlin00912-RA	GO:0015078
Tlin00912-RA	GO:0033177
Tlin00912-RA	GO:1902600
Tlin00912-RA	GO:0015078
Tlin09150-RA	GO:0016887
Tlin09150-RA	GO:0005524
Tlin09150-RA	GO:0016887
Tlin09150-RA	GO:0005524
Tlin09150-RA	GO:0016887
Tlin09150-RA	GO:0005524
Tlin03038-RA	GO:0003916
Tlin03038-RA	GO:0006265
Tlin03038-RA	GO:0003677
Tlin03038-RA	GO:0003916
Tlin03038-RA	GO:0006265
Tlin03038-RA	GO:0003677
Tlin03038-RA	GO:0003917
Tlin03038-RA	GO:0003917
Tlin03038-RA	GO:0006265
Tlin03038-RA	GO:0003677
Tlin11780-RA	GO:0016791
Tlin11780-RA	GO:0016311
Tlin11780-RA	GO:0030141
Tlin11780-RA	GO:0006470
Tlin11780-RA	GO:0004725
Tlin08665-RA	GO:0005515
Tlin08665-RA	GO:0005515
Tlin08665-RA	GO:0022857
Tlin08665-RA	GO:0055085
Tlin08665-RA	GO:0016020
Tlin08665-RA	GO:0005515
Tlin08665-RA	GO:0005515
Tlin00626-RA	GO:0005524
Tlin00626-RA	GO:0006281
Tlin00626-RA	GO:0016887
Tlin00626-RA	GO:0030915
Tlin00626-RA	GO:0000724
Tlin05412-RA	GO:0008270
Tlin05412-RA	GO:0046872
Tlin03020-RA	GO:0042779
Tlin03020-RA	GO:0006351
Tlin03020-RA	GO:0008270
Tlin03020-RA	GO:0003676
Tlin03020-RA	GO:0003725
Tlin03020-RA	GO:0006351
Tlin09800-RA	GO:0016020
Tlin09800-RA	GO:0004970
Tlin09800-RA	GO:0016020
Tlin09800-RA	GO:0015276
Tlin12938-RA	GO:0005515
Tlin07446-RA	GO:0030433
Tlin07446-RA	GO:0034450
Tlin07446-RA	GO:0000151
Tlin07446-RA	GO:0006511
Tlin07446-RA	GO:0016567
Tlin07446-RA	GO:0034450
Tlin07446-RA	GO:0000151
Tlin07446-RA	GO:0016567
Tlin07446-RA	GO:0004842
Tlin08929-RA	GO:0005515
Tlin08929-RA	GO:0005515
Tlin08929-RA	GO:0005515
Tlin08929-RA	GO:0005515
Tlin08929-RA	GO:0005515
Tlin08929-RA	GO:0005515
Tlin08929-RA	GO:0005515
Tlin08929-RA	GO:0005515
Tlin08929-RA	GO:0005515
Tlin08929-RA	GO:0005515
Tlin08929-RA	GO:0005515
Tlin10063-RA	GO:0006281
Tlin10063-RA	GO:0003684
Tlin10063-RA	GO:0006281
Tlin10063-RA	GO:0003684
Tlin10063-RA	GO:0006281
Tlin10063-RA	GO:0003684
Tlin10063-RA	GO:0006281
Tlin01233-RA	GO:0043666
Tlin10779-RA	GO:0008237
Tlin10779-RA	GO:0006508
Tlin10779-RA	GO:0004222
Tlin10779-RA	GO:0006508
Tlin10779-RA	GO:0004222
Tlin10779-RA	GO:0006508
Tlin10779-RA	GO:0004222
Tlin10779-RA	GO:0006508
Tlin10041-RA	GO:0003723
Tlin10041-RA	GO:0003676
Tlin00106-RA	GO:0055085
Tlin00106-RA	GO:0016020
Tlin00106-RA	GO:0016020
Tlin12768-RA	GO:0005515
Tlin12768-RA	GO:0005515
Tlin12768-RA	GO:0005515
Tlin12768-RA	GO:0061630
Tlin12768-RA	GO:0005515
Tlin06927-RA	GO:0004930
Tlin06927-RA	GO:0004930
Tlin06927-RA	GO:0007186
Tlin06927-RA	GO:0016020
Tlin06927-RA	GO:0004930
Tlin06927-RA	GO:0004930
Tlin02998-RA	GO:0005840
Tlin02998-RA	GO:0006412
Tlin02998-RA	GO:0019843
Tlin02998-RA	GO:0003735
Tlin02998-RA	GO:0005840
Tlin02998-RA	GO:0006412
Tlin02998-RA	GO:0019843
Tlin02998-RA	GO:0003735
Tlin02998-RA	GO:0005840
Tlin02998-RA	GO:0006412
Tlin02998-RA	GO:0019843
Tlin02998-RA	GO:0003735
Tlin02998-RA	GO:0005840
Tlin02998-RA	GO:0006412
Tlin02998-RA	GO:0003735
Tlin02998-RA	GO:0005840
Tlin02998-RA	GO:0006412
Tlin02998-RA	GO:0019843
Tlin02998-RA	GO:0003735
Tlin02998-RA	GO:0005840
Tlin02998-RA	GO:0006412
Tlin02998-RA	GO:0019843
Tlin02998-RA	GO:0003735
Tlin02998-RA	GO:0005840
Tlin02998-RA	GO:0006412
Tlin02998-RA	GO:0019843
Tlin02998-RA	GO:0003735
Tlin02998-RA	GO:0005840
Tlin02998-RA	GO:0006412
Tlin02998-RA	GO:0019843
Tlin02998-RA	GO:0003735
Tlin03824-RA	GO:0005515
Tlin03824-RA	GO:0005515
Tlin03824-RA	GO:0005515
Tlin01828-RA	GO:0006468
Tlin01828-RA	GO:0004672
Tlin01828-RA	GO:0005524
Tlin01828-RA	GO:0006468
Tlin01828-RA	GO:0004672
Tlin01828-RA	GO:0005524
Tlin12670-RA	GO:0046872
Tlin12670-RA	GO:0046872
Tlin12670-RA	GO:0006508
Tlin12670-RA	GO:0004222
Tlin00568-RA	GO:0016020
Tlin00568-RA	GO:0015276
Tlin09729-RA	GO:0016887
Tlin09729-RA	GO:0005524
Tlin09729-RA	GO:0016887
Tlin09729-RA	GO:0005524
Tlin04300-RA	GO:0016614
Tlin04300-RA	GO:0050660
Tlin04300-RA	GO:0016614
Tlin04300-RA	GO:0050660
Tlin04300-RA	GO:0016614
Tlin04300-RA	GO:0050660
Tlin10629-RA	GO:0006123
Tlin10629-RA	GO:0005751
Tlin10629-RA	GO:0006123
Tlin10629-RA	GO:0005751
Tlin10629-RA	GO:0006123
Tlin10629-RA	GO:0005751
Tlin10629-RA	GO:0006123
Tlin10629-RA	GO:0005751
Tlin10629-RA	GO:0006123
Tlin10629-RA	GO:0005751
Tlin05886-RA	GO:0016787
Tlin11746-RA	GO:0016301
Tlin11746-RA	GO:0016301
Tlin11746-RA	GO:0048015
Tlin11746-RA	GO:0046854
Tlin11746-RA	GO:0016020
Tlin11746-RA	GO:0004252
Tlin11762-RA	GO:0005515
Tlin12228-RA	GO:0001510
Tlin12228-RA	GO:0008168
Tlin12326-RA	GO:0005524
Tlin12326-RA	GO:0006468
Tlin12326-RA	GO:0004672
Tlin08292-RA	GO:0051260
Tlin06022-RA	GO:0006281
Tlin07095-RA	GO:0016409
Tlin10647-RA	GO:0005525
Tlin11524-RA	GO:0005515
Tlin09658-RA	GO:0006508
Tlin09658-RA	GO:0004252
Tlin09658-RA	GO:0006508
Tlin09658-RA	GO:0004252
Tlin09658-RA	GO:0006508
Tlin09658-RA	GO:0004252
Tlin11667-RA	GO:0016702
Tlin11667-RA	GO:0005506
Tlin11667-RA	GO:0016702
Tlin11667-RA	GO:0005506
Tlin11058-RA	GO:0008270
Tlin11058-RA	GO:0006355
Tlin11058-RA	GO:0006355
Tlin11058-RA	GO:0008270
Tlin11058-RA	GO:0043565
Tlin11058-RA	GO:0003700
Tlin11058-RA	GO:0006355
Tlin11058-RA	GO:0008270
Tlin11058-RA	GO:0043565
Tlin11058-RA	GO:0003700
Tlin10554-RA	GO:0016020
Tlin10554-RA	GO:0055085
Tlin10554-RA	GO:0015267
Tlin10554-RA	GO:0016020
Tlin10554-RA	GO:0055085
Tlin10554-RA	GO:0015267
Tlin08166-RA	GO:0009063
Tlin08166-RA	GO:0050023
Tlin08166-RA	GO:0016052
Tlin00628-RA	GO:0005524
Tlin00628-RA	GO:0051015
Tlin00628-RA	GO:0003774
Tlin00628-RA	GO:0016459
Tlin00628-RA	GO:0005524
Tlin00628-RA	GO:0016459
Tlin00628-RA	GO:0003774
Tlin00628-RA	GO:0005524
Tlin00628-RA	GO:0016459
Tlin00628-RA	GO:0003774
Tlin13100-RA	GO:0140359
Tlin13100-RA	GO:0016020
Tlin13100-RA	GO:0055085
Tlin13100-RA	GO:0140359
Tlin13100-RA	GO:0005524
Tlin13100-RA	GO:0016020
Tlin13100-RA	GO:0055085
Tlin13100-RA	GO:0140359
Tlin13100-RA	GO:0005524
Tlin13100-RA	GO:0005524
Tlin13100-RA	GO:0016887
Tlin13100-RA	GO:0005524
Tlin13100-RA	GO:0016020
Tlin13100-RA	GO:0005524
Tlin13100-RA	GO:0016020
Tlin13100-RA	GO:0005524
Tlin13100-RA	GO:0005524
Tlin13100-RA	GO:0046983
Tlin13100-RA	GO:0016020
Tlin13100-RA	GO:0005524
Tlin13100-RA	GO:0016887
Tlin13100-RA	GO:0005524
Tlin13100-RA	GO:0016020
Tlin13100-RA	GO:0005524
Tlin13100-RA	GO:0003677
Tlin13100-RA	GO:0140359
Tlin14608-RA	GO:0008270
Tlin14608-RA	GO:0003676
Tlin14608-RA	GO:0008270
Tlin14608-RA	GO:0003676
Tlin03286-RA	GO:0015078
Tlin03286-RA	GO:0015986
Tlin03286-RA	GO:0000276
Tlin03286-RA	GO:0015078
Tlin03286-RA	GO:0015986
Tlin03286-RA	GO:0000276
Tlin11122-RA	GO:0031625
Tlin11122-RA	GO:0006511
Tlin00350-RA	GO:0005524
Tlin00350-RA	GO:0007018
Tlin00350-RA	GO:0003777
Tlin00350-RA	GO:0005524
Tlin00350-RA	GO:0007018
Tlin00350-RA	GO:0008017
Tlin00350-RA	GO:0003777
Tlin10004-RA	GO:0016020
Tlin10004-RA	GO:0016758
Tlin10004-RA	GO:0006486
Tlin10004-RA	GO:0016020
Tlin10004-RA	GO:0016758
Tlin10004-RA	GO:0006486
Tlin10004-RA	GO:0016020
Tlin10004-RA	GO:0016758
Tlin10004-RA	GO:0006486
Tlin00920-RA	GO:0005515
Tlin00920-RA	GO:0005515
Tlin00920-RA	GO:0005515
Tlin10971-RA	GO:0005515
Tlin10971-RA	GO:0005515
Tlin02575-RA	GO:0061617
Tlin02575-RA	GO:0005743
Tlin02575-RA	GO:0061617
Tlin02575-RA	GO:0005743
Tlin03575-RA	GO:0080009
Tlin03575-RA	GO:0036396
Tlin01687-RA	GO:0016614
Tlin01687-RA	GO:0050661
Tlin01687-RA	GO:0006006
Tlin01687-RA	GO:0016614
Tlin01687-RA	GO:0050661
Tlin01687-RA	GO:0006006
Tlin01687-RA	GO:0006006
Tlin01687-RA	GO:0050661
Tlin01687-RA	GO:0004345
Tlin01687-RA	GO:0006006
Tlin01687-RA	GO:0004345
Tlin11697-RA	GO:0003723
Tlin11697-RA	GO:0003676
Tlin08506-RA	GO:0016020
Tlin08506-RA	GO:0016780
Tlin08506-RA	GO:0008654
Tlin08506-RA	GO:0005525
Tlin08506-RA	GO:0003924
Tlin08506-RA	GO:0016020
Tlin08506-RA	GO:0016780
Tlin08506-RA	GO:0008654
Tlin06291-RA	GO:0005515
Tlin06291-RA	GO:0005515
Tlin06291-RA	GO:0005515
Tlin06291-RA	GO:0005515
Tlin03755-RA	GO:0016020
Tlin03755-RA	GO:0050291
Tlin03755-RA	GO:0046513
Tlin01158-RA	GO:0003676
Tlin01158-RA	GO:0003676
Tlin01158-RA	GO:0003723
Tlin03329-RA	GO:0016020
Tlin14012-RA	GO:0008270
Tlin14012-RA	GO:0003676
Tlin05595-RA	GO:0043169
Tlin05595-RA	GO:0004721
Tlin05595-RA	GO:0030145
Tlin05595-RA	GO:0000287
Tlin05595-RA	GO:0004721
Tlin05595-RA	GO:0030145
Tlin05595-RA	GO:0000287
Tlin05595-RA	GO:0006470
Tlin05595-RA	GO:0004722
Tlin05595-RA	GO:0004721
Tlin05595-RA	GO:0030145
Tlin05595-RA	GO:0000287
Tlin04899-RA	GO:0006561
Tlin04899-RA	GO:0004350
Tlin04899-RA	GO:0016491
Tlin04899-RA	GO:0016491
Tlin04899-RA	GO:0006561
Tlin04899-RA	GO:0004350
Tlin04899-RA	GO:0006561
Tlin04899-RA	GO:0004349
Tlin04899-RA	GO:0016620
Tlin04899-RA	GO:0016491
Tlin10878-RA	GO:0003824
Tlin10878-RA	GO:0003824
Tlin10878-RA	GO:0006564
Tlin10878-RA	GO:0004648
Tlin11731-RA	GO:0016020
Tlin11731-RA	GO:0016020
Tlin11731-RA	GO:0016020
Tlin11731-RA	GO:0016020
Tlin03205-RA	GO:0006508
Tlin03205-RA	GO:0004252
Tlin03205-RA	GO:0006508
Tlin03205-RA	GO:0004252
Tlin03205-RA	GO:0006508
Tlin03205-RA	GO:0004252
Tlin05018-RA	GO:0006096
Tlin05018-RA	GO:0003872
Tlin05018-RA	GO:0006096
Tlin05018-RA	GO:0003872
Tlin05018-RA	GO:0006096
Tlin05018-RA	GO:0003872
Tlin05018-RA	GO:0006096
Tlin05018-RA	GO:0003872
Tlin05018-RA	GO:0006096
Tlin05018-RA	GO:0003872
Tlin05018-RA	GO:0005515
Tlin05018-RA	GO:0006096
Tlin05018-RA	GO:0003872
Tlin05018-RA	GO:0006096
Tlin05018-RA	GO:0003872
Tlin05018-RA	GO:0006096
Tlin05018-RA	GO:0003872
Tlin05018-RA	GO:0006096
Tlin05018-RA	GO:0003872
Tlin05018-RA	GO:0006096
Tlin05018-RA	GO:0003872
Tlin10043-RA	GO:0048188
Tlin06400-RA	GO:0004019
Tlin06400-RA	GO:0006164
Tlin06400-RA	GO:0000166
Tlin06400-RA	GO:0004019
Tlin06400-RA	GO:0006164
Tlin06400-RA	GO:0000166
Tlin06400-RA	GO:0005525
Tlin06400-RA	GO:0004019
Tlin06400-RA	GO:0006164
Tlin06400-RA	GO:0000166
Tlin12611-RA	GO:0007186
Tlin12611-RA	GO:0007186
Tlin12611-RA	GO:0007186
Tlin12611-RA	GO:0007186
Tlin12611-RA	GO:0031681
Tlin12611-RA	GO:0005834
Tlin12611-RA	GO:0007186
Tlin14844-RA	GO:0006508
Tlin14844-RA	GO:0004190
Tlin04054-RA	GO:0005515
Tlin07249-RA	GO:0043175
Tlin07249-RA	GO:0008420
Tlin10904-RA	GO:0005581
Tlin10904-RA	GO:0005201
Tlin10904-RA	GO:0005581
Tlin10904-RA	GO:0005201
Tlin10904-RA	GO:0005581
Tlin10904-RA	GO:0005201
Tlin01766-RA	GO:0006470
Tlin01766-RA	GO:1902751
Tlin01766-RA	GO:0004725
Tlin12368-RA	GO:0005515
Tlin04420-RA	GO:0016651
Tlin04420-RA	GO:0051539
Tlin04420-RA	GO:0016020
Tlin08203-RA	GO:0005524
Tlin08203-RA	GO:0003676
Tlin00240-RA	GO:0016757
Tlin00240-RA	GO:0005975
Tlin09866-RA	GO:0016491
Tlin11426-RA	GO:0003899
Tlin11426-RA	GO:0006351
Tlin11426-RA	GO:0003677
Tlin11426-RA	GO:0006351
Tlin11426-RA	GO:0003899
Tlin11426-RA	GO:0003899
Tlin11426-RA	GO:0006351
Tlin11426-RA	GO:0003677
Tlin11426-RA	GO:0003899
Tlin11426-RA	GO:0006351
Tlin11426-RA	GO:0003677
Tlin10027-RA	GO:0005525
Tlin10027-RA	GO:0003924
Tlin09917-RA	GO:0005576
Tlin09917-RA	GO:0005179
Tlin09917-RA	GO:0005179
Tlin12750-RA	GO:0022857
Tlin12750-RA	GO:0055085
Tlin12750-RA	GO:0016020
Tlin12750-RA	GO:0022857
Tlin12750-RA	GO:0055085
Tlin12750-RA	GO:0016020
Tlin09433-RA	GO:0008484
Tlin01159-RA	GO:0003723
Tlin01159-RA	GO:0003723
Tlin01159-RA	GO:0003676
Tlin01159-RA	GO:0003676
Tlin01159-RA	GO:0003676
Tlin11311-RA	GO:0005515
Tlin05379-RA	GO:0005975
Tlin05379-RA	GO:0030246
Tlin05379-RA	GO:0003824
Tlin05379-RA	GO:0005975
Tlin05379-RA	GO:0004553
Tlin03650-RA	GO:0030148
Tlin03650-RA	GO:0047560
Tlin03650-RA	GO:0006666
Tlin04719-RA	GO:0007186
Tlin04719-RA	GO:0016020
Tlin04719-RA	GO:0004930
Tlin04719-RA	GO:0007186
Tlin04719-RA	GO:0016020
Tlin04719-RA	GO:0004965
Tlin10632-RA	GO:0016747
Tlin05167-RA	GO:0016055
Tlin01315-RA	GO:0005515
Tlin01315-RA	GO:0005515
Tlin02582-RA	GO:0009253
Tlin02582-RA	GO:0008745
Tlin02582-RA	GO:0009253
Tlin02582-RA	GO:0008745
Tlin02582-RA	GO:0009253
Tlin02582-RA	GO:0008745
Tlin02582-RA	GO:0009253
Tlin02582-RA	GO:0008745
Tlin01829-RA	GO:0005840
Tlin01829-RA	GO:0006412
Tlin01829-RA	GO:0003735
Tlin01829-RA	GO:0006412
Tlin01829-RA	GO:0015934
Tlin01829-RA	GO:0003735
Tlin01829-RA	GO:0005840
Tlin01829-RA	GO:0006412
Tlin01829-RA	GO:0003735
Tlin01829-RA	GO:0005840
Tlin01829-RA	GO:0006412
Tlin01829-RA	GO:0003735
Tlin01829-RA	GO:0005840
Tlin01829-RA	GO:0006412
Tlin01829-RA	GO:0003735
Tlin01829-RA	GO:0005840
Tlin01829-RA	GO:0006412
Tlin01829-RA	GO:0003735
Tlin01746-RA	GO:0005509
Tlin05607-RA	GO:0070072
Tlin05607-RA	GO:0070072
Tlin00588-RA	GO:0007186
Tlin00588-RA	GO:0016020
Tlin00588-RA	GO:0004930
Tlin00588-RA	GO:0007186
Tlin00588-RA	GO:0016020
Tlin00588-RA	GO:0004930
Tlin04890-RA	GO:0016020
Tlin04890-RA	GO:0022857
Tlin04890-RA	GO:0006811
Tlin04890-RA	GO:0055085
Tlin04890-RA	GO:0016020
Tlin04890-RA	GO:0055085
Tlin04890-RA	GO:0016020
Tlin04890-RA	GO:0015377
Tlin04890-RA	GO:0016020
Tlin04890-RA	GO:0006811
Tlin04031-RA	GO:0005515
Tlin04031-RA	GO:0005515
Tlin04031-RA	GO:0005515
Tlin04031-RA	GO:0005515
Tlin04031-RA	GO:0005515
Tlin04031-RA	GO:0005515
Tlin12755-RA	GO:0016887
Tlin12755-RA	GO:0005524
Tlin12755-RA	GO:0006260
Tlin12755-RA	GO:0003677
Tlin00404-RA	GO:0046983
Tlin00404-RA	GO:0046983
Tlin00404-RA	GO:0046983
Tlin00404-RA	GO:0006355
Tlin00404-RA	GO:0003677
Tlin07673-RA	GO:0005525
Tlin07673-RA	GO:0003924
Tlin06725-RA	GO:0006611
Tlin06725-RA	GO:0005049
Tlin06725-RA	GO:0031267
Tlin06725-RA	GO:0006886
Tlin02365-RA	GO:0006355
Tlin02365-RA	GO:0003700
Tlin02365-RA	GO:0006355
Tlin02365-RA	GO:0003700
Tlin02365-RA	GO:0006355
Tlin02365-RA	GO:0003700
Tlin09856-RA	GO:0005515
Tlin08364-RA	GO:0051726
Tlin08364-RA	GO:0005634
Tlin05702-RA	GO:0007064
Tlin10064-RA	GO:0005525
Tlin10064-RA	GO:0003924
Tlin10064-RA	GO:0007165
Tlin10064-RA	GO:0016020
Tlin10064-RA	GO:0005525
Tlin01976-RA	GO:0070569
Tlin02965-RA	GO:0005506
Tlin02965-RA	GO:0016705
Tlin02965-RA	GO:0020037
Tlin02965-RA	GO:0004497
Tlin02965-RA	GO:0005506
Tlin02965-RA	GO:0016705
Tlin02965-RA	GO:0020037
Tlin02965-RA	GO:0004497
Tlin02965-RA	GO:0016705
Tlin02965-RA	GO:0005506
Tlin02965-RA	GO:0005506
Tlin02965-RA	GO:0016705
Tlin02965-RA	GO:0020037
Tlin02965-RA	GO:0004497
Tlin09601-RA	GO:0005509
Tlin09601-RA	GO:0005509
Tlin09601-RA	GO:0008597
Tlin09601-RA	GO:0005509
Tlin09601-RA	GO:0005509
Tlin06343-RA	GO:0005515
Tlin06343-RA	GO:0005515
Tlin04625-RA	GO:0032040
Tlin08240-RA	GO:0007186
Tlin08240-RA	GO:0016020
Tlin08240-RA	GO:0004930
Tlin00843-RA	GO:0032222
Tlin00843-RA	GO:1903818
Tlin00843-RA	GO:0030431
Tlin14584-RA	GO:0005515
Tlin14584-RA	GO:0005515
Tlin10527-RA	GO:0005525
Tlin10527-RA	GO:0003924
Tlin10527-RA	GO:0005525
Tlin10527-RA	GO:0003924
Tlin02993-RA	GO:0005992
Tlin02993-RA	GO:0003824
Tlin02993-RA	GO:0005992
Tlin02993-RA	GO:0003824
Tlin02993-RA	GO:0005992
Tlin02993-RA	GO:0003824
Tlin02993-RA	GO:0005992
Tlin02993-RA	GO:0003824
Tlin04361-RA	GO:0006629
Tlin06363-RA	GO:0016020
Tlin07113-RA	GO:0060294
Tlin07546-RA	GO:0006139
Tlin07546-RA	GO:0019205
Tlin07546-RA	GO:0005524
Tlin07546-RA	GO:0006139
Tlin07546-RA	GO:0019205
Tlin07546-RA	GO:0005524
Tlin07546-RA	GO:0004017
Tlin01636-RA	GO:0003723
Tlin01636-RA	GO:0003676
Tlin05299-RA	GO:0016491
Tlin05299-RA	GO:0005515
Tlin02776-RA	GO:0006914
Tlin05437-RA	GO:0000123
Tlin02440-RA	GO:0031213
Tlin02440-RA	GO:0006355
Tlin09293-RA	GO:0016567
Tlin14644-RA	GO:0006310
Tlin14644-RA	GO:0015074
Tlin14644-RA	GO:0003677
Tlin14644-RA	GO:0003677
Tlin14644-RA	GO:0006310
Tlin14644-RA	GO:0015074
Tlin14644-RA	GO:0003677
Tlin14644-RA	GO:0015074
Tlin14644-RA	GO:0003677
Tlin14768-RA	GO:0005525
Tlin14768-RA	GO:0003924
Tlin14768-RA	GO:0005525
Tlin11788-RA	GO:0005525
Tlin04535-RA	GO:0016192
Tlin04535-RA	GO:0030131
Tlin04535-RA	GO:0006886
Tlin04535-RA	GO:0016192
Tlin04535-RA	GO:0030131
Tlin04535-RA	GO:0006886
Tlin10435-RA	GO:0035556
Tlin00675-RA	GO:0008061
Tlin00675-RA	GO:0008061
Tlin00675-RA	GO:0005576
Tlin01959-RA	GO:0005515
Tlin01959-RA	GO:0030215
Tlin01959-RA	GO:0005515
Tlin12415-RA	GO:0006313
Tlin12415-RA	GO:0004803
Tlin12415-RA	GO:0006313
Tlin12415-RA	GO:0004803
Tlin12415-RA	GO:0043565
Tlin13580-RA	GO:0005515
Tlin13580-RA	GO:0005515
Tlin13448-RA	GO:0005515
Tlin13448-RA	GO:0005515
Tlin11740-RA	GO:0005634
Tlin11740-RA	GO:0006355
Tlin11740-RA	GO:0005524
Tlin11740-RA	GO:0005515
Tlin07924-RA	GO:0006851
Tlin07924-RA	GO:0005509
Tlin05221-RA	GO:0016409
Tlin08343-RA	GO:0006123
Tlin08343-RA	GO:0005751
Tlin08343-RA	GO:0006123
Tlin08343-RA	GO:0005751
Tlin08343-RA	GO:0006123
Tlin08343-RA	GO:0005751
Tlin08343-RA	GO:0006123
Tlin08343-RA	GO:0005751
Tlin08343-RA	GO:0006123
Tlin08343-RA	GO:0005751
Tlin09243-RA	GO:0003677
Tlin09243-RA	GO:0003677
Tlin09243-RA	GO:0006355
Tlin09243-RA	GO:0000981
Tlin08796-RA	GO:0004730
Tlin08796-RA	GO:0005515
Tlin08796-RA	GO:0008081
Tlin08796-RA	GO:0016301
Tlin08796-RA	GO:0007165
Tlin08796-RA	GO:0004114
Tlin08796-RA	GO:0004730
Tlin08796-RA	GO:0004730
Tlin08796-RA	GO:0007165
Tlin08796-RA	GO:0004114
Tlin13957-RA	GO:0005506
Tlin13957-RA	GO:0016705
Tlin13957-RA	GO:0020037
Tlin13957-RA	GO:0004497
Tlin13957-RA	GO:0005506
Tlin13957-RA	GO:0016705
Tlin13957-RA	GO:0020037
Tlin13957-RA	GO:0004497
Tlin13957-RA	GO:0016705
Tlin13957-RA	GO:0005506
Tlin13957-RA	GO:0005506
Tlin13957-RA	GO:0016705
Tlin13957-RA	GO:0020037
Tlin13957-RA	GO:0004497
Tlin01108-RA	GO:0008270
Tlin12301-RA	GO:0007018
Tlin12301-RA	GO:0003777
Tlin12301-RA	GO:0005524
Tlin12301-RA	GO:0007018
Tlin12301-RA	GO:0003777
Tlin12301-RA	GO:0005524
Tlin12301-RA	GO:0007018
Tlin12301-RA	GO:0008017
Tlin12301-RA	GO:0003777
Tlin11431-RA	GO:0016702
Tlin11431-RA	GO:0016702
Tlin09198-RA	GO:0005524
Tlin09198-RA	GO:0005524
Tlin09198-RA	GO:0006468
Tlin09198-RA	GO:0004672
Tlin12119-RA	GO:0005840
Tlin12119-RA	GO:0006412
Tlin12119-RA	GO:0003735
Tlin06791-RA	GO:0005549
Tlin06791-RA	GO:0007608
Tlin06791-RA	GO:0016020
Tlin06791-RA	GO:0004984
Tlin06791-RA	GO:0005549
Tlin06791-RA	GO:0007608
Tlin06791-RA	GO:0016020
Tlin06791-RA	GO:0004984
Tlin10630-RA	GO:0035023
Tlin10630-RA	GO:0031267
Tlin06662-RA	GO:0004812
Tlin06662-RA	GO:0005524
Tlin06662-RA	GO:0006418
Tlin06662-RA	GO:0000166
Tlin06662-RA	GO:0004812
Tlin06662-RA	GO:0005524
Tlin06662-RA	GO:0006418
Tlin06662-RA	GO:0000166
Tlin06662-RA	GO:0006418
Tlin06662-RA	GO:0004812
Tlin06662-RA	GO:0004823
Tlin06662-RA	GO:0005524
Tlin06662-RA	GO:0006429
Tlin06662-RA	GO:0000166
Tlin05054-RA	GO:0016616
Tlin05054-RA	GO:0003824
Tlin05054-RA	GO:0004459
Tlin05054-RA	GO:0016616
Tlin05054-RA	GO:0016616
Tlin05054-RA	GO:0004459
Tlin05054-RA	GO:0016616
Tlin05054-RA	GO:0003824
Tlin05054-RA	GO:0016491
Tlin05054-RA	GO:0016491
Tlin05054-RA	GO:0016616
Tlin05054-RA	GO:0003824
Tlin05054-RA	GO:0016616
Tlin05054-RA	GO:0003824
Tlin05054-RA	GO:0016616
Tlin05054-RA	GO:0003824
Tlin05054-RA	GO:0016616
Tlin05054-RA	GO:0003824
Tlin03375-RA	GO:0016020
Tlin03375-RA	GO:0016560
Tlin03375-RA	GO:0005777
Tlin03375-RA	GO:0005515
Tlin03375-RA	GO:0016020
Tlin03375-RA	GO:0016560
Tlin03375-RA	GO:0005777
Tlin03061-RA	GO:0005515
Tlin03061-RA	GO:0005515
Tlin03061-RA	GO:0005515
Tlin03061-RA	GO:0005515
Tlin03061-RA	GO:0005515
Tlin03061-RA	GO:0005515
Tlin03061-RA	GO:0005515
Tlin02904-RA	GO:0055085
Tlin02904-RA	GO:0022857
Tlin02904-RA	GO:0055085
Tlin02904-RA	GO:0022857
Tlin10522-RA	GO:0005515
Tlin10522-RA	GO:0005515
Tlin10522-RA	GO:0005515
Tlin03134-RA	GO:0003779
Tlin03134-RA	GO:0005525
Tlin03134-RA	GO:0003924
Tlin03134-RA	GO:0016746
Tlin03134-RA	GO:0005525
Tlin03134-RA	GO:0003924
Tlin03134-RA	GO:0003779
Tlin03134-RA	GO:0003779
Tlin14162-RA	GO:0051180
Tlin14162-RA	GO:0090482
Tlin14162-RA	GO:0016020
Tlin14162-RA	GO:0051180
Tlin14162-RA	GO:0090482
Tlin14162-RA	GO:0016020
Tlin00370-RA	GO:0005515
Tlin06596-RA	GO:0003697
Tlin06596-RA	GO:0006260
Tlin06596-RA	GO:0003697
Tlin06596-RA	GO:0003697
Tlin08420-RA	GO:0046872
Tlin08420-RA	GO:0017183
Tlin03567-RA	GO:0008233
Tlin03567-RA	GO:0008237
Tlin03567-RA	GO:0005515
Tlin10664-RA	GO:0016844
Tlin10664-RA	GO:0009058
Tlin14158-RA	GO:0016020
Tlin05767-RA	GO:0016192
Tlin05767-RA	GO:0030117
Tlin05767-RA	GO:0006886
Tlin05767-RA	GO:0015031
Tlin05767-RA	GO:0030122
Tlin05767-RA	GO:0035615
Tlin05767-RA	GO:0072583
Tlin05767-RA	GO:0016192
Tlin07863-RA	GO:0005515
Tlin07863-RA	GO:0007186
Tlin07863-RA	GO:0016020
Tlin07863-RA	GO:0004930
Tlin07863-RA	GO:0016020
Tlin07863-RA	GO:0004930
Tlin07863-RA	GO:0016020
Tlin07863-RA	GO:0004930
Tlin08800-RA	GO:0016020
Tlin08800-RA	GO:0016020
Tlin08800-RA	GO:0016020
Tlin08800-RA	GO:0016020
Tlin03042-RA	GO:0043130
Tlin03042-RA	GO:0005515
Tlin06053-RA	GO:0030234
Tlin06053-RA	GO:0042176
Tlin06053-RA	GO:0000502
Tlin11149-RA	GO:0005524
Tlin11149-RA	GO:0016459
Tlin11149-RA	GO:0003774
Tlin11123-RA	GO:0051537
Tlin11123-RA	GO:0008121
Tlin11123-RA	GO:0051537
Tlin11123-RA	GO:0008121
Tlin11123-RA	GO:0051537
Tlin11123-RA	GO:0051537
Tlin11123-RA	GO:0008121
Tlin07154-RA	GO:0007264
Tlin07154-RA	GO:0005525
Tlin07154-RA	GO:0005525
Tlin07154-RA	GO:0003924
Tlin06496-RA	GO:0006396
Tlin06496-RA	GO:0003723
Tlin06496-RA	GO:0004654
Tlin06496-RA	GO:0006402
Tlin06496-RA	GO:0003723
Tlin06496-RA	GO:0003723
Tlin06496-RA	GO:0006396
Tlin06496-RA	GO:0003723
Tlin06496-RA	GO:0003723
Tlin06595-RA	GO:0006508
Tlin06595-RA	GO:0004198
Tlin06595-RA	GO:0006508
Tlin06595-RA	GO:0004198
Tlin05766-RA	GO:0006355
Tlin05766-RA	GO:0003677
Tlin05766-RA	GO:0003677
Tlin05766-RA	GO:0006355
Tlin05766-RA	GO:0003677
Tlin05766-RA	GO:0006355
Tlin05766-RA	GO:0003677
Tlin09475-RA	GO:0016301
Tlin09475-RA	GO:0016310
Tlin09475-RA	GO:0005524
Tlin09475-RA	GO:0016772
Tlin09475-RA	GO:0016310
Tlin09475-RA	GO:0016772
Tlin09475-RA	GO:0016310
Tlin09475-RA	GO:0005524
Tlin02128-RA	GO:0046872
Tlin03942-RA	GO:0006468
Tlin03942-RA	GO:0004672
Tlin03942-RA	GO:0006468
Tlin03942-RA	GO:0004672
Tlin03942-RA	GO:0005515
Tlin03942-RA	GO:0005524
Tlin07425-RA	GO:0004749
Tlin07425-RA	GO:0009165
Tlin07425-RA	GO:0000287
Tlin07425-RA	GO:0004749
Tlin07425-RA	GO:0009165
Tlin07425-RA	GO:0000287
Tlin08388-RA	GO:0016791
Tlin01478-RA	GO:0005515
Tlin08879-RA	GO:0007275
Tlin08879-RA	GO:0006511
Tlin02576-RA	GO:0005525
Tlin02576-RA	GO:0015031
Tlin02576-RA	GO:0003924
Tlin02576-RA	GO:0005525
Tlin02576-RA	GO:0003924
Tlin14987-RA	GO:0008270
Tlin14987-RA	GO:0003676
Tlin04706-RA	GO:0016616
Tlin04706-RA	GO:0016616
Tlin04706-RA	GO:0003824
Tlin04706-RA	GO:0016491
Tlin04706-RA	GO:0016616
Tlin04706-RA	GO:0003824
Tlin00369-RA	GO:0006071
Tlin00369-RA	GO:0004371
Tlin00369-RA	GO:0006071
Tlin00369-RA	GO:0004371
Tlin00369-RA	GO:0006071
Tlin00369-RA	GO:0004371
Tlin00369-RA	GO:0006071
Tlin00369-RA	GO:0004371
Tlin09867-RA	GO:0007010
Tlin09867-RA	GO:0003779
Tlin09867-RA	GO:0007010
Tlin09867-RA	GO:0003779
Tlin02896-RA	GO:0006368
Tlin02896-RA	GO:0070449
Tlin02896-RA	GO:0005634
Tlin07073-RA	GO:0005515
Tlin07073-RA	GO:0005515
Tlin07073-RA	GO:0005515
Tlin10667-RA	GO:0003723
Tlin10667-RA	GO:0003676
Tlin10667-RA	GO:0003743
Tlin10667-RA	GO:0003723
Tlin10667-RA	GO:0003743
Tlin10667-RA	GO:0003723
Tlin05581-RA	GO:0046872
Tlin05581-RA	GO:0046872
Tlin05581-RA	GO:0046872
Tlin05581-RA	GO:0006508
Tlin05581-RA	GO:0046872
Tlin04582-RA	GO:0003677
Tlin04582-RA	GO:0046982
Tlin04582-RA	GO:0003677
Tlin04582-RA	GO:0030527
Tlin04582-RA	GO:0000786
Tlin04582-RA	GO:0003677
Tlin04582-RA	GO:0030527
Tlin04582-RA	GO:0000786
Tlin04582-RA	GO:0046982
Tlin01279-RA	GO:0005515
Tlin01279-RA	GO:0005515
Tlin01279-RA	GO:0005515
Tlin01279-RA	GO:0005515
Tlin01279-RA	GO:0005515
Tlin01279-RA	GO:0005515
Tlin01279-RA	GO:0005515
Tlin09132-RA	GO:0005515
Tlin09132-RA	GO:0008270
Tlin09132-RA	GO:0034968
Tlin09132-RA	GO:0042054
Tlin09132-RA	GO:0005634
Tlin00312-RA	GO:0003678
Tlin00312-RA	GO:0006281
Tlin00312-RA	GO:0000723
Tlin11891-RA	GO:0007018
Tlin11891-RA	GO:0003777
Tlin11891-RA	GO:0005524
Tlin11891-RA	GO:0007018
Tlin11891-RA	GO:0008017
Tlin11891-RA	GO:0003777
Tlin11891-RA	GO:0005524
Tlin11891-RA	GO:0007018
Tlin11891-RA	GO:0008017
Tlin11891-RA	GO:0003777
Tlin08167-RA	GO:0016616
Tlin08167-RA	GO:0051287
Tlin08167-RA	GO:0003714
Tlin08167-RA	GO:0051287
Tlin08167-RA	GO:0051287
Tlin08167-RA	GO:0016616
Tlin07351-RA	GO:0045892
Tlin07351-RA	GO:0005634
Tlin07351-RA	GO:0045892
Tlin07351-RA	GO:0005634
Tlin11292-RA	GO:0005515
Tlin11292-RA	GO:0005515
Tlin11292-RA	GO:0005515
Tlin11292-RA	GO:0005515
Tlin11292-RA	GO:0005515
Tlin11292-RA	GO:0005515
Tlin11292-RA	GO:0005515
Tlin11292-RA	GO:0005515
Tlin11292-RA	GO:0005515
Tlin11292-RA	GO:0005515
Tlin02783-RA	GO:0003723
Tlin02783-RA	GO:0004386
Tlin02783-RA	GO:0005524
Tlin02783-RA	GO:0003676
Tlin02783-RA	GO:0003676
Tlin02783-RA	GO:0003676
Tlin02783-RA	GO:0003676
Tlin06124-RA	GO:0016757
Tlin06124-RA	GO:0006506
Tlin06124-RA	GO:0017176
Tlin06124-RA	GO:0000506
Tlin06124-RA	GO:0006506
Tlin03926-RA	GO:0008081
Tlin03926-RA	GO:0007165
Tlin03926-RA	GO:0004114
Tlin03926-RA	GO:0005515
Tlin03926-RA	GO:0007165
Tlin03926-RA	GO:0004114
Tlin04399-RA	GO:0045039
Tlin04399-RA	GO:0042721
Tlin05940-RA	GO:0005840
Tlin05940-RA	GO:0006412
Tlin05940-RA	GO:0003735
Tlin05940-RA	GO:0005840
Tlin05940-RA	GO:0006412
Tlin05940-RA	GO:0003735
Tlin05940-RA	GO:0005840
Tlin05940-RA	GO:0006412
Tlin05940-RA	GO:0003735
Tlin05940-RA	GO:0005840
Tlin05940-RA	GO:0006412
Tlin05940-RA	GO:0003735
Tlin11377-RA	GO:0003676
Tlin11377-RA	GO:0006351
Tlin11377-RA	GO:0006352
Tlin00560-RA	GO:0005525
Tlin00560-RA	GO:0003924
Tlin05161-RA	GO:0005975
Tlin05161-RA	GO:0005975
Tlin05161-RA	GO:0008810
Tlin05161-RA	GO:0030245
Tlin05161-RA	GO:0004553
Tlin08819-RA	GO:0006298
Tlin08819-RA	GO:0030983
Tlin08819-RA	GO:0140664
Tlin08819-RA	GO:0005524
Tlin08819-RA	GO:0006298
Tlin08819-RA	GO:0030983
Tlin08819-RA	GO:0005524
Tlin08819-RA	GO:0006298
Tlin08819-RA	GO:0030983
Tlin08819-RA	GO:0005524
Tlin08819-RA	GO:0006298
Tlin08819-RA	GO:0030983
Tlin08819-RA	GO:0005524
Tlin08819-RA	GO:0006298
Tlin08819-RA	GO:0030983
Tlin08819-RA	GO:0005524
Tlin08819-RA	GO:0006298
Tlin08819-RA	GO:0030983
Tlin08819-RA	GO:0005524
Tlin08819-RA	GO:0006298
Tlin08819-RA	GO:0030983
Tlin08819-RA	GO:0005524
Tlin08819-RA	GO:0006298
Tlin08819-RA	GO:0030983
Tlin08819-RA	GO:0005524
Tlin08819-RA	GO:0006298
Tlin08819-RA	GO:0030983
Tlin08819-RA	GO:0005524
Tlin07147-RA	GO:0005515
Tlin03032-RA	GO:0005576
Tlin03032-RA	GO:0005179
Tlin04929-RA	GO:0005975
Tlin04929-RA	GO:0006044
Tlin04929-RA	GO:0004342
Tlin04929-RA	GO:0006044
Tlin04929-RA	GO:0004342
Tlin04929-RA	GO:0006044
Tlin04929-RA	GO:0004342
Tlin13079-RA	GO:0006313
Tlin13079-RA	GO:0004803
Tlin03543-RA	GO:0005515
Tlin03543-RA	GO:0005515
Tlin03543-RA	GO:0005515
Tlin03543-RA	GO:0005515
Tlin03543-RA	GO:0005515
Tlin03543-RA	GO:0005515
Tlin03543-RA	GO:0005515
Tlin03543-RA	GO:0005515
Tlin03543-RA	GO:0005515
Tlin03543-RA	GO:0005515
Tlin03543-RA	GO:0005515
Tlin03543-RA	GO:0005515
Tlin03543-RA	GO:0005515
Tlin03543-RA	GO:0005515
Tlin03543-RA	GO:0005515
Tlin03543-RA	GO:0005515
Tlin03543-RA	GO:0005515
Tlin03543-RA	GO:0005515
Tlin03543-RA	GO:0005515
Tlin06642-RA	GO:0010835
Tlin06642-RA	GO:0042393
Tlin06642-RA	GO:0006974
Tlin06642-RA	GO:0010835
Tlin06642-RA	GO:0042393
Tlin06642-RA	GO:0006974
Tlin01823-RA	GO:0005216
Tlin01823-RA	GO:0016020
Tlin01823-RA	GO:0034220
Tlin01823-RA	GO:0004888
Tlin01823-RA	GO:0006811
Tlin01823-RA	GO:0016020
Tlin01823-RA	GO:0005230
Tlin01823-RA	GO:0016020
Tlin01823-RA	GO:0006811
Tlin01823-RA	GO:0016020
Tlin01823-RA	GO:0006811
Tlin01823-RA	GO:0006811
Tlin01823-RA	GO:0016020
Tlin01823-RA	GO:0005230
Tlin01823-RA	GO:0006811
Tlin01823-RA	GO:0016020
Tlin01823-RA	GO:0005230
Tlin10123-RA	GO:0008569
Tlin10123-RA	GO:0030286
Tlin10123-RA	GO:0007018
Tlin10123-RA	GO:0005515
Tlin10123-RA	GO:0005524
Tlin10123-RA	GO:0008569
Tlin10123-RA	GO:0030286
Tlin10123-RA	GO:0045505
Tlin10123-RA	GO:0051959
Tlin10123-RA	GO:0007018
Tlin00631-RA	GO:0006355
Tlin00631-RA	GO:0003677
Tlin00631-RA	GO:0006355
Tlin00631-RA	GO:0003700
Tlin00631-RA	GO:0006355
Tlin00631-RA	GO:0003677
Tlin12666-RA	GO:0005509
Tlin12666-RA	GO:0005509
Tlin07779-RA	GO:0016805
Tlin07779-RA	GO:0070004
Tlin07779-RA	GO:0006508
Tlin07779-RA	GO:0016805
Tlin07779-RA	GO:0070004
Tlin07779-RA	GO:0006508
Tlin14972-RA	GO:0006355
Tlin14972-RA	GO:0003712
Tlin14972-RA	GO:0006357
Tlin14972-RA	GO:0016592
Tlin14972-RA	GO:0003712
Tlin14972-RA	GO:0006357
Tlin14972-RA	GO:0016592
Tlin14972-RA	GO:0003712
Tlin07689-RA	GO:0006814
Tlin07689-RA	GO:0016020
Tlin07689-RA	GO:0005272
Tlin07689-RA	GO:0006814
Tlin07689-RA	GO:0016020
Tlin07689-RA	GO:0005272
Tlin07689-RA	GO:0006814
Tlin07689-RA	GO:0016020
Tlin07689-RA	GO:0005272
Tlin07813-RA	GO:0016020
Tlin07813-RA	GO:0046975
Tlin07813-RA	GO:0097198
Tlin07813-RA	GO:0016279
Tlin07813-RA	GO:0005515
Tlin07813-RA	GO:0005515
Tlin07813-RA	GO:0046975
Tlin07813-RA	GO:0010452
Tlin07813-RA	GO:0006355
Tlin07813-RA	GO:0034968
Tlin07813-RA	GO:0005694
Tlin07813-RA	GO:0005515
Tlin07813-RA	GO:0042054
Tlin07813-RA	GO:0005634
Tlin07813-RA	GO:0005515
Tlin07813-RA	GO:0005515
Tlin01630-RA	GO:0006357
Tlin06547-RA	GO:0016747
Tlin06741-RA	GO:0032580
Tlin06741-RA	GO:0008376
Tlin07648-RA	GO:0005515
Tlin07648-RA	GO:0005515
Tlin07648-RA	GO:0005515
Tlin07648-RA	GO:0005515
Tlin07648-RA	GO:0005515
Tlin07648-RA	GO:0005515
Tlin03795-RA	GO:0005524
Tlin03795-RA	GO:0003676
Tlin11053-RA	GO:0007015
Tlin11053-RA	GO:0035023
Tlin11053-RA	GO:0031267
Tlin11053-RA	GO:0003779
Tlin11053-RA	GO:0003779
Tlin10059-RA	GO:0050909
Tlin10059-RA	GO:0016020
Tlin10059-RA	GO:0050909
Tlin10059-RA	GO:0016020
Tlin02738-RA	GO:0019843
Tlin02738-RA	GO:0032543
Tlin02738-RA	GO:0043024
Tlin02738-RA	GO:0005739
Tlin02738-RA	GO:0005515
Tlin04764-RA	GO:0016020
Tlin04764-RA	GO:0016020
Tlin12438-RA	GO:0005515
Tlin12438-RA	GO:0005515
Tlin05166-RA	GO:0016055
Tlin01099-RA	GO:0005515
Tlin01099-RA	GO:0005515
Tlin12103-RA	GO:0006357
Tlin12103-RA	GO:0016592
Tlin12103-RA	GO:0003712
Tlin12103-RA	GO:0006357
Tlin12103-RA	GO:0016592
Tlin12103-RA	GO:0003712
Tlin00523-RA	GO:0000922
Tlin00523-RA	GO:0005815
Tlin00523-RA	GO:0007020
Tlin00523-RA	GO:0043015
Tlin00523-RA	GO:0000226
Tlin00523-RA	GO:0043015
Tlin08157-RA	GO:0035091
Tlin08157-RA	GO:0035091
Tlin08157-RA	GO:0035091
Tlin02077-RA	GO:0016538
Tlin02077-RA	GO:0006357
Tlin01257-RA	GO:0008610
Tlin01257-RA	GO:0016491
Tlin01257-RA	GO:0005506
Tlin09009-RA	GO:0008083
Tlin09009-RA	GO:0008083
Tlin00729-RA	GO:0006508
Tlin00729-RA	GO:0004185
Tlin00729-RA	GO:0006508
Tlin00729-RA	GO:0004185
Tlin00729-RA	GO:0004185
Tlin00729-RA	GO:0004185
Tlin07080-RA	GO:0005515
Tlin07080-RA	GO:0005515
Tlin07080-RA	GO:0005515
Tlin07080-RA	GO:0005515
Tlin07080-RA	GO:0005515
Tlin12485-RA	GO:0035299
Tlin12485-RA	GO:0005524
Tlin12485-RA	GO:0035299
Tlin12485-RA	GO:0005524
Tlin05142-RA	GO:0000166
Tlin10311-RA	GO:0070573
Tlin06602-RA	GO:0006357
Tlin06602-RA	GO:0016592
Tlin06602-RA	GO:0003712
Tlin06602-RA	GO:0006357
Tlin06602-RA	GO:0016592
Tlin06602-RA	GO:0003712
Tlin06602-RA	GO:0016592
Tlin03638-RA	GO:0005515
Tlin03638-RA	GO:0005515
Tlin00335-RA	GO:0006098
Tlin00335-RA	GO:0017057
Tlin00335-RA	GO:0005975
Tlin00335-RA	GO:0005975
Tlin11337-RA	GO:0048208
Tlin11337-RA	GO:0006914
Tlin11786-RA	GO:0005515
Tlin11786-RA	GO:0005515
Tlin11786-RA	GO:0005515
Tlin11786-RA	GO:0005515
Tlin11786-RA	GO:0005515
Tlin10591-RA	GO:0006261
Tlin09344-RA	GO:0000062
Tlin09344-RA	GO:0000062
Tlin14634-RA	GO:0016020
Tlin14634-RA	GO:0055085
Tlin14634-RA	GO:0140359
Tlin14634-RA	GO:0005524
Tlin14634-RA	GO:0016020
Tlin14634-RA	GO:0055085
Tlin14634-RA	GO:0140359
Tlin14634-RA	GO:0005524
Tlin14634-RA	GO:0005524
Tlin14634-RA	GO:0016020
Tlin14634-RA	GO:0005524
Tlin14634-RA	GO:0140359
Tlin14634-RA	GO:0016887
Tlin14634-RA	GO:0005524
Tlin14634-RA	GO:0016020
Tlin14634-RA	GO:0005524
Tlin14634-RA	GO:0016020
Tlin14634-RA	GO:0005524
Tlin14634-RA	GO:0016020
Tlin14634-RA	GO:0005524
Tlin14634-RA	GO:0140359
Tlin14634-RA	GO:0005524
Tlin07125-RA	GO:0005515
Tlin10942-RA	GO:0005634
Tlin10942-RA	GO:0005634
Tlin10942-RA	GO:0005634
Tlin00964-RA	GO:0044237
Tlin10634-RA	GO:0007186
Tlin10634-RA	GO:0016020
Tlin10634-RA	GO:0004930
Tlin10634-RA	GO:0007186
Tlin10634-RA	GO:0016020
Tlin10634-RA	GO:0004930
Tlin00514-RA	GO:0006298
Tlin00514-RA	GO:0030983
Tlin00514-RA	GO:0005524
Tlin00514-RA	GO:0006298
Tlin00514-RA	GO:0030983
Tlin00514-RA	GO:0005524
Tlin00514-RA	GO:0006298
Tlin00514-RA	GO:0030983
Tlin00514-RA	GO:0140664
Tlin00514-RA	GO:0005524
Tlin14336-RA	GO:0009253
Tlin14336-RA	GO:0008745
Tlin14336-RA	GO:0009253
Tlin14336-RA	GO:0008745
Tlin14336-RA	GO:0009253
Tlin14336-RA	GO:0008745
Tlin14336-RA	GO:0009253
Tlin14336-RA	GO:0008745
Tlin01740-RA	GO:0031083
Tlin01740-RA	GO:0030133
Tlin01740-RA	GO:0031083
Tlin01740-RA	GO:0030133
Tlin11726-RA	GO:0005515
Tlin11726-RA	GO:0005515
Tlin11726-RA	GO:0005515
Tlin11726-RA	GO:0005515
Tlin11726-RA	GO:0140658
Tlin11726-RA	GO:0005524
Tlin11726-RA	GO:0042393
Tlin04632-RA	GO:0008610
Tlin04632-RA	GO:0016491
Tlin04632-RA	GO:0005506
Tlin06146-RA	GO:0010468
Tlin01345-RA	GO:0006886
Tlin01345-RA	GO:0016192
Tlin01345-RA	GO:0030130
Tlin01345-RA	GO:0030132
Tlin01345-RA	GO:0005198
Tlin01345-RA	GO:0006886
Tlin01345-RA	GO:0016192
Tlin01345-RA	GO:0030130
Tlin01345-RA	GO:0030132
Tlin01345-RA	GO:0005198
Tlin05150-RA	GO:0007264
Tlin05150-RA	GO:0005085
Tlin05150-RA	GO:0007264
Tlin05150-RA	GO:0005085
Tlin05150-RA	GO:0005515
Tlin05150-RA	GO:0005515
Tlin05150-RA	GO:0007264
Tlin05150-RA	GO:0005085
Tlin05150-RA	GO:0007264
Tlin05150-RA	GO:0005085
Tlin05150-RA	GO:0007165
Tlin05150-RA	GO:0007264
Tlin05150-RA	GO:0005085
Tlin05150-RA	GO:0005515
Tlin03839-RA	GO:0008270
Tlin03839-RA	GO:0003677
Tlin03839-RA	GO:0005515
Tlin06690-RA	GO:0006468
Tlin06690-RA	GO:0004674
Tlin06690-RA	GO:0005524
Tlin06690-RA	GO:0005524
Tlin06690-RA	GO:0006468
Tlin06690-RA	GO:0004672
Tlin06690-RA	GO:0006468
Tlin06690-RA	GO:0004672
Tlin04981-RA	GO:0005515
Tlin04981-RA	GO:0003755
Tlin04981-RA	GO:0003755
Tlin04981-RA	GO:0005515
Tlin04981-RA	GO:0005515
Tlin04981-RA	GO:0005515
Tlin02986-RA	GO:0006355
Tlin02986-RA	GO:0043565
Tlin02986-RA	GO:0003700
Tlin02986-RA	GO:0006355
Tlin02986-RA	GO:0043565
Tlin02986-RA	GO:0003700
Tlin02986-RA	GO:0006355
Tlin02986-RA	GO:0043565
Tlin02986-RA	GO:0003700
Tlin02986-RA	GO:0006355
Tlin02986-RA	GO:0003700
Tlin01061-RA	GO:0005975
Tlin01061-RA	GO:0004553
Tlin01061-RA	GO:0005975
Tlin01061-RA	GO:0004553
Tlin02608-RA	GO:0016226
Tlin02608-RA	GO:0008199
Tlin02608-RA	GO:0016226
Tlin02608-RA	GO:0008199
Tlin02608-RA	GO:0016226
Tlin02608-RA	GO:0008199
Tlin02608-RA	GO:0016226
Tlin02608-RA	GO:0008199
Tlin09514-RA	GO:0005506
Tlin09514-RA	GO:0016705
Tlin09514-RA	GO:0020037
Tlin09514-RA	GO:0004497
Tlin09514-RA	GO:0005506
Tlin09514-RA	GO:0016705
Tlin09514-RA	GO:0020037
Tlin09514-RA	GO:0004497
Tlin09514-RA	GO:0005506
Tlin09514-RA	GO:0016705
Tlin09514-RA	GO:0020037
Tlin09514-RA	GO:0004497
Tlin09514-RA	GO:0016705
Tlin09514-RA	GO:0005506
Tlin02577-RA	GO:0003735
Tlin02577-RA	GO:0005840
Tlin02577-RA	GO:0006412
Tlin02577-RA	GO:0003723
Tlin02577-RA	GO:0003735
Tlin02577-RA	GO:0005840
Tlin02577-RA	GO:0006412
Tlin02577-RA	GO:0003723
Tlin02577-RA	GO:0003676
Tlin06454-RA	GO:0005515
Tlin06454-RA	GO:0005515
Tlin06454-RA	GO:0005515
Tlin08473-RA	GO:0005524
Tlin08473-RA	GO:0003676
Tlin11690-RA	GO:0005515
Tlin01586-RA	GO:0009249
Tlin00087-RA	GO:0006631
Tlin00087-RA	GO:0004467
Tlin14084-RA	GO:0006313
Tlin14084-RA	GO:0004803
Tlin06784-RA	GO:0006338
Tlin06784-RA	GO:0006355
Tlin06784-RA	GO:0140849
Tlin06784-RA	GO:0005634
Tlin07612-RA	GO:0005525
Tlin07612-RA	GO:0003924
Tlin04654-RA	GO:0005739
Tlin04654-RA	GO:0005739
Tlin04654-RA	GO:0045277
Tlin04654-RA	GO:0005739
Tlin04654-RA	GO:0045277
Tlin04654-RA	GO:0005739
Tlin09076-RA	GO:0010945
Tlin09076-RA	GO:0010945
Tlin09471-RA	GO:0043161
Tlin09471-RA	GO:0019774
Tlin09471-RA	GO:0051603
Tlin09471-RA	GO:0005839
Tlin09471-RA	GO:0051603
Tlin09471-RA	GO:0005839
Tlin04790-RA	GO:0000390
Tlin04790-RA	GO:0003676
Tlin11230-RA	GO:0008270
Tlin11230-RA	GO:0005634
Tlin14896-RA	GO:0003824
Tlin11572-RA	GO:0006355
Tlin11572-RA	GO:0003700
Tlin11572-RA	GO:0005634
Tlin11572-RA	GO:0006355
Tlin11572-RA	GO:0003700
Tlin11572-RA	GO:0045893
Tlin11572-RA	GO:0003700
Tlin11572-RA	GO:0005634
Tlin11572-RA	GO:0006355
Tlin11572-RA	GO:0003700
Tlin11572-RA	GO:0005634
Tlin11572-RA	GO:0006355
Tlin11572-RA	GO:0003700
Tlin11572-RA	GO:0003700
Tlin11572-RA	GO:0006355
Tlin11572-RA	GO:0000978
Tlin08275-RA	GO:0003729
Tlin08275-RA	GO:0000340
Tlin08275-RA	GO:0003729
Tlin08275-RA	GO:0000340
Tlin05138-RA	GO:0005520
Tlin05138-RA	GO:0005576
Tlin05138-RA	GO:0001558
Tlin05138-RA	GO:0005576
Tlin14865-RA	GO:0005634
Tlin14865-RA	GO:0006357
Tlin14865-RA	GO:0003690
Tlin12867-RA	GO:0032958
Tlin12867-RA	GO:0016301
Tlin12867-RA	GO:0032958
Tlin12867-RA	GO:0016301
Tlin08245-RA	GO:0051920
Tlin08245-RA	GO:0098869
Tlin08245-RA	GO:0051920
Tlin08245-RA	GO:0016491
Tlin08245-RA	GO:0016209
Tlin03451-RA	GO:0005515
Tlin03451-RA	GO:0005515
Tlin07749-RA	GO:0008168
Tlin02326-RA	GO:0005515
Tlin11757-RA	GO:0046872
Tlin11757-RA	GO:0006801
Tlin11757-RA	GO:0046872
Tlin11757-RA	GO:0006801
Tlin11757-RA	GO:0046872
Tlin11757-RA	GO:0006801
Tlin11757-RA	GO:0033897
Tlin11757-RA	GO:0003723
Tlin11757-RA	GO:0033897
Tlin11757-RA	GO:0003723
Tlin11757-RA	GO:0033897
Tlin11757-RA	GO:0003723
Tlin11757-RA	GO:0033897
Tlin11757-RA	GO:0003723
Tlin11757-RA	GO:0046872
Tlin11757-RA	GO:0006801
Tlin00986-RA	GO:0005515
Tlin00986-RA	GO:0005515
Tlin00986-RA	GO:0035721
Tlin00986-RA	GO:0005515
Tlin05583-RA	GO:0017065
Tlin05583-RA	GO:0006284
Tlin05583-RA	GO:0017065
Tlin05583-RA	GO:0006284
Tlin10486-RA	GO:0006013
Tlin10486-RA	GO:0004559
Tlin10486-RA	GO:0005975
Tlin10486-RA	GO:0030246
Tlin10486-RA	GO:0003824
Tlin10486-RA	GO:0006013
Tlin10486-RA	GO:0004559
Tlin10486-RA	GO:0005975
Tlin10486-RA	GO:0006013
Tlin10486-RA	GO:0004559
Tlin10486-RA	GO:0006013
Tlin10486-RA	GO:0004559
Tlin10486-RA	GO:0006013
Tlin10486-RA	GO:0004559
Tlin02997-RA	GO:0005515
Tlin02997-RA	GO:0005515
Tlin09166-RA	GO:0005634
Tlin09166-RA	GO:0006364
Tlin07755-RA	GO:0006396
Tlin07755-RA	GO:0003723
Tlin07755-RA	GO:0006396
Tlin07755-RA	GO:0003723
Tlin07755-RA	GO:0005515
Tlin07755-RA	GO:0006396
Tlin07755-RA	GO:0003723
Tlin07755-RA	GO:0006396
Tlin07755-RA	GO:0003723
Tlin07755-RA	GO:0006396
Tlin07755-RA	GO:0003723
Tlin07755-RA	GO:0006396
Tlin07755-RA	GO:0003723
Tlin07755-RA	GO:0045292
Tlin07755-RA	GO:0003723
Tlin00681-RA	GO:0005751
Tlin00681-RA	GO:0006123
Tlin00681-RA	GO:0005740
Tlin00681-RA	GO:0005751
Tlin00681-RA	GO:0006123
Tlin00681-RA	GO:0005740
Tlin00681-RA	GO:0005751
Tlin00681-RA	GO:0006123
Tlin00681-RA	GO:0005740
Tlin00681-RA	GO:0005751
Tlin00681-RA	GO:0006123
Tlin00681-RA	GO:0005740
Tlin06811-RA	GO:0016741
Tlin06811-RA	GO:0006231
Tlin06811-RA	GO:0004799
Tlin08666-RA	GO:0003824
Tlin08666-RA	GO:0030170
Tlin08666-RA	GO:0009058
Tlin08666-RA	GO:0003824
Tlin08666-RA	GO:0009058
Tlin08666-RA	GO:0030170
Tlin08666-RA	GO:0003824
Tlin09383-RA	GO:0007411
Tlin10533-RA	GO:0005840
Tlin10533-RA	GO:0006412
Tlin10533-RA	GO:0003735
Tlin10533-RA	GO:0005840
Tlin10533-RA	GO:0006412
Tlin10533-RA	GO:0003735
Tlin10533-RA	GO:0005840
Tlin10533-RA	GO:0006412
Tlin10533-RA	GO:0003735
Tlin03996-RA	GO:0030548
Tlin02708-RA	GO:0008270
Tlin13761-RA	GO:0003676
Tlin11174-RA	GO:0006325
Tlin11174-RA	GO:0003677
Tlin05117-RA	GO:0006486
Tlin05117-RA	GO:0004378
Tlin05117-RA	GO:0016757
Tlin01581-RA	GO:0007186
Tlin01581-RA	GO:0016020
Tlin01581-RA	GO:0004930
Tlin01581-RA	GO:0005515
Tlin01581-RA	GO:0005515
Tlin01581-RA	GO:0005515
Tlin01581-RA	GO:0005515
Tlin01581-RA	GO:0007186
Tlin01581-RA	GO:0016020
Tlin01581-RA	GO:0004930
Tlin01581-RA	GO:0005515
Tlin00518-RA	GO:0016757
Tlin00518-RA	GO:0016020
Tlin01152-RA	GO:0005856
Tlin01152-RA	GO:0005856
Tlin14296-RA	GO:0005524
Tlin14296-RA	GO:0007018
Tlin14296-RA	GO:0003777
Tlin14296-RA	GO:0007018
Tlin14296-RA	GO:0003777
Tlin14296-RA	GO:0005524
Tlin14296-RA	GO:0007018
Tlin14296-RA	GO:0008017
Tlin14296-RA	GO:0003777
Tlin07717-RA	GO:0005515
Tlin07717-RA	GO:0005515
Tlin07717-RA	GO:0005515
Tlin07717-RA	GO:0005515
Tlin04770-RA	GO:0046872
Tlin04770-RA	GO:0046872
Tlin04770-RA	GO:0006508
Tlin04770-RA	GO:0004222
Tlin04770-RA	GO:0046872
Tlin04770-RA	GO:0046872
Tlin12189-RA	GO:0003676
Tlin12398-RA	GO:0015074
Tlin12398-RA	GO:0003676
Tlin12294-RA	GO:0046872
Tlin12775-RA	GO:0008654
Tlin12775-RA	GO:0004609
Tlin12775-RA	GO:0008654
Tlin12775-RA	GO:0004609
Tlin09732-RA	GO:0043565
Tlin13952-RA	GO:0005549
Tlin13952-RA	GO:0007608
Tlin13952-RA	GO:0016020
Tlin13952-RA	GO:0004984
Tlin13952-RA	GO:0005549
Tlin13952-RA	GO:0007608
Tlin13952-RA	GO:0016020
Tlin13952-RA	GO:0004984
Tlin11899-RA	GO:0005549
Tlin11899-RA	GO:0007608
Tlin11899-RA	GO:0016020
Tlin11899-RA	GO:0004984
Tlin11899-RA	GO:0005549
Tlin11899-RA	GO:0007608
Tlin11899-RA	GO:0016020
Tlin11899-RA	GO:0004984
Tlin09630-RA	GO:0005515
Tlin09630-RA	GO:0005515
Tlin09630-RA	GO:0005515
Tlin09630-RA	GO:0005515
Tlin09630-RA	GO:0005515
Tlin09630-RA	GO:0005515
Tlin13333-RA	GO:0046983
Tlin02464-RA	GO:0005509
Tlin02464-RA	GO:0005509
Tlin02464-RA	GO:0005509
Tlin02464-RA	GO:0005509
Tlin02464-RA	GO:0005509
Tlin04822-RA	GO:0008237
Tlin04822-RA	GO:0008241
Tlin04822-RA	GO:0016020
Tlin04822-RA	GO:0006508
Tlin04822-RA	GO:0008237
Tlin04822-RA	GO:0008241
Tlin04822-RA	GO:0016020
Tlin04822-RA	GO:0006508
Tlin12320-RA	GO:0003676
Tlin11672-RA	GO:0006367
Tlin11672-RA	GO:0006366
Tlin11672-RA	GO:0006367
Tlin11672-RA	GO:0005674
Tlin01863-RA	GO:0005515
Tlin01863-RA	GO:0005515
Tlin01863-RA	GO:0005515
Tlin01863-RA	GO:0005886
Tlin01863-RA	GO:0007155
Tlin01863-RA	GO:0007411
Tlin01863-RA	GO:0005515
Tlin01863-RA	GO:0005515
Tlin01863-RA	GO:0005515
Tlin01863-RA	GO:0005515
Tlin01863-RA	GO:0005515
Tlin01863-RA	GO:0005515
Tlin01863-RA	GO:0005515
Tlin01863-RA	GO:0005515
Tlin02618-RA	GO:0008194
Tlin02618-RA	GO:0008194
Tlin09933-RA	GO:0006285
Tlin09933-RA	GO:0000700
Tlin09933-RA	GO:0006285
Tlin09933-RA	GO:0000700
Tlin08386-RA	GO:0005840
Tlin08386-RA	GO:0006412
Tlin08386-RA	GO:0003735
Tlin08386-RA	GO:0005840
Tlin08386-RA	GO:0006412
Tlin08386-RA	GO:0003735
Tlin08386-RA	GO:0005840
Tlin08386-RA	GO:0006412
Tlin08386-RA	GO:0003735
Tlin08386-RA	GO:0005840
Tlin08386-RA	GO:0006412
Tlin08386-RA	GO:0003735
Tlin02884-RA	GO:0006313
Tlin02884-RA	GO:0004803
Tlin06858-RA	GO:0003723
Tlin06858-RA	GO:0003723
Tlin02957-RA	GO:0003743
Tlin02957-RA	GO:0005515
Tlin02957-RA	GO:0003723
Tlin02957-RA	GO:0005515
Tlin02957-RA	GO:0003723
Tlin03559-RA	GO:0006355
Tlin03559-RA	GO:0043565
Tlin03559-RA	GO:0003700
Tlin10783-RA	GO:0016671
Tlin10783-RA	GO:0016671
Tlin08141-RA	GO:0005524
Tlin08141-RA	GO:0007018
Tlin08141-RA	GO:0003777
Tlin08141-RA	GO:0007018
Tlin08141-RA	GO:0003777
Tlin08141-RA	GO:0005524
Tlin08141-RA	GO:0007018
Tlin08141-RA	GO:0008017
Tlin08141-RA	GO:0003777
Tlin05765-RA	GO:0016020
Tlin13953-RA	GO:0005762
Tlin13953-RA	GO:0003735
Tlin13953-RA	GO:0005762
Tlin13953-RA	GO:0003735
Tlin14750-RA	GO:0005762
Tlin14750-RA	GO:0003735
Tlin14750-RA	GO:0005762
Tlin14750-RA	GO:0003735
Tlin01367-RA	GO:0006511
Tlin01367-RA	GO:0004843
Tlin01367-RA	GO:0016579
Tlin01367-RA	GO:0004843
Tlin00023-RA	GO:0005515
Tlin00023-RA	GO:0005515
Tlin00023-RA	GO:0005515
Tlin00023-RA	GO:0005515
Tlin00023-RA	GO:0005515
Tlin00687-RA	GO:0061575
Tlin00687-RA	GO:0016533
Tlin00687-RA	GO:0061575
Tlin00687-RA	GO:0016533
Tlin05774-RA	GO:0007165
Tlin05774-RA	GO:0005856
Tlin05774-RA	GO:0005856
Tlin05774-RA	GO:0005515
Tlin05774-RA	GO:0005515
Tlin05774-RA	GO:0005524
Tlin05774-RA	GO:0016459
Tlin05774-RA	GO:0003774
Tlin05306-RA	GO:0006606
Tlin11238-RA	GO:0003676
Tlin11238-RA	GO:0005515
Tlin11238-RA	GO:0005515
Tlin11687-RA	GO:0005515
Tlin11687-RA	GO:0005515
Tlin11687-RA	GO:0005515
Tlin11687-RA	GO:0005515
Tlin10566-RA	GO:0008289
Tlin10566-RA	GO:0008289
Tlin00855-RA	GO:0006508
Tlin00855-RA	GO:0004198
Tlin00855-RA	GO:0006508
Tlin00855-RA	GO:0004198
Tlin14496-RA	GO:0003677
Tlin14496-RA	GO:0006384
Tlin14496-RA	GO:0000127
Tlin08712-RA	GO:0006367
Tlin08712-RA	GO:0005634
Tlin08712-RA	GO:0006367
Tlin08712-RA	GO:0032968
Tlin08712-RA	GO:0003677
Tlin08712-RA	GO:0005634
Tlin08712-RA	GO:0006367
Tlin08712-RA	GO:0032968
Tlin08712-RA	GO:0003677
Tlin06892-RA	GO:0006355
Tlin06892-RA	GO:0000981
Tlin06892-RA	GO:0003677
Tlin06892-RA	GO:0003677
Tlin08090-RA	GO:0008168
Tlin08090-RA	GO:0008168
Tlin04138-RA	GO:0006629
Tlin04138-RA	GO:0007165
Tlin04138-RA	GO:0035556
Tlin04138-RA	GO:0004435
Tlin04138-RA	GO:0005515
Tlin04138-RA	GO:0005515
Tlin04138-RA	GO:0008081
Tlin04138-RA	GO:0006629
Tlin04138-RA	GO:0035556
Tlin04138-RA	GO:0008081
Tlin04138-RA	GO:0006629
Tlin04138-RA	GO:0008081
Tlin04138-RA	GO:0006629
Tlin08155-RA	GO:0005509
Tlin08155-RA	GO:0005515
Tlin08155-RA	GO:0005515
Tlin08155-RA	GO:0005515
Tlin08155-RA	GO:0005515
Tlin08155-RA	GO:0005515
Tlin08155-RA	GO:0005515
Tlin08155-RA	GO:0005515
Tlin08155-RA	GO:0005515
Tlin03957-RA	GO:0030170
Tlin03957-RA	GO:0008483
Tlin03957-RA	GO:0003824
Tlin03957-RA	GO:0030170
Tlin03957-RA	GO:0008483
Tlin09496-RA	GO:0005524
Tlin09496-RA	GO:0003676
Tlin09836-RA	GO:0005515
Tlin09836-RA	GO:0006508
Tlin09836-RA	GO:0005515
Tlin10236-RA	GO:0008270
Tlin01184-RA	GO:0008810
Tlin01184-RA	GO:0005975
Tlin01184-RA	GO:0008810
Tlin01184-RA	GO:0005975
Tlin02502-RA	GO:0008270
Tlin02502-RA	GO:0005634
Tlin00430-RA	GO:0009058
Tlin00430-RA	GO:0003824
Tlin00430-RA	GO:0005524
Tlin00430-RA	GO:0015937
Tlin00430-RA	GO:0004140
Tlin00552-RA	GO:0015385
Tlin00552-RA	GO:0016020
Tlin00552-RA	GO:1902600
Tlin00552-RA	GO:0006812
Tlin00552-RA	GO:0015297
Tlin00552-RA	GO:0016020
Tlin00552-RA	GO:0055085
Tlin00552-RA	GO:1902600
Tlin00552-RA	GO:0006812
Tlin02125-RA	GO:0016747
Tlin02980-RA	GO:0016887
Tlin02980-RA	GO:0005524
Tlin00499-RA	GO:0005685
Tlin00499-RA	GO:0006376
Tlin00499-RA	GO:0003729
Tlin00499-RA	GO:0005685
Tlin00499-RA	GO:0006376
Tlin00499-RA	GO:0003729
Tlin09263-RA	GO:0055085
Tlin09263-RA	GO:0022857
Tlin09263-RA	GO:0055085
Tlin09263-RA	GO:0022857
Tlin13005-RA	GO:0008270
Tlin13005-RA	GO:0003676
Tlin07199-RA	GO:0008270
Tlin07071-RA	GO:0016538
Tlin07071-RA	GO:0006357
Tlin05640-RA	GO:0046872
Tlin05640-RA	GO:0006801
Tlin05640-RA	GO:0034314
Tlin05640-RA	GO:0043014
Tlin05640-RA	GO:0071203
Tlin05640-RA	GO:0005769
Tlin06043-RA	GO:0006414
Tlin06043-RA	GO:0003746
Tlin06043-RA	GO:0005515
Tlin06043-RA	GO:0006414
Tlin06043-RA	GO:0003746
Tlin06043-RA	GO:0006414
Tlin06043-RA	GO:0003746
Tlin14991-RA	GO:0003677
Tlin14991-RA	GO:0046983
Tlin01980-RA	GO:0016810
Tlin01980-RA	GO:0005975
Tlin01980-RA	GO:0008061
Tlin01980-RA	GO:0005576
Tlin01980-RA	GO:0005975
Tlin01980-RA	GO:0008061
Tlin11499-RA	GO:0007186
Tlin11499-RA	GO:0016020
Tlin11499-RA	GO:0004930
Tlin11499-RA	GO:0007186
Tlin11499-RA	GO:0016020
Tlin11499-RA	GO:0004930
Tlin01541-RA	GO:0043014
Tlin01541-RA	GO:0006457
Tlin01541-RA	GO:0005515
Tlin04345-RA	GO:0005515
Tlin04345-RA	GO:0005515
Tlin04345-RA	GO:0005515
Tlin04345-RA	GO:0005515
Tlin04345-RA	GO:0005515
Tlin04345-RA	GO:0005515
Tlin04345-RA	GO:0005515
Tlin04345-RA	GO:0005515
Tlin04345-RA	GO:0005515
Tlin02707-RA	GO:0032958
Tlin02707-RA	GO:0016301
Tlin02707-RA	GO:0032958
Tlin02707-RA	GO:0016301
Tlin08136-RA	GO:0006366
Tlin11203-RA	GO:0016020
Tlin11203-RA	GO:0016020
Tlin08811-RA	GO:0018342
Tlin08811-RA	GO:0008318
Tlin08811-RA	GO:0018342
Tlin08811-RA	GO:0008318
Tlin08811-RA	GO:0018342
Tlin08811-RA	GO:0008318
Tlin09073-RA	GO:0005515
Tlin02500-RA	GO:0016671
Tlin02500-RA	GO:0016671
Tlin02500-RA	GO:0016671
Tlin07221-RA	GO:0004222
Tlin07221-RA	GO:0005524
Tlin07221-RA	GO:0006508
Tlin07221-RA	GO:0004176
Tlin07221-RA	GO:0004222
Tlin07221-RA	GO:0005524
Tlin07221-RA	GO:0006508
Tlin07221-RA	GO:0004176
Tlin07221-RA	GO:0004222
Tlin07221-RA	GO:0005524
Tlin07221-RA	GO:0006508
Tlin07221-RA	GO:0004176
Tlin07221-RA	GO:0016887
Tlin07221-RA	GO:0005524
Tlin02074-RA	GO:0016887
Tlin02074-RA	GO:0005524
Tlin11829-RA	GO:0043565
Tlin02897-RA	GO:0003676
Tlin02897-RA	GO:0045892
Tlin02897-RA	GO:0003700
Tlin00446-RA	GO:0007076
Tlin00446-RA	GO:0000796
Tlin10450-RA	GO:0051603
Tlin10450-RA	GO:0005839
Tlin10450-RA	GO:0051603
Tlin10450-RA	GO:0005839
Tlin06643-RA	GO:0003723
Tlin06643-RA	GO:0005681
Tlin06643-RA	GO:0000398
Tlin03129-RA	GO:0006508
Tlin03129-RA	GO:0004252
Tlin03129-RA	GO:0006508
Tlin03129-RA	GO:0004252
Tlin03129-RA	GO:0006508
Tlin03129-RA	GO:0004252
Tlin09299-RA	GO:0006850
Tlin09299-RA	GO:0005743
Tlin03768-RA	GO:0022832
Tlin03768-RA	GO:0005765
Tlin03768-RA	GO:0006811
Tlin03768-RA	GO:0016020
Tlin03768-RA	GO:0055085
Tlin03768-RA	GO:0005216
Tlin03768-RA	GO:0006811
Tlin03768-RA	GO:0016020
Tlin03768-RA	GO:0055085
Tlin03768-RA	GO:0005216
Tlin06723-RA	GO:0006629
Tlin13021-RA	GO:0006508
Tlin13021-RA	GO:0004252
Tlin13021-RA	GO:0006508
Tlin13021-RA	GO:0004252
Tlin13021-RA	GO:0006508
Tlin13021-RA	GO:0004252
Tlin00317-RA	GO:0016491
Tlin00317-RA	GO:0005840
Tlin00317-RA	GO:0006412
Tlin00317-RA	GO:0003735
Tlin12687-RA	GO:0006355
Tlin12687-RA	GO:0003714
Tlin12687-RA	GO:0006355
Tlin12687-RA	GO:0006355
Tlin12687-RA	GO:0006355
Tlin12687-RA	GO:0006355
Tlin12687-RA	GO:0006355
Tlin12687-RA	GO:0006355
Tlin12687-RA	GO:0006355
Tlin12687-RA	GO:0006355
Tlin12501-RA	GO:0046983
Tlin12527-RA	GO:0005840
Tlin12527-RA	GO:0006412
Tlin12527-RA	GO:0003735
Tlin12527-RA	GO:0005840
Tlin12527-RA	GO:0006412
Tlin12527-RA	GO:0003735
Tlin09786-RA	GO:0042273
Tlin09786-RA	GO:0000055
Tlin11585-RA	GO:0006357
Tlin11585-RA	GO:0016592
Tlin11585-RA	GO:0003712
Tlin11585-RA	GO:0006357
Tlin11585-RA	GO:0016592
Tlin11585-RA	GO:0003712
Tlin14112-RA	GO:0006313
Tlin14112-RA	GO:0004803
Tlin11331-RA	GO:0008380
Tlin13720-RA	GO:0008270
Tlin06979-RA	GO:0006807
Tlin06979-RA	GO:0004356
Tlin06979-RA	GO:0006542
Tlin06979-RA	GO:0006807
Tlin06979-RA	GO:0004356
Tlin06979-RA	GO:0003824
Tlin06979-RA	GO:0006542
Tlin06979-RA	GO:0006807
Tlin06979-RA	GO:0004356
Tlin06979-RA	GO:0006542
Tlin06979-RA	GO:0006807
Tlin06979-RA	GO:0004356
Tlin08216-RA	GO:0016020
Tlin08216-RA	GO:0016020
Tlin08216-RA	GO:0016020
Tlin08216-RA	GO:0016491
Tlin08216-RA	GO:0005507
Tlin08216-RA	GO:0005507
Tlin03740-RA	GO:0005840
Tlin03740-RA	GO:0006412
Tlin03740-RA	GO:0003735
Tlin03740-RA	GO:0005840
Tlin03740-RA	GO:0006412
Tlin03740-RA	GO:0003735
Tlin02066-RA	GO:0006260
Tlin02066-RA	GO:0005634
Tlin02066-RA	GO:0006357
Tlin02066-RA	GO:0016592
Tlin02066-RA	GO:0003712
Tlin08505-RA	GO:0035091
Tlin08505-RA	GO:0035091
Tlin08505-RA	GO:0005524
Tlin08505-RA	GO:0006468
Tlin08505-RA	GO:0004672
Tlin10663-RA	GO:0055085
Tlin10663-RA	GO:0022857
Tlin04843-RA	GO:0005515
Tlin04843-RA	GO:0005515
Tlin04843-RA	GO:0005515
Tlin04843-RA	GO:0005515
Tlin04843-RA	GO:0005515
Tlin04843-RA	GO:0005515
Tlin04843-RA	GO:0005515
Tlin04843-RA	GO:0005515
Tlin04843-RA	GO:0005515
Tlin04843-RA	GO:0005515
Tlin04843-RA	GO:0008374
Tlin04843-RA	GO:0005515
Tlin04843-RA	GO:0005515
Tlin04843-RA	GO:0005515
Tlin04843-RA	GO:0005515
Tlin04843-RA	GO:0005515
Tlin08855-RA	GO:0000166
Tlin08855-RA	GO:0000166
Tlin08855-RA	GO:0016020
Tlin08855-RA	GO:0019829
Tlin08855-RA	GO:0140358
Tlin08855-RA	GO:0006812
Tlin13422-RA	GO:0006396
Tlin13422-RA	GO:0004525
Tlin13422-RA	GO:0006396
Tlin13422-RA	GO:0004525
Tlin13422-RA	GO:0006396
Tlin13422-RA	GO:0004525
Tlin13422-RA	GO:0006396
Tlin13422-RA	GO:0004525
Tlin13422-RA	GO:0005515
Tlin13422-RA	GO:0005515
Tlin13422-RA	GO:0006396
Tlin13422-RA	GO:0004525
Tlin13422-RA	GO:0006396
Tlin13422-RA	GO:0004525
Tlin13422-RA	GO:0006396
Tlin13422-RA	GO:0004525
Tlin13422-RA	GO:0005524
Tlin13422-RA	GO:0016787
Tlin13422-RA	GO:0003677
Tlin13422-RA	GO:0006396
Tlin13422-RA	GO:0004525
Tlin10991-RA	GO:0046785
Tlin10991-RA	GO:0015631
Tlin10991-RA	GO:0046785
Tlin10991-RA	GO:0015631
Tlin01232-RA	GO:0006413
Tlin01232-RA	GO:0006413
Tlin01232-RA	GO:0006413
Tlin01232-RA	GO:0003743
Tlin07662-RA	GO:0003676
Tlin09731-RA	GO:0044528
Tlin00158-RA	GO:0005886
Tlin00158-RA	GO:0007155
Tlin00158-RA	GO:0007411
Tlin00158-RA	GO:0005515
Tlin02724-RA	GO:0046982
Tlin11348-RA	GO:0000422
Tlin11348-RA	GO:0000045
Tlin03209-RA	GO:0003676
Tlin08834-RA	GO:0007076
Tlin08834-RA	GO:0000796
Tlin08834-RA	GO:0007076
Tlin08834-RA	GO:0000796
Tlin08834-RA	GO:0007076
Tlin08834-RA	GO:0000796
Tlin02856-RA	GO:0006086
Tlin02856-RA	GO:0004739
Tlin02856-RA	GO:0003824
Tlin02856-RA	GO:0003824
Tlin04695-RA	GO:0016020
Tlin04695-RA	GO:0016020
Tlin04695-RA	GO:0016020
Tlin12312-RA	GO:0005515
Tlin06122-RA	GO:0046983
Tlin06122-RA	GO:0046983
Tlin06122-RA	GO:0046983
Tlin07734-RA	GO:0050660
Tlin07734-RA	GO:0016614
Tlin07734-RA	GO:0050660
Tlin07734-RA	GO:0016614
Tlin07734-RA	GO:0050660
Tlin07734-RA	GO:0016614
Tlin01374-RA	GO:0006355
Tlin01374-RA	GO:0005515
Tlin07375-RA	GO:0006355
Tlin07375-RA	GO:0003677
Tlin07375-RA	GO:0003677
Tlin07375-RA	GO:0006355
Tlin07375-RA	GO:0000981
Tlin00510-RA	GO:0005515
Tlin00510-RA	GO:0005515
Tlin00510-RA	GO:0005515
Tlin00510-RA	GO:0005515
Tlin00510-RA	GO:0005515
Tlin00510-RA	GO:0005515
Tlin11693-RA	GO:0008270
Tlin12677-RA	GO:0140662
Tlin12677-RA	GO:0005524
Tlin12677-RA	GO:0140662
Tlin12677-RA	GO:0005524
Tlin07484-RA	GO:0007186
Tlin07484-RA	GO:0016020
Tlin07484-RA	GO:0004930
Tlin11861-RA	GO:0005509
Tlin11861-RA	GO:0005509
Tlin11861-RA	GO:0005509
Tlin11861-RA	GO:0005509
Tlin11861-RA	GO:0005509
Tlin00616-RA	GO:0007186
Tlin00616-RA	GO:0016020
Tlin00616-RA	GO:0004930
Tlin00616-RA	GO:0007186
Tlin00616-RA	GO:0016020
Tlin00616-RA	GO:0004930
Tlin08406-RA	GO:0034553
Tlin08406-RA	GO:0005739
Tlin02307-RA	GO:0016192
Tlin02307-RA	GO:0030131
Tlin02307-RA	GO:0006886
Tlin02307-RA	GO:0016192
Tlin02307-RA	GO:0030131
Tlin02307-RA	GO:0006886
Tlin11774-RA	GO:0005524
Tlin11774-RA	GO:0003676
Tlin11774-RA	GO:0008168
Tlin11774-RA	GO:0032259
Tlin11774-RA	GO:0003676
Tlin13808-RA	GO:0003676
Tlin13943-RA	GO:0003676
Tlin01669-RA	GO:0005509
Tlin01669-RA	GO:0005509
Tlin06162-RA	GO:0003824
Tlin06162-RA	GO:0019752
Tlin06162-RA	GO:0030170
Tlin06162-RA	GO:0016830
Tlin06162-RA	GO:0019752
Tlin06162-RA	GO:0030170
Tlin06162-RA	GO:0016830
Tlin06162-RA	GO:0003824
Tlin06162-RA	GO:0016831
Tlin10633-RA	GO:0016747
Tlin05097-RA	GO:0046983
Tlin05097-RA	GO:0032922
Tlin05097-RA	GO:0000981
Tlin05097-RA	GO:0046983
Tlin05097-RA	GO:0046983
Tlin05097-RA	GO:0006355
Tlin05545-RA	GO:0005515
Tlin05545-RA	GO:0005515
Tlin05545-RA	GO:0016301
Tlin05545-RA	GO:0004674
Tlin14497-RA	GO:0005680
Tlin00490-RA	GO:0015293
Tlin00490-RA	GO:0016020
Tlin00490-RA	GO:0008643
Tlin02043-RA	GO:0003677
Tlin02043-RA	GO:0003677
Tlin02468-RA	GO:0016791
Tlin02468-RA	GO:0016791
Tlin02468-RA	GO:0016791
Tlin08880-RA	GO:0005853
Tlin08880-RA	GO:0006414
Tlin08880-RA	GO:0003746
Tlin08880-RA	GO:0006414
Tlin08880-RA	GO:0003746
Tlin08880-RA	GO:0006414
Tlin08880-RA	GO:0003746
Tlin06313-RA	GO:0005840
Tlin06313-RA	GO:0006412
Tlin06313-RA	GO:0003735
Tlin06313-RA	GO:0005840
Tlin06313-RA	GO:0006412
Tlin06313-RA	GO:0003735
Tlin06313-RA	GO:0005840
Tlin06313-RA	GO:0006412
Tlin06313-RA	GO:0003735
Tlin06313-RA	GO:0005840
Tlin06313-RA	GO:0006412
Tlin06313-RA	GO:0003735
Tlin06313-RA	GO:0005840
Tlin06313-RA	GO:0006412
Tlin06313-RA	GO:0003735
Tlin01770-RA	GO:0005991
Tlin01770-RA	GO:0004555
Tlin01770-RA	GO:0005975
Tlin01770-RA	GO:0005975
Tlin01770-RA	GO:0005991
Tlin01770-RA	GO:0004555
Tlin01770-RA	GO:0005991
Tlin01770-RA	GO:0004555
Tlin07237-RA	GO:0006468
Tlin07237-RA	GO:0004672
Tlin07237-RA	GO:0006468
Tlin07237-RA	GO:0004672
Tlin07108-RA	GO:0006511
Tlin07108-RA	GO:0004843
Tlin07108-RA	GO:0016579
Tlin07108-RA	GO:0004843
Tlin03566-RA	GO:0005525
Tlin03566-RA	GO:0003924
Tlin03566-RA	GO:0005525
Tlin07278-RA	GO:0015031
Tlin07278-RA	GO:0016020
Tlin07278-RA	GO:0005789
Tlin07278-RA	GO:0015031
Tlin07278-RA	GO:0016020
Tlin07278-RA	GO:0005789
Tlin03992-RA	GO:0005576
Tlin03992-RA	GO:0008083
Tlin03992-RA	GO:0008083
Tlin00849-RA	GO:0032222
Tlin00849-RA	GO:1903818
Tlin00849-RA	GO:0030431
Tlin13527-RA	GO:0008270
Tlin13527-RA	GO:0003676
Tlin04472-RA	GO:0008168
Tlin04472-RA	GO:0070476
Tlin04472-RA	GO:0016435
Tlin04472-RA	GO:0070476
Tlin04472-RA	GO:0016435
Tlin09209-RA	GO:0006298
Tlin09209-RA	GO:0030983
Tlin09209-RA	GO:0005524
Tlin09209-RA	GO:0006298
Tlin09209-RA	GO:0030983
Tlin09209-RA	GO:0140664
Tlin09209-RA	GO:0005524
Tlin09209-RA	GO:0006298
Tlin09209-RA	GO:0030983
Tlin09209-RA	GO:0005524
Tlin02380-RA	GO:0022857
Tlin02380-RA	GO:0055085
Tlin02380-RA	GO:0016020
Tlin02380-RA	GO:0022857
Tlin02380-RA	GO:0055085
Tlin02380-RA	GO:0016020
Tlin13478-RA	GO:0015074
Tlin13478-RA	GO:0003676
Tlin11192-RA	GO:0005634
Tlin11192-RA	GO:0043547
Tlin11192-RA	GO:0005096
Tlin13942-RA	GO:0016301
Tlin13942-RA	GO:0005975
Tlin12332-RA	GO:0050660
Tlin12332-RA	GO:0016627
Tlin12332-RA	GO:0016627
Tlin12332-RA	GO:0016627
Tlin12332-RA	GO:0016627
Tlin12332-RA	GO:0003995
Tlin12332-RA	GO:0016627
Tlin12332-RA	GO:0016627
Tlin12332-RA	GO:0003995
Tlin12332-RA	GO:0050660
Tlin12332-RA	GO:0016627
Tlin14488-RA	GO:0003677
Tlin14488-RA	GO:0006384
Tlin14488-RA	GO:0000127
Tlin09315-RA	GO:0016787
Tlin09315-RA	GO:0004722
Tlin09315-RA	GO:0016787
Tlin05509-RA	GO:0006468
Tlin05509-RA	GO:0004672
Tlin05509-RA	GO:0005524
Tlin05509-RA	GO:0005524
Tlin05509-RA	GO:0006468
Tlin05509-RA	GO:0004672
Tlin04968-RA	GO:0005524
Tlin04968-RA	GO:0007018
Tlin04968-RA	GO:0008017
Tlin04968-RA	GO:0003777
Tlin04968-RA	GO:0005524
Tlin04968-RA	GO:0007018
Tlin04968-RA	GO:0003777
Tlin04968-RA	GO:0007018
Tlin04968-RA	GO:0003777
Tlin06991-RA	GO:0005515
Tlin06991-RA	GO:0005515
Tlin06991-RA	GO:0005515
Tlin06991-RA	GO:0005515
Tlin14997-RA	GO:0003676
Tlin11765-RA	GO:0016491
Tlin00531-RA	GO:0032040
Tlin00531-RA	GO:0006364
Tlin05823-RA	GO:0005840
Tlin05823-RA	GO:0006412
Tlin05823-RA	GO:0003735
Tlin05823-RA	GO:0005840
Tlin05823-RA	GO:0006412
Tlin05823-RA	GO:0003735
Tlin00043-RA	GO:0003700
Tlin00043-RA	GO:0005634
Tlin00043-RA	GO:0006355
Tlin00043-RA	GO:0003677
Tlin00043-RA	GO:0005524
Tlin00043-RA	GO:0005634
Tlin00043-RA	GO:0006355
Tlin00043-RA	GO:0003677
Tlin00043-RA	GO:0006355
Tlin00043-RA	GO:0003700
Tlin00043-RA	GO:0003700
Tlin00043-RA	GO:0006355
Tlin00043-RA	GO:0003677
Tlin01380-RA	GO:0005515
Tlin01380-RA	GO:0005515
Tlin01380-RA	GO:0005515
Tlin01380-RA	GO:0005515
Tlin01380-RA	GO:0005515
Tlin02586-RA	GO:0007165
Tlin02586-RA	GO:0007186
Tlin02586-RA	GO:0019001
Tlin02586-RA	GO:0031683
Tlin02586-RA	GO:0003924
Tlin02586-RA	GO:0007186
Tlin02586-RA	GO:0019001
Tlin02586-RA	GO:0031683
Tlin02586-RA	GO:0003924
Tlin02586-RA	GO:0007165
Tlin02586-RA	GO:0007186
Tlin02586-RA	GO:0019001
Tlin02586-RA	GO:0031683
Tlin02586-RA	GO:0003924
Tlin13992-RA	GO:0008270
Tlin13992-RA	GO:0003676
Tlin01668-RA	GO:0004516
Tlin01668-RA	GO:0009435
Tlin06579-RA	GO:0006413
Tlin06579-RA	GO:0003743
Tlin06579-RA	GO:0006413
Tlin06579-RA	GO:0003743
Tlin06579-RA	GO:0005515
Tlin06579-RA	GO:0006413
Tlin06579-RA	GO:0003743
Tlin06579-RA	GO:0006413
Tlin06579-RA	GO:0003743
Tlin04223-RA	GO:0003677
Tlin04223-RA	GO:0003677
Tlin04223-RA	GO:0006355
Tlin04223-RA	GO:0000981
Tlin12343-RA	GO:0005515
Tlin12343-RA	GO:0008233
Tlin12343-RA	GO:0008237
Tlin12343-RA	GO:0005515
Tlin06675-RA	GO:0022857
Tlin06675-RA	GO:0055085
Tlin06675-RA	GO:0016020
Tlin11111-RA	GO:0016459
Tlin00108-RA	GO:0016020
Tlin00108-RA	GO:0055085
Tlin00108-RA	GO:0016020
Tlin13432-RA	GO:0046983
Tlin13432-RA	GO:0006351
Tlin13432-RA	GO:0005665
Tlin13432-RA	GO:0006366
Tlin13432-RA	GO:0001055
Tlin13432-RA	GO:0046983
Tlin13432-RA	GO:0006351
Tlin13432-RA	GO:0046983
Tlin13432-RA	GO:0006351
Tlin13432-RA	GO:0003899
Tlin13432-RA	GO:0006351
Tlin13432-RA	GO:0003677
Tlin07511-RA	GO:0016020
Tlin07511-RA	GO:0043065
Tlin07511-RA	GO:0005740
Tlin07511-RA	GO:0016020
Tlin07511-RA	GO:0043065
Tlin07511-RA	GO:0005740
Tlin10213-RA	GO:0106073
Tlin10213-RA	GO:0006488
Tlin10213-RA	GO:0106073
Tlin10213-RA	GO:0006488
Tlin08287-RA	GO:0005515
Tlin08287-RA	GO:0005515
Tlin08287-RA	GO:0005515
Tlin06982-RA	GO:0055085
Tlin06982-RA	GO:0022857
Tlin00657-RA	GO:1903259
Tlin01316-RA	GO:0008569
Tlin01316-RA	GO:0030286
Tlin01316-RA	GO:0045505
Tlin01316-RA	GO:0051959
Tlin01316-RA	GO:0007018
Tlin01316-RA	GO:0008569
Tlin01316-RA	GO:0030286
Tlin01316-RA	GO:0007018
Tlin01316-RA	GO:0005524
Tlin12782-RA	GO:0043539
Tlin12782-RA	GO:0005524
Tlin12782-RA	GO:0006468
Tlin12782-RA	GO:0004672
Tlin03088-RA	GO:0005525
Tlin03088-RA	GO:0003924
Tlin09651-RA	GO:0005549
Tlin09651-RA	GO:0007608
Tlin09651-RA	GO:0016020
Tlin09651-RA	GO:0004984
Tlin14066-RA	GO:0046983
Tlin14553-RA	GO:0008270
Tlin14553-RA	GO:0003676
Tlin03922-RA	GO:0005549
Tlin03922-RA	GO:0007608
Tlin03922-RA	GO:0016020
Tlin03922-RA	GO:0004984
Tlin03922-RA	GO:0005549
Tlin03922-RA	GO:0007608
Tlin03922-RA	GO:0016020
Tlin03922-RA	GO:0004984
Tlin04721-RA	GO:0046982
Tlin04721-RA	GO:0046982
Tlin04721-RA	GO:0005515
Tlin04721-RA	GO:0005515
Tlin02718-RA	GO:0005515
Tlin02718-RA	GO:0005515
Tlin02718-RA	GO:0006890
Tlin02718-RA	GO:0005198
Tlin11090-RA	GO:0070403
Tlin08694-RA	GO:0043130
Tlin07162-RA	GO:0046983
Tlin07162-RA	GO:0046983
Tlin07162-RA	GO:0046983
Tlin07162-RA	GO:0005737
Tlin07162-RA	GO:0045892
Tlin07162-RA	GO:0000122
Tlin01813-RA	GO:0070403
Tlin01813-RA	GO:0006631
Tlin01813-RA	GO:0016491
Tlin01813-RA	GO:0016616
Tlin01813-RA	GO:0006631
Tlin01813-RA	GO:0016491
Tlin01813-RA	GO:0016491
Tlin01813-RA	GO:0016616
Tlin01813-RA	GO:0006631
Tlin14326-RA	GO:0005549
Tlin14326-RA	GO:0007608
Tlin14326-RA	GO:0016020
Tlin14326-RA	GO:0004984
Tlin14326-RA	GO:0005549
Tlin14326-RA	GO:0007608
Tlin14326-RA	GO:0016020
Tlin14326-RA	GO:0004984
Tlin03708-RA	GO:0005515
Tlin03708-RA	GO:0005515
Tlin03708-RA	GO:0005515
Tlin03708-RA	GO:0005515
Tlin03708-RA	GO:0015629
Tlin03708-RA	GO:0034314
Tlin03708-RA	GO:0005885
Tlin06411-RA	GO:0031932
Tlin06411-RA	GO:0031929
Tlin04611-RA	GO:0140662
Tlin04611-RA	GO:0005524
Tlin04611-RA	GO:0140662
Tlin04611-RA	GO:0005524
Tlin11887-RA	GO:0005515
Tlin01190-RA	GO:0016746
Tlin04500-RA	GO:0008641
Tlin08479-RA	GO:0006355
Tlin08479-RA	GO:0000981
Tlin08479-RA	GO:0003677
Tlin08479-RA	GO:0003677
Tlin12977-RA	GO:0006508
Tlin12977-RA	GO:0004190
Tlin03639-RA	GO:0005975
Tlin03639-RA	GO:0004563
Tlin03639-RA	GO:0005975
Tlin03639-RA	GO:0004553
Tlin11304-RA	GO:0005515
Tlin11304-RA	GO:0005515
Tlin11304-RA	GO:0005515
Tlin11304-RA	GO:0005515
Tlin11304-RA	GO:0005515
Tlin11304-RA	GO:0005515
Tlin10765-RA	GO:0071569
Tlin10765-RA	GO:0071569
Tlin06471-RA	GO:0008374
Tlin06471-RA	GO:0006629
Tlin04844-RA	GO:0003676
Tlin04844-RA	GO:0006281
Tlin04844-RA	GO:0043138
Tlin04844-RA	GO:0006260
Tlin04844-RA	GO:0044237
Tlin04844-RA	GO:0000166
Tlin04844-RA	GO:0005524
Tlin04844-RA	GO:0003676
Tlin10881-RA	GO:0007205
Tlin10881-RA	GO:0004143
Tlin10881-RA	GO:0007165
Tlin10881-RA	GO:0004143
Tlin10881-RA	GO:0016301
Tlin10881-RA	GO:0005515
Tlin01392-RA	GO:0016757
Tlin01392-RA	GO:0016020
Tlin01392-RA	GO:0016757
Tlin01392-RA	GO:0006486
Tlin11260-RA	GO:0005524
Tlin11260-RA	GO:0006468
Tlin11260-RA	GO:0004672
Tlin11260-RA	GO:0005524
Tlin11260-RA	GO:0006468
Tlin11260-RA	GO:0004672
Tlin07218-RA	GO:0006355
Tlin07218-RA	GO:0043565
Tlin07218-RA	GO:0003700
Tlin07218-RA	GO:0006355
Tlin07218-RA	GO:0043565
Tlin07218-RA	GO:0003700
Tlin09562-RA	GO:0005509
Tlin09562-RA	GO:0005509
Tlin00595-RA	GO:0055085
Tlin00595-RA	GO:0022857
Tlin09446-RA	GO:0006508
Tlin09446-RA	GO:0004190
Tlin08360-RA	GO:0005840
Tlin08360-RA	GO:0006412
Tlin08360-RA	GO:0003735
Tlin08360-RA	GO:0005840
Tlin08360-RA	GO:0006412
Tlin08360-RA	GO:0003735
Tlin08360-RA	GO:0005840
Tlin08360-RA	GO:0006412
Tlin08360-RA	GO:0003735
Tlin07590-RA	GO:0019904
Tlin07664-RA	GO:0008270
Tlin07664-RA	GO:0008237
Tlin12361-RA	GO:0010387
Tlin12361-RA	GO:0008180
Tlin14883-RA	GO:0008270
Tlin14883-RA	GO:0003676
Tlin04713-RA	GO:0006879
Tlin04713-RA	GO:0008199
Tlin04713-RA	GO:0006826
Tlin04713-RA	GO:0008199
Tlin04590-RA	GO:0006355
Tlin04590-RA	GO:0003700
Tlin04590-RA	GO:0006355
Tlin04590-RA	GO:0003700
Tlin04590-RA	GO:0006986
Tlin08963-RA	GO:0006897
Tlin08963-RA	GO:0005096
Tlin08963-RA	GO:0046872
Tlin08565-RA	GO:0003723
Tlin08565-RA	GO:0009451
Tlin08565-RA	GO:0009982
Tlin08565-RA	GO:0001522
Tlin08565-RA	GO:0003723
Tlin08565-RA	GO:0009451
Tlin08565-RA	GO:0009982
Tlin08565-RA	GO:0001522
Tlin08565-RA	GO:0003723
Tlin08565-RA	GO:0009451
Tlin08565-RA	GO:0009982
Tlin08565-RA	GO:0001522
Tlin05857-RA	GO:0043161
Tlin05857-RA	GO:0004842
Tlin05110-RA	GO:0019236
Tlin05110-RA	GO:0007186
Tlin05666-RA	GO:0005524
Tlin05666-RA	GO:0006468
Tlin05666-RA	GO:0004672
Tlin05666-RA	GO:0005524
Tlin06661-RA	GO:0007040
Tlin06661-RA	GO:0016197
Tlin06661-RA	GO:0031902
Tlin06661-RA	GO:0032008
Tlin06661-RA	GO:0042632
Tlin06661-RA	GO:0043410
Tlin06661-RA	GO:0045121
Tlin06661-RA	GO:0071230
Tlin06661-RA	GO:0071986
Tlin06661-RA	GO:0001919
Tlin06834-RA	GO:0005515
Tlin06834-RA	GO:0000398
Tlin06834-RA	GO:0005515
Tlin06834-RA	GO:0005515
Tlin06834-RA	GO:0005515
Tlin06834-RA	GO:0005515
Tlin06834-RA	GO:0005515
Tlin06834-RA	GO:0005515
Tlin06834-RA	GO:0005515
Tlin11901-RA	GO:0005515
Tlin11901-RA	GO:0000398
Tlin11901-RA	GO:0005515
Tlin11901-RA	GO:0005515
Tlin11901-RA	GO:0005515
Tlin11901-RA	GO:0005515
Tlin11901-RA	GO:0005515
Tlin11901-RA	GO:0005515
Tlin11901-RA	GO:0005515
Tlin13948-RA	GO:0005515
Tlin13948-RA	GO:0000398
Tlin13948-RA	GO:0005515
Tlin13948-RA	GO:0005515
Tlin13948-RA	GO:0005515
Tlin13948-RA	GO:0005515
Tlin13948-RA	GO:0005515
Tlin13948-RA	GO:0005515
Tlin13948-RA	GO:0005515
Tlin08581-RA	GO:0005515
Tlin05657-RA	GO:0016491
Tlin01117-RA	GO:0071209
Tlin12992-RA	GO:0005515
Tlin12992-RA	GO:0005515
Tlin12992-RA	GO:0005515
Tlin12992-RA	GO:0005515
Tlin12992-RA	GO:0005515
Tlin12992-RA	GO:0005515
Tlin10709-RA	GO:0016538
Tlin10709-RA	GO:0006357
Tlin04185-RA	GO:0008289
Tlin04185-RA	GO:0008289
Tlin10590-RA	GO:0005524
Tlin10590-RA	GO:0016020
Tlin10590-RA	GO:0005524
Tlin10590-RA	GO:0016020
Tlin10590-RA	GO:0055085
Tlin10590-RA	GO:0140359
Tlin10590-RA	GO:0005524
Tlin10590-RA	GO:0016020
Tlin10590-RA	GO:0055085
Tlin10590-RA	GO:0140359
Tlin10590-RA	GO:0005524
Tlin10590-RA	GO:0016020
Tlin10590-RA	GO:0005524
Tlin10590-RA	GO:0016020
Tlin10590-RA	GO:0005524
Tlin10590-RA	GO:0140359
Tlin10590-RA	GO:0005524
Tlin10590-RA	GO:0016887
Tlin10590-RA	GO:0005524
Tlin10590-RA	GO:0016020
Tlin10590-RA	GO:0005524
Tlin00471-RA	GO:0003676
Tlin00471-RA	GO:0003723
Tlin00471-RA	GO:0003676
Tlin09688-RA	GO:0010309
Tlin09688-RA	GO:0010309
Tlin05342-RA	GO:0005886
Tlin05342-RA	GO:0016020
Tlin00182-RA	GO:0003676
Tlin00182-RA	GO:0003723
Tlin00183-RA	GO:0035091
Tlin00183-RA	GO:0035091
Tlin00183-RA	GO:0042147
Tlin00183-RA	GO:0035091
Tlin00183-RA	GO:0035091
Tlin05404-RA	GO:0003676
Tlin05404-RA	GO:0003676
Tlin05404-RA	GO:0003676
Tlin05404-RA	GO:0003676
Tlin05404-RA	GO:0003676
Tlin05404-RA	GO:0003676
Tlin05404-RA	GO:0003676
Tlin04718-RA	GO:0003677
Tlin04718-RA	GO:0000166
Tlin04718-RA	GO:0003676
Tlin04718-RA	GO:0000166
Tlin04718-RA	GO:0003676
Tlin08482-RA	GO:0003677
Tlin08482-RA	GO:0006355
Tlin08482-RA	GO:0000981
Tlin08482-RA	GO:0045944
Tlin08482-RA	GO:0000981
Tlin08482-RA	GO:0003677
Tlin09504-RA	GO:0006468
Tlin09504-RA	GO:0004672
Tlin09504-RA	GO:0005524
Tlin09504-RA	GO:0006468
Tlin09504-RA	GO:0004672
Tlin04499-RA	GO:0003676
Tlin04499-RA	GO:0006397
Tlin04499-RA	GO:0006397
Tlin04499-RA	GO:0008528
Tlin02788-RA	GO:0008061
Tlin02788-RA	GO:0008061
Tlin02788-RA	GO:0005576
Tlin02788-RA	GO:0008061
Tlin02788-RA	GO:0005576
Tlin02788-RA	GO:0008061
Tlin02788-RA	GO:0005576
Tlin02788-RA	GO:0008061
Tlin02788-RA	GO:0008061
Tlin09462-RA	GO:0080019
Tlin06255-RA	GO:0046488
Tlin06255-RA	GO:0016307
Tlin02816-RA	GO:0006182
Tlin02816-RA	GO:0004383
Tlin02816-RA	GO:0035556
Tlin02816-RA	GO:0009190
Tlin02816-RA	GO:0035556
Tlin02816-RA	GO:0009190
Tlin02816-RA	GO:0016849
Tlin02816-RA	GO:0035556
Tlin02816-RA	GO:0009190
Tlin01125-RA	GO:0008484
Tlin05838-RA	GO:0006468
Tlin05838-RA	GO:0004672
Tlin05838-RA	GO:0005524
Tlin05838-RA	GO:0006468
Tlin05838-RA	GO:0004672
Tlin09360-RA	GO:0016020
Tlin09360-RA	GO:0016020
Tlin09360-RA	GO:0016020
Tlin06606-RA	GO:0032324
Tlin06606-RA	GO:0032324
Tlin06606-RA	GO:0032324
Tlin06606-RA	GO:0032324
Tlin06606-RA	GO:0032324
Tlin06606-RA	GO:0006777
Tlin00163-RA	GO:0007034
Tlin00163-RA	GO:0007034
Tlin08516-RA	GO:0031625
Tlin08516-RA	GO:0006511
Tlin08516-RA	GO:0031461
Tlin08516-RA	GO:0031625
Tlin08516-RA	GO:0006511
Tlin05944-RA	GO:0003676
Tlin05944-RA	GO:0003723
Tlin05474-RA	GO:0005840
Tlin05474-RA	GO:0006412
Tlin05474-RA	GO:0003735
Tlin05474-RA	GO:0005840
Tlin05474-RA	GO:0006412
Tlin05474-RA	GO:0003735
Tlin06210-RA	GO:0000469
Tlin06210-RA	GO:0000469
Tlin03110-RA	GO:0005515
Tlin03110-RA	GO:0005515
Tlin03110-RA	GO:0005515
Tlin03110-RA	GO:0005515
Tlin03110-RA	GO:0070063
Tlin03110-RA	GO:0003712
Tlin03110-RA	GO:0005515
Tlin03110-RA	GO:0005515
Tlin03110-RA	GO:0005515
Tlin08357-RA	GO:0042274
Tlin08357-RA	GO:0042274
Tlin08357-RA	GO:0042274
Tlin14581-RA	GO:0008184
Tlin14581-RA	GO:0005975
Tlin14581-RA	GO:0008184
Tlin14581-RA	GO:0005975
Tlin04711-RA	GO:0003677
Tlin04711-RA	GO:0003677
Tlin04711-RA	GO:0006355
Tlin04711-RA	GO:0000981
Tlin04711-RA	GO:0006355
Tlin04711-RA	GO:0003700
Tlin04711-RA	GO:0003677
Tlin04711-RA	GO:0003677
Tlin04711-RA	GO:0006355
Tlin04711-RA	GO:0003700
Tlin04711-RA	GO:0006355
Tlin04711-RA	GO:0003700
Tlin05069-RA	GO:0006351
Tlin05069-RA	GO:0003714
Tlin05832-RA	GO:0035252
Tlin13046-RA	GO:0005515
Tlin13046-RA	GO:0005515
Tlin13046-RA	GO:0005515
Tlin13046-RA	GO:0005515
Tlin13046-RA	GO:0005515
Tlin13046-RA	GO:0005515
Tlin13046-RA	GO:0005515
Tlin09192-RA	GO:0007186
Tlin09192-RA	GO:0016020
Tlin09192-RA	GO:0004930
Tlin09192-RA	GO:0007186
Tlin09192-RA	GO:0016020
Tlin09192-RA	GO:0004930
Tlin05478-RA	GO:0005515
Tlin05478-RA	GO:0051260
Tlin05478-RA	GO:0005515
Tlin03174-RA	GO:0031145
Tlin03174-RA	GO:0005680
Tlin03174-RA	GO:0005515
Tlin03174-RA	GO:0005515
Tlin13103-RA	GO:0008237
Tlin13103-RA	GO:0008241
Tlin13103-RA	GO:0016020
Tlin13103-RA	GO:0006508
Tlin13103-RA	GO:0008237
Tlin13103-RA	GO:0008241
Tlin13103-RA	GO:0016020
Tlin13103-RA	GO:0006508
Tlin13103-RA	GO:0008237
Tlin13103-RA	GO:0008241
Tlin13103-RA	GO:0016020
Tlin13103-RA	GO:0006508
Tlin12680-RA	GO:0060090
Tlin12680-RA	GO:0043248
Tlin10656-RA	GO:0017056
Tlin10656-RA	GO:0005643
Tlin10040-RA	GO:0006013
Tlin10040-RA	GO:0004559
Tlin10040-RA	GO:0005975
Tlin10040-RA	GO:0030246
Tlin10040-RA	GO:0003824
Tlin10040-RA	GO:0006013
Tlin10040-RA	GO:0004559
Tlin10040-RA	GO:0006013
Tlin10040-RA	GO:0004559
Tlin10040-RA	GO:0005975
Tlin10040-RA	GO:0006013
Tlin10040-RA	GO:0004559
Tlin07340-RA	GO:0032977
Tlin07340-RA	GO:0016020
Tlin09354-RA	GO:0006508
Tlin09354-RA	GO:0004252
Tlin09354-RA	GO:0006508
Tlin09354-RA	GO:0004252
Tlin02866-RA	GO:0005681
Tlin02866-RA	GO:0008270
Tlin02866-RA	GO:0003676
Tlin06917-RA	GO:0005524
Tlin06917-RA	GO:0043039
Tlin06917-RA	GO:0004812
Tlin06917-RA	GO:0006412
Tlin06917-RA	GO:0004819
Tlin06917-RA	GO:0005524
Tlin06917-RA	GO:0005737
Tlin06917-RA	GO:0006425
Tlin06917-RA	GO:0000166
Tlin06917-RA	GO:0004812
Tlin06917-RA	GO:0005524
Tlin06917-RA	GO:0005737
Tlin06917-RA	GO:0006418
Tlin06917-RA	GO:0000166
Tlin06917-RA	GO:0004812
Tlin06917-RA	GO:0005524
Tlin06917-RA	GO:0006418
Tlin06917-RA	GO:0000166
Tlin06917-RA	GO:0004812
Tlin06917-RA	GO:0005524
Tlin06917-RA	GO:0005737
Tlin06917-RA	GO:0006418
Tlin06917-RA	GO:0000166
Tlin08853-RA	GO:0005524
Tlin08853-RA	GO:0006370
Tlin08853-RA	GO:0004484
Tlin08853-RA	GO:0016311
Tlin08853-RA	GO:0008138
Tlin08853-RA	GO:0005524
Tlin08853-RA	GO:0006370
Tlin08853-RA	GO:0004484
Tlin08853-RA	GO:0016791
Tlin08853-RA	GO:0016311
Tlin06169-RA	GO:0030001
Tlin06169-RA	GO:0046873
Tlin06169-RA	GO:0055085
Tlin06169-RA	GO:0016020
Tlin06765-RA	GO:0061630
Tlin06765-RA	GO:0008270
Tlin06765-RA	GO:0008270
Tlin06461-RA	GO:0003723
Tlin06461-RA	GO:0003676
Tlin06906-RA	GO:0008541
Tlin06906-RA	GO:0043248
Tlin06906-RA	GO:0006406
Tlin06906-RA	GO:0008541
Tlin06906-RA	GO:0043248
Tlin06906-RA	GO:0006406
Tlin05759-RA	GO:0002953
Tlin10118-RA	GO:0006457
Tlin10118-RA	GO:0003755
Tlin10118-RA	GO:0003755
Tlin10118-RA	GO:0000413
Tlin04840-RA	GO:0016616
Tlin04840-RA	GO:0051287
Tlin04840-RA	GO:0000287
Tlin05350-RA	GO:0005515
Tlin07550-RA	GO:0019905
Tlin07550-RA	GO:0019905
Tlin10113-RA	GO:0006355
Tlin10113-RA	GO:0008270
Tlin10113-RA	GO:0043565
Tlin10113-RA	GO:0003700
Tlin10113-RA	GO:0008270
Tlin10113-RA	GO:0006355
Tlin10113-RA	GO:0043565
Tlin10113-RA	GO:0006355
Tlin10113-RA	GO:0008270
Tlin10113-RA	GO:0043565
Tlin10113-RA	GO:0003700
Tlin07268-RA	GO:0005515
Tlin07268-RA	GO:0005515
Tlin07268-RA	GO:0007155
Tlin07268-RA	GO:0031532
Tlin07268-RA	GO:0003779
Tlin07268-RA	GO:0005515
Tlin07268-RA	GO:0005515
Tlin07268-RA	GO:0005515
Tlin07268-RA	GO:0005515
Tlin05946-RA	GO:0140658
Tlin05946-RA	GO:0005524
Tlin05946-RA	GO:0016887
Tlin11873-RA	GO:0006351
Tlin11873-RA	GO:0005634
Tlin11873-RA	GO:0006351
Tlin11873-RA	GO:0005634
Tlin09353-RA	GO:0005515
Tlin09353-RA	GO:0005515
Tlin09353-RA	GO:0005515
Tlin09353-RA	GO:0016020
Tlin09353-RA	GO:0015276
Tlin09353-RA	GO:0016020
Tlin09353-RA	GO:0004970
Tlin07185-RA	GO:0046872
Tlin07185-RA	GO:0046872
Tlin01547-RA	GO:0008374
Tlin01547-RA	GO:0016746
Tlin05749-RA	GO:0019773
Tlin05749-RA	GO:0006511
Tlin05749-RA	GO:0043161
Tlin05749-RA	GO:0019773
Tlin05749-RA	GO:0019773
Tlin05749-RA	GO:0006511
Tlin05749-RA	GO:0051603
Tlin05749-RA	GO:0005839
Tlin13636-RA	GO:0035494
Tlin13636-RA	GO:0016887
Tlin01463-RA	GO:0005515
Tlin02421-RA	GO:0055085
Tlin02421-RA	GO:0022857
Tlin02421-RA	GO:0022857
Tlin02421-RA	GO:0055085
Tlin02421-RA	GO:0016020
Tlin05175-RA	GO:0051015
Tlin10862-RA	GO:0005515
Tlin10862-RA	GO:0005515
Tlin10862-RA	GO:0005515
Tlin10862-RA	GO:0005515
Tlin06757-RA	GO:0008061
Tlin06757-RA	GO:0005975
Tlin12969-RA	GO:0043565
Tlin12642-RA	GO:0007165
Tlin12642-RA	GO:0005515
Tlin12642-RA	GO:0005515
Tlin12642-RA	GO:0005515
Tlin12642-RA	GO:0005515
Tlin12642-RA	GO:0005515
Tlin00031-RA	GO:0008270
Tlin00031-RA	GO:0003755
Tlin00031-RA	GO:0000413
Tlin00372-RA	GO:0006508
Tlin00372-RA	GO:0004252
Tlin02807-RA	GO:0003677
Tlin02807-RA	GO:0003677
Tlin02807-RA	GO:0006355
Tlin02807-RA	GO:0000981
Tlin04095-RA	GO:0006325
Tlin04095-RA	GO:0005634
Tlin04095-RA	GO:0016573
Tlin04095-RA	GO:0031509
Tlin04095-RA	GO:0004402
Tlin04095-RA	GO:0016747
Tlin04095-RA	GO:0006325
Tlin06092-RA	GO:0008250
Tlin06092-RA	GO:0016020
Tlin06092-RA	GO:0006487
Tlin06092-RA	GO:0008250
Tlin06092-RA	GO:0016020
Tlin06092-RA	GO:0006487
Tlin07776-RA	GO:0008270
Tlin07776-RA	GO:0006355
Tlin07776-RA	GO:0006355
Tlin07776-RA	GO:0008270
Tlin07776-RA	GO:0043565
Tlin07776-RA	GO:0003700
Tlin07776-RA	GO:0006355
Tlin07776-RA	GO:0008270
Tlin07776-RA	GO:0043565
Tlin07776-RA	GO:0003700
Tlin08831-RA	GO:0005515
Tlin08831-RA	GO:0005515
Tlin05457-RA	GO:0003824
Tlin05457-RA	GO:0003824
Tlin05457-RA	GO:0016491
Tlin10685-RA	GO:0005515
Tlin10685-RA	GO:0003676
Tlin10685-RA	GO:0003676
Tlin10685-RA	GO:0005515
Tlin08326-RA	GO:0003677
Tlin08326-RA	GO:0003677
Tlin08326-RA	GO:0021520
Tlin11282-RA	GO:0016491
Tlin03853-RA	GO:0016491
Tlin03853-RA	GO:0016491
Tlin11343-RA	GO:0004605
Tlin11343-RA	GO:0016772
Tlin11343-RA	GO:0016020
Tlin07886-RA	GO:0008201
Tlin07886-RA	GO:0050750
Tlin07886-RA	GO:0005783
Tlin07886-RA	GO:0050750
Tlin07886-RA	GO:0048019
Tlin12600-RA	GO:0016887
Tlin12600-RA	GO:0005524
Tlin12600-RA	GO:0016020
Tlin12600-RA	GO:0005524
Tlin12600-RA	GO:0016887
Tlin12600-RA	GO:0005524
Tlin12600-RA	GO:0140359
Tlin12600-RA	GO:0016020
Tlin12600-RA	GO:0005524
Tlin12600-RA	GO:0140359
Tlin12600-RA	GO:0016020
Tlin12600-RA	GO:0055085
Tlin12600-RA	GO:0140359
Tlin12600-RA	GO:0005524
Tlin12600-RA	GO:0016020
Tlin12600-RA	GO:0055085
Tlin12600-RA	GO:0140359
Tlin12600-RA	GO:0005524
Tlin12600-RA	GO:0005524
Tlin12600-RA	GO:0016020
Tlin12600-RA	GO:0005524
Tlin12600-RA	GO:0005524
Tlin12600-RA	GO:0016020
Tlin12600-RA	GO:0005524
Tlin09012-RA	GO:0051015
Tlin09012-RA	GO:0030674
Tlin09012-RA	GO:0051015
Tlin09012-RA	GO:0030674
Tlin09012-RA	GO:0051015
Tlin09012-RA	GO:0030674
Tlin09012-RA	GO:0051015
Tlin09012-RA	GO:0030674
Tlin09012-RA	GO:0051015
Tlin09012-RA	GO:0030674
Tlin09012-RA	GO:0051015
Tlin09012-RA	GO:0030674
Tlin09012-RA	GO:0051015
Tlin09012-RA	GO:0030674
Tlin09012-RA	GO:0051015
Tlin09012-RA	GO:0030674
Tlin09012-RA	GO:0051015
Tlin09012-RA	GO:0007015
Tlin02658-RA	GO:0003676
Tlin02658-RA	GO:0003723
Tlin10441-RA	GO:0005102
Tlin03321-RA	GO:0003723
Tlin03321-RA	GO:0003723
Tlin03321-RA	GO:0003723
Tlin03321-RA	GO:0003723
Tlin03321-RA	GO:0003723
Tlin03321-RA	GO:0003723
Tlin03321-RA	GO:0003723
Tlin03321-RA	GO:0003723
Tlin03321-RA	GO:0003723
Tlin08187-RA	GO:0007264
Tlin08187-RA	GO:0005085
Tlin08187-RA	GO:0035556
Tlin08187-RA	GO:0007264
Tlin08187-RA	GO:0005085
Tlin08187-RA	GO:0007264
Tlin08187-RA	GO:0005085
Tlin08187-RA	GO:0007264
Tlin08187-RA	GO:0005085
Tlin08187-RA	GO:0007264
Tlin08187-RA	GO:0005085
Tlin05684-RA	GO:0016887
Tlin05684-RA	GO:0005524
Tlin05684-RA	GO:0016887
Tlin05684-RA	GO:0005524
Tlin13459-RA	GO:0046983
Tlin13459-RA	GO:0003677
Tlin09181-RA	GO:0003723
Tlin09181-RA	GO:0003723
Tlin09181-RA	GO:0003723
Tlin02789-RA	GO:0008061
Tlin02789-RA	GO:0008061
Tlin02789-RA	GO:0005576
Tlin02789-RA	GO:0008061
Tlin02789-RA	GO:0005576
Tlin02789-RA	GO:0008061
Tlin02789-RA	GO:0005576
Tlin02789-RA	GO:0008061
Tlin02789-RA	GO:0008061
Tlin08427-RA	GO:0005525
Tlin08427-RA	GO:0003924
Tlin04236-RA	GO:0006508
Tlin04236-RA	GO:0004252
Tlin04236-RA	GO:0006508
Tlin04236-RA	GO:0004252
Tlin04236-RA	GO:0006508
Tlin04236-RA	GO:0004252
Tlin04425-RA	GO:0017053
Tlin04425-RA	GO:0017053
Tlin09289-RA	GO:0042134
Tlin09289-RA	GO:0006364
Tlin09289-RA	GO:0019843
Tlin09289-RA	GO:0006364
Tlin07679-RA	GO:0005515
Tlin07679-RA	GO:0008278
Tlin07679-RA	GO:0007062
Tlin11902-RA	GO:0005524
Tlin11902-RA	GO:0003676
Tlin11902-RA	GO:0005524
Tlin11902-RA	GO:0003724
Tlin00162-RA	GO:0003723
Tlin00162-RA	GO:0000178
Tlin00162-RA	GO:0003723
Tlin00162-RA	GO:0003723
Tlin00162-RA	GO:0003723
Tlin00162-RA	GO:0003723
Tlin07944-RA	GO:0016791
Tlin07944-RA	GO:0016311
Tlin07944-RA	GO:0006241
Tlin07944-RA	GO:0003883
Tlin07944-RA	GO:0006221
Tlin07944-RA	GO:0003883
Tlin07944-RA	GO:0006221
Tlin07944-RA	GO:0003883
Tlin07944-RA	GO:0006221
Tlin07944-RA	GO:0003883
Tlin08984-RA	GO:0003899
Tlin08984-RA	GO:0006351
Tlin08984-RA	GO:0003677
Tlin08984-RA	GO:0006351
Tlin08984-RA	GO:0032549
Tlin08984-RA	GO:0003899
Tlin08984-RA	GO:0003899
Tlin08984-RA	GO:0006351
Tlin08984-RA	GO:0003677
Tlin08984-RA	GO:0006351
Tlin08984-RA	GO:0032549
Tlin08984-RA	GO:0003899
Tlin08984-RA	GO:0003899
Tlin08984-RA	GO:0006351
Tlin08984-RA	GO:0003677
Tlin08984-RA	GO:0003899
Tlin08984-RA	GO:0006351
Tlin08984-RA	GO:0003677
Tlin08984-RA	GO:0003899
Tlin08984-RA	GO:0006351
Tlin08984-RA	GO:0003677
Tlin08984-RA	GO:0003899
Tlin08984-RA	GO:0003899
Tlin08984-RA	GO:0006351
Tlin08984-RA	GO:0003677
Tlin08984-RA	GO:0003899
Tlin08984-RA	GO:0006351
Tlin08984-RA	GO:0003677
Tlin08984-RA	GO:0005634
Tlin08984-RA	GO:0006351
Tlin08984-RA	GO:0003899
Tlin08984-RA	GO:0003899
Tlin08984-RA	GO:0006351
Tlin08984-RA	GO:0003677
Tlin07688-RA	GO:0017150
Tlin07688-RA	GO:0050660
Tlin07688-RA	GO:0008033
Tlin08229-RA	GO:0005515
Tlin08986-RA	GO:0006139
Tlin08986-RA	GO:0019205
Tlin08986-RA	GO:0005524
Tlin08986-RA	GO:0006139
Tlin08986-RA	GO:0019205
Tlin08986-RA	GO:0005524
Tlin06703-RA	GO:0005524
Tlin06703-RA	GO:0007018
Tlin06703-RA	GO:0003777
Tlin06703-RA	GO:0007018
Tlin06703-RA	GO:0003777
Tlin06703-RA	GO:0005524
Tlin06703-RA	GO:0007018
Tlin06703-RA	GO:0008017
Tlin06703-RA	GO:0003777
Tlin09736-RA	GO:0007010
Tlin09736-RA	GO:0003779
Tlin09736-RA	GO:0007010
Tlin09736-RA	GO:0003779
Tlin09736-RA	GO:0007010
Tlin09736-RA	GO:0003779
Tlin09736-RA	GO:0051015
Tlin05429-RA	GO:0005515
Tlin10725-RA	GO:0006313
Tlin10725-RA	GO:0004803
Tlin00714-RA	GO:0004488
Tlin00714-RA	GO:0004488
Tlin00714-RA	GO:0004488
Tlin00714-RA	GO:0003824
Tlin00714-RA	GO:0003824
Tlin04392-RA	GO:0004377
Tlin04392-RA	GO:0004377
Tlin04392-RA	GO:0016757
Tlin01944-RA	GO:0016757
Tlin14340-RA	GO:0006313
Tlin14340-RA	GO:0004803
Tlin14340-RA	GO:0003677
Tlin14340-RA	GO:0046983
Tlin02589-RA	GO:0006457
Tlin02589-RA	GO:0003755
Tlin02589-RA	GO:0003755
Tlin02589-RA	GO:0000413
Tlin06880-RA	GO:0005634
Tlin06880-RA	GO:0006357
Tlin06880-RA	GO:0000977
Tlin02192-RA	GO:0006383
Tlin08662-RA	GO:0016020
Tlin08662-RA	GO:0006506
Tlin08662-RA	GO:0016020
Tlin08662-RA	GO:0006506
Tlin04415-RA	GO:0005515
Tlin13728-RA	GO:0035226
Tlin13728-RA	GO:0006750
Tlin13414-RA	GO:0031011
Tlin13414-RA	GO:0071339
Tlin13414-RA	GO:0002151
Tlin13414-RA	GO:0005515
Tlin13414-RA	GO:0005515
Tlin12360-RA	GO:0005515
Tlin08277-RA	GO:0032040
Tlin08277-RA	GO:0032040
Tlin12825-RA	GO:0055085
Tlin12825-RA	GO:0022857
Tlin04761-RA	GO:0016020
Tlin04761-RA	GO:0004970
Tlin04761-RA	GO:0016020
Tlin04761-RA	GO:0015276
Tlin07115-RA	GO:0034477
Tlin07115-RA	GO:0004518
Tlin07115-RA	GO:0034477
Tlin07115-RA	GO:0004518
Tlin03892-RA	GO:0080019
Tlin00148-RA	GO:0016787
Tlin00148-RA	GO:0016787
Tlin05268-RA	GO:0003824
Tlin05268-RA	GO:0006396
Tlin05268-RA	GO:0042254
Tlin05268-RA	GO:0005730
Tlin05943-RA	GO:0007017
Tlin05943-RA	GO:0005874
Tlin05943-RA	GO:0005525
Tlin09338-RA	GO:0046983
Tlin09338-RA	GO:0006351
Tlin09338-RA	GO:0006351
Tlin09338-RA	GO:0003899
Tlin09338-RA	GO:0046983
Tlin09338-RA	GO:0006351
Tlin09338-RA	GO:0003899
Tlin09338-RA	GO:0006351
Tlin09338-RA	GO:0003677
Tlin09338-RA	GO:0006351
Tlin09338-RA	GO:0046983
Tlin09338-RA	GO:0003899
Tlin04833-RA	GO:0005524
Tlin04833-RA	GO:0006418
Tlin04833-RA	GO:0004812
Tlin05980-RA	GO:0007186
Tlin05980-RA	GO:0016020
Tlin05980-RA	GO:0004930
Tlin04019-RA	GO:0005840
Tlin04019-RA	GO:0006412
Tlin04019-RA	GO:0003735
Tlin04019-RA	GO:0005840
Tlin04019-RA	GO:0006412
Tlin04019-RA	GO:0003735
Tlin10008-RA	GO:0032222
Tlin10008-RA	GO:1903818
Tlin10008-RA	GO:0030431
Tlin00779-RA	GO:0017147
Tlin00779-RA	GO:0016055
Tlin05438-RA	GO:0003755
Tlin05438-RA	GO:0000413
Tlin03621-RA	GO:0016491
Tlin03621-RA	GO:0008270
Tlin03621-RA	GO:0007186
Tlin03621-RA	GO:0016020
Tlin03621-RA	GO:0004930
Tlin10822-RA	GO:0008180
Tlin10822-RA	GO:0000338
Tlin10822-RA	GO:0008233
Tlin10822-RA	GO:0008237
Tlin10822-RA	GO:0005515
Tlin01893-RA	GO:0005515
Tlin01893-RA	GO:0005515
Tlin01893-RA	GO:0005515
Tlin01893-RA	GO:0005515
Tlin01893-RA	GO:0005515
Tlin09500-RA	GO:0007165
Tlin09500-RA	GO:0007165
Tlin05485-RA	GO:0046961
Tlin05485-RA	GO:1902600
Tlin05485-RA	GO:0016471
Tlin05485-RA	GO:0046961
Tlin05485-RA	GO:1902600
Tlin05485-RA	GO:0016471
Tlin07500-RA	GO:0006614
Tlin07500-RA	GO:0005515
Tlin07500-RA	GO:0005515
Tlin07500-RA	GO:0008312
Tlin07500-RA	GO:0048500
Tlin07500-RA	GO:0006614
Tlin07500-RA	GO:0005515
Tlin07500-RA	GO:0005515
Tlin12923-RA	GO:0006561
Tlin12923-RA	GO:0004735
Tlin11356-RA	GO:0006355
Tlin11356-RA	GO:0003677
Tlin11356-RA	GO:0006355
Tlin11356-RA	GO:0001228
Tlin11356-RA	GO:0006355
Tlin11356-RA	GO:0003677
Tlin10030-RA	GO:0005515
Tlin10030-RA	GO:0005515
Tlin10030-RA	GO:0005515
Tlin10030-RA	GO:0005515
Tlin10030-RA	GO:0005515
Tlin10030-RA	GO:0005515
Tlin10030-RA	GO:0005515
Tlin10030-RA	GO:0005515
Tlin10030-RA	GO:0005515
Tlin01505-RA	GO:0005515
Tlin01505-RA	GO:0005515
Tlin03584-RA	GO:0003723
Tlin03584-RA	GO:0003676
Tlin00548-RA	GO:0055085
Tlin00548-RA	GO:0022857
Tlin06756-RA	GO:0030991
Tlin06756-RA	GO:0030991
Tlin06806-RA	GO:0007165
Tlin02388-RA	GO:0005515
Tlin02388-RA	GO:0005515
Tlin02388-RA	GO:0005515
Tlin02388-RA	GO:0005515
Tlin07493-RA	GO:0008270
Tlin10071-RA	GO:0046872
Tlin10607-RA	GO:0070403
Tlin07909-RA	GO:0006506
Tlin07909-RA	GO:0016787
Tlin05388-RA	GO:0006811
Tlin05388-RA	GO:0016020
Tlin05388-RA	GO:0055085
Tlin05388-RA	GO:0005216
Tlin05388-RA	GO:0051260
Tlin05158-RA	GO:0005506
Tlin05158-RA	GO:0016705
Tlin05158-RA	GO:0020037
Tlin05158-RA	GO:0004497
Tlin05158-RA	GO:0005506
Tlin05158-RA	GO:0016705
Tlin05158-RA	GO:0020037
Tlin05158-RA	GO:0004497
Tlin05158-RA	GO:0005506
Tlin05158-RA	GO:0016705
Tlin05158-RA	GO:0020037
Tlin05158-RA	GO:0004497
Tlin06151-RA	GO:0005840
Tlin06151-RA	GO:0006412
Tlin06151-RA	GO:0003735
Tlin06151-RA	GO:0005840
Tlin06151-RA	GO:0006412
Tlin06151-RA	GO:0003735
Tlin08091-RA	GO:0042254
Tlin04930-RA	GO:0006414
Tlin04930-RA	GO:0003746
Tlin04930-RA	GO:0006414
Tlin04930-RA	GO:0003746
Tlin04930-RA	GO:0006414
Tlin04930-RA	GO:0003746
Tlin02048-RA	GO:0005515
Tlin02048-RA	GO:0005515
Tlin02048-RA	GO:0005515
Tlin02048-RA	GO:0005515
Tlin02048-RA	GO:0005515
Tlin02048-RA	GO:0005515
Tlin02048-RA	GO:0005515
Tlin02048-RA	GO:0005515
Tlin03465-RA	GO:0006357
Tlin03465-RA	GO:0016592
Tlin03465-RA	GO:0003712
Tlin03465-RA	GO:0006357
Tlin03465-RA	GO:0016592
Tlin03465-RA	GO:0003712
Tlin12516-RA	GO:0003824
Tlin12516-RA	GO:0003824
Tlin10612-RA	GO:0005737
Tlin10612-RA	GO:0005852
Tlin10612-RA	GO:0003743
Tlin10612-RA	GO:0005737
Tlin10612-RA	GO:0005852
Tlin10612-RA	GO:0003743
Tlin10445-RA	GO:0016491
Tlin08730-RA	GO:0005576
Tlin08730-RA	GO:0005179
Tlin04821-RA	GO:0008237
Tlin04821-RA	GO:0008241
Tlin04821-RA	GO:0016020
Tlin04821-RA	GO:0006508
Tlin04821-RA	GO:0008237
Tlin04821-RA	GO:0008241
Tlin04821-RA	GO:0016020
Tlin04821-RA	GO:0006508
Tlin06961-RA	GO:0006413
Tlin06961-RA	GO:0003743
Tlin06961-RA	GO:0006413
Tlin06961-RA	GO:0003743
Tlin06961-RA	GO:0006413
Tlin06961-RA	GO:0003743
Tlin06961-RA	GO:0003743
Tlin06961-RA	GO:0006413
Tlin06961-RA	GO:0003723
Tlin00123-RA	GO:0006979
Tlin00123-RA	GO:0020037
Tlin00123-RA	GO:0004601
Tlin09745-RA	GO:0031390
Tlin09745-RA	GO:0007064
Tlin09745-RA	GO:0031390
Tlin09745-RA	GO:0007064
Tlin09584-RA	GO:0007165
Tlin09584-RA	GO:0005515
Tlin09584-RA	GO:0016020
Tlin09584-RA	GO:0038007
Tlin09584-RA	GO:0005042
Tlin00903-RA	GO:0033617
Tlin00903-RA	GO:0016020
Tlin00903-RA	GO:0033617
Tlin00903-RA	GO:0016020
Tlin01192-RA	GO:0005509
Tlin01192-RA	GO:0005515
Tlin01192-RA	GO:0005515
Tlin01192-RA	GO:0005515
Tlin01192-RA	GO:0005515
Tlin01192-RA	GO:0005515
Tlin01192-RA	GO:0005515
Tlin01192-RA	GO:0005515
Tlin01192-RA	GO:0005515
Tlin01192-RA	GO:0005515
Tlin01192-RA	GO:0005515
Tlin01192-RA	GO:0005515
Tlin01192-RA	GO:0005515
Tlin01192-RA	GO:0005515
Tlin01192-RA	GO:0005515
Tlin01192-RA	GO:0005515
Tlin01192-RA	GO:0005515
Tlin01192-RA	GO:0005515
Tlin01192-RA	GO:0005515
Tlin01192-RA	GO:0005515
Tlin01192-RA	GO:0005515
Tlin01192-RA	GO:0005515
Tlin01192-RA	GO:0005515
Tlin01192-RA	GO:0005515
Tlin01192-RA	GO:0005509
Tlin08913-RA	GO:0005515
Tlin08913-RA	GO:0005515
Tlin08913-RA	GO:0005515
Tlin08913-RA	GO:0005515
Tlin08913-RA	GO:0005515
Tlin08913-RA	GO:0005515
Tlin08913-RA	GO:0005515
Tlin08913-RA	GO:0071013
Tlin08913-RA	GO:0000398
Tlin02183-RA	GO:0007186
Tlin02183-RA	GO:0016020
Tlin02183-RA	GO:0004930
Tlin02183-RA	GO:0007186
Tlin02183-RA	GO:0016020
Tlin02183-RA	GO:0004965
Tlin02183-RA	GO:0007186
Tlin02183-RA	GO:0016020
Tlin02183-RA	GO:0004965
Tlin12092-RA	GO:0005515
Tlin12092-RA	GO:0005515
Tlin12092-RA	GO:0005515
Tlin12092-RA	GO:0005515
Tlin10001-RA	GO:0003677
Tlin10001-RA	GO:0003677
Tlin10001-RA	GO:0006355
Tlin10001-RA	GO:0000981
Tlin14908-RA	GO:0032981
Tlin14908-RA	GO:0016020
Tlin14908-RA	GO:0032981
Tlin14908-RA	GO:0016020
Tlin06897-RA	GO:0045494
Tlin06897-RA	GO:0007600
Tlin10893-RA	GO:0003723
Tlin10893-RA	GO:0030968
Tlin10893-RA	GO:0030433
Tlin10893-RA	GO:0003676
Tlin05503-RA	GO:0006351
Tlin05503-RA	GO:0003677
Tlin05503-RA	GO:0006351
Tlin05503-RA	GO:0003677
Tlin12517-RA	GO:0016020
Tlin10058-RA	GO:0016020
Tlin04427-RA	GO:0016592
Tlin04427-RA	GO:0006357
Tlin13428-RA	GO:0003676
Tlin13372-RA	GO:0008033
Tlin13372-RA	GO:0042781
Tlin00352-RA	GO:0005515
Tlin00352-RA	GO:0005515
Tlin00352-RA	GO:0005515
Tlin00352-RA	GO:0005515
Tlin00352-RA	GO:0005515
Tlin00352-RA	GO:0005515
Tlin00352-RA	GO:0005515
Tlin00352-RA	GO:0005515
Tlin00352-RA	GO:0005515
Tlin00352-RA	GO:0005515
Tlin02145-RA	GO:0008121
Tlin02145-RA	GO:0051537
Tlin02145-RA	GO:0051537
Tlin02145-RA	GO:0051537
Tlin02145-RA	GO:0051537
Tlin02145-RA	GO:0008121
Tlin04411-RA	GO:0006508
Tlin04411-RA	GO:0004252
Tlin04411-RA	GO:0006508
Tlin04411-RA	GO:0004252
Tlin02089-RA	GO:0055085
Tlin02089-RA	GO:0022857
Tlin02089-RA	GO:0055085
Tlin02089-RA	GO:0022857
Tlin11354-RA	GO:0003918
Tlin11354-RA	GO:0005694
Tlin11354-RA	GO:0003677
Tlin11354-RA	GO:0003824
Tlin11354-RA	GO:0005524
Tlin11354-RA	GO:0005694
Tlin11354-RA	GO:0006259
Tlin11354-RA	GO:0003677
Tlin11354-RA	GO:0005694
Tlin11354-RA	GO:0003677
Tlin07512-RA	GO:0016671
Tlin06862-RA	GO:0003677
Tlin11291-RA	GO:0005515
Tlin12452-RA	GO:0036066
Tlin12452-RA	GO:0046922
Tlin12452-RA	GO:0007219
Tlin12452-RA	GO:0036066
Tlin12452-RA	GO:0046922
Tlin12452-RA	GO:0007219
Tlin00439-RA	GO:0003824
Tlin00439-RA	GO:0016829
Tlin00439-RA	GO:0006520
Tlin00439-RA	GO:0003824
Tlin09182-RA	GO:0016020
Tlin09182-RA	GO:0005524
Tlin09182-RA	GO:0005524
Tlin09182-RA	GO:0016020
Tlin09182-RA	GO:0055085
Tlin09182-RA	GO:0140359
Tlin09182-RA	GO:0005524
Tlin09182-RA	GO:0016020
Tlin09182-RA	GO:0055085
Tlin09182-RA	GO:0140359
Tlin09182-RA	GO:0005524
Tlin09182-RA	GO:0016020
Tlin09182-RA	GO:0005524
Tlin09182-RA	GO:0016887
Tlin09182-RA	GO:0005524
Tlin09182-RA	GO:0016020
Tlin09182-RA	GO:0005524
Tlin09182-RA	GO:0016020
Tlin09182-RA	GO:0005524
Tlin09182-RA	GO:0005524
Tlin14983-RA	GO:0008194
Tlin14983-RA	GO:0008194
Tlin05391-RA	GO:0016020
Tlin05391-RA	GO:0006813
Tlin09910-RA	GO:0004420
Tlin09910-RA	GO:0004420
Tlin09910-RA	GO:0005515
Tlin09910-RA	GO:0008299
Tlin09910-RA	GO:0004420
Tlin09910-RA	GO:0004420
Tlin09910-RA	GO:0004420
Tlin09910-RA	GO:0015936
Tlin09910-RA	GO:0004420
Tlin09910-RA	GO:0016616
Tlin09910-RA	GO:0015936
Tlin09910-RA	GO:0004420
Tlin09910-RA	GO:0015936
Tlin09910-RA	GO:0004420
Tlin04947-RA	GO:0003723
Tlin04947-RA	GO:0003676
Tlin03674-RA	GO:0006644
Tlin03674-RA	GO:0050482
Tlin03674-RA	GO:0004623
Tlin03674-RA	GO:0006644
Tlin03674-RA	GO:0050482
Tlin03674-RA	GO:0004623
Tlin03674-RA	GO:0006644
Tlin03674-RA	GO:0050482
Tlin03674-RA	GO:0004623
Tlin02120-RA	GO:0016272
Tlin02120-RA	GO:0051082
Tlin02120-RA	GO:0006457
Tlin12442-RA	GO:0005525
Tlin12442-RA	GO:0003924
Tlin09334-RA	GO:0016627
Tlin09334-RA	GO:0016020
Tlin09334-RA	GO:0006099
Tlin09334-RA	GO:0009055
Tlin09334-RA	GO:0045281
Tlin09334-RA	GO:0000104
Tlin09334-RA	GO:0016020
Tlin09334-RA	GO:0006099
Tlin09334-RA	GO:0009055
Tlin09334-RA	GO:0016020
Tlin09334-RA	GO:0000104
Tlin07640-RA	GO:0003824
Tlin00192-RA	GO:0032049
Tlin00192-RA	GO:0008444
Tlin06029-RA	GO:0005509
Tlin06029-RA	GO:0005509
Tlin06029-RA	GO:0005509
Tlin06029-RA	GO:0005509
Tlin06029-RA	GO:0005509
Tlin06029-RA	GO:0005509
Tlin06029-RA	GO:0005509
Tlin06029-RA	GO:0005509
Tlin06029-RA	GO:0005509
Tlin06029-RA	GO:0005509
Tlin06029-RA	GO:0005509
Tlin06029-RA	GO:0005509
Tlin06029-RA	GO:0005509
Tlin06029-RA	GO:0005509
Tlin06029-RA	GO:0005509
Tlin06029-RA	GO:0005509
Tlin06029-RA	GO:0005509
Tlin06029-RA	GO:0005509
Tlin06029-RA	GO:0005509
Tlin06029-RA	GO:0005509
Tlin06029-RA	GO:0005509
Tlin06029-RA	GO:0005509
Tlin06029-RA	GO:0005509
Tlin06029-RA	GO:0005509
Tlin06029-RA	GO:0005509
Tlin03035-RA	GO:0022900
Tlin03035-RA	GO:0004174
Tlin10829-RA	GO:0051726
Tlin09278-RA	GO:0005515
Tlin01939-RA	GO:0033588
Tlin01939-RA	GO:0002098
Tlin01939-RA	GO:0033588
Tlin01939-RA	GO:0002098
Tlin01939-RA	GO:0033588
Tlin01939-RA	GO:0002098
Tlin01939-RA	GO:0005515
Tlin05253-RA	GO:0006412
Tlin08444-RA	GO:0005515
Tlin08444-RA	GO:0005515
Tlin08444-RA	GO:0005515
Tlin08444-RA	GO:0005515
Tlin08444-RA	GO:0005515
Tlin08444-RA	GO:0005515
Tlin08444-RA	GO:0005515
Tlin08444-RA	GO:0005515
Tlin08444-RA	GO:0007165
Tlin11204-RA	GO:0045022
Tlin11204-RA	GO:0043551
Tlin02155-RA	GO:0032222
Tlin02155-RA	GO:1903818
Tlin02155-RA	GO:0030431
Tlin00848-RA	GO:0032222
Tlin00848-RA	GO:1903818
Tlin00848-RA	GO:0030431
Tlin00521-RA	GO:0032040
Tlin00521-RA	GO:0006364
Tlin00521-RA	GO:0032040
Tlin00521-RA	GO:0006364
Tlin10010-RA	GO:0019674
Tlin10010-RA	GO:0003951
Tlin10010-RA	GO:0006741
Tlin10010-RA	GO:0003951
Tlin05996-RA	GO:0005634
Tlin05996-RA	GO:0000245
Tlin01647-RA	GO:0005515
Tlin01647-RA	GO:0017056
Tlin06663-RA	GO:0006298
Tlin06663-RA	GO:0030983
Tlin06663-RA	GO:0005524
Tlin06663-RA	GO:0006298
Tlin06663-RA	GO:0030983
Tlin06663-RA	GO:0005524
Tlin06663-RA	GO:0006298
Tlin06663-RA	GO:0030983
Tlin06663-RA	GO:0005524
Tlin06663-RA	GO:0006298
Tlin06663-RA	GO:0030983
Tlin06663-RA	GO:0005524
Tlin06663-RA	GO:0006298
Tlin06663-RA	GO:0030983
Tlin06663-RA	GO:0005524
Tlin06663-RA	GO:0006298
Tlin06663-RA	GO:0030983
Tlin06663-RA	GO:0005524
Tlin06663-RA	GO:0006298
Tlin06663-RA	GO:0030983
Tlin06663-RA	GO:0005524
Tlin06663-RA	GO:0006298
Tlin06663-RA	GO:0030983
Tlin06663-RA	GO:0005524
Tlin06663-RA	GO:0006298
Tlin06663-RA	GO:0030983
Tlin06663-RA	GO:0140664
Tlin06663-RA	GO:0005524
Tlin09711-RA	GO:0005524
Tlin09711-RA	GO:0007178
Tlin09711-RA	GO:0016020
Tlin09711-RA	GO:0004675
Tlin09711-RA	GO:0006468
Tlin09711-RA	GO:0004672
Tlin09711-RA	GO:0005524
Tlin09711-RA	GO:0006468
Tlin09711-RA	GO:0004672
Tlin09711-RA	GO:0016020
Tlin09711-RA	GO:0004675
Tlin01089-RA	GO:0008484
Tlin02193-RA	GO:0005524
Tlin02193-RA	GO:0032508
Tlin02193-RA	GO:0003677
Tlin02193-RA	GO:0005524
Tlin02193-RA	GO:0032508
Tlin02193-RA	GO:0003677
Tlin02193-RA	GO:0005524
Tlin02193-RA	GO:0006260
Tlin02193-RA	GO:0003677
Tlin02193-RA	GO:0005524
Tlin02193-RA	GO:0005634
Tlin02193-RA	GO:0006270
Tlin02193-RA	GO:0042555
Tlin02193-RA	GO:1905775
Tlin02193-RA	GO:0003677
Tlin02696-RA	GO:0007155
Tlin02696-RA	GO:0005886
Tlin02696-RA	GO:0005515
Tlin02696-RA	GO:0005515
Tlin02696-RA	GO:0005515
Tlin02696-RA	GO:0005515
Tlin02696-RA	GO:0005515
Tlin02696-RA	GO:0005515
Tlin02696-RA	GO:0016020
Tlin02696-RA	GO:0005509
Tlin02696-RA	GO:0005524
Tlin02696-RA	GO:0006468
Tlin02696-RA	GO:0004672
Tlin02696-RA	GO:0016020
Tlin02696-RA	GO:0005509
Tlin02696-RA	GO:0016020
Tlin02696-RA	GO:0005509
Tlin02696-RA	GO:0007156
Tlin02696-RA	GO:0016020
Tlin02696-RA	GO:0005509
Tlin02696-RA	GO:0016020
Tlin02696-RA	GO:0005509
Tlin10244-RA	GO:0016787
Tlin03787-RA	GO:0035556
Tlin03787-RA	GO:0016055
Tlin03787-RA	GO:0005515
Tlin03787-RA	GO:0005515
Tlin03787-RA	GO:0005515
Tlin10038-RA	GO:0003755
Tlin10038-RA	GO:0003755
Tlin00973-RA	GO:0006913
Tlin00973-RA	GO:0017056
Tlin00973-RA	GO:0005643
Tlin13417-RA	GO:0005515
Tlin01133-RA	GO:0005506
Tlin01133-RA	GO:0016705
Tlin01133-RA	GO:0020037
Tlin01133-RA	GO:0004497
Tlin01133-RA	GO:0005506
Tlin01133-RA	GO:0016705
Tlin01133-RA	GO:0020037
Tlin01133-RA	GO:0004497
Tlin01133-RA	GO:0005506
Tlin01133-RA	GO:0016705
Tlin01133-RA	GO:0020037
Tlin01133-RA	GO:0004497
Tlin01133-RA	GO:0016705
Tlin01133-RA	GO:0005506
Tlin01889-RA	GO:0016192
Tlin01889-RA	GO:0006886
Tlin01889-RA	GO:0016192
Tlin01889-RA	GO:0030117
Tlin01889-RA	GO:0006886
Tlin01889-RA	GO:0016192
Tlin01889-RA	GO:0030131
Tlin01889-RA	GO:0006886
Tlin01889-RA	GO:0016192
Tlin01889-RA	GO:0030117
Tlin01889-RA	GO:0006886
Tlin04076-RA	GO:0004518
Tlin04076-RA	GO:0004518
Tlin08003-RA	GO:0008270
Tlin08003-RA	GO:0006281
Tlin14516-RA	GO:0016887
Tlin14516-RA	GO:0005524
Tlin14516-RA	GO:0035494
Tlin14516-RA	GO:0016887
Tlin14516-RA	GO:0016887
Tlin14516-RA	GO:0005524
Tlin04044-RA	GO:0036211
Tlin04044-RA	GO:0036211
Tlin13643-RA	GO:0016567
Tlin13643-RA	GO:0004842
Tlin13643-RA	GO:0000974
Tlin13643-RA	GO:0006281
Tlin13643-RA	GO:0061630
Tlin13643-RA	GO:0000398
Tlin13643-RA	GO:0005515
Tlin13643-RA	GO:0005515
Tlin13643-RA	GO:0005515
Tlin13643-RA	GO:0005515
Tlin13643-RA	GO:0005515
Tlin13643-RA	GO:0005515
Tlin10326-RA	GO:0035556
Tlin10326-RA	GO:0035556
Tlin10326-RA	GO:0035556
Tlin10326-RA	GO:0035556
Tlin10326-RA	GO:0005524
Tlin10326-RA	GO:0006468
Tlin10326-RA	GO:0004672
Tlin10326-RA	GO:0005524
Tlin10326-RA	GO:0035556
Tlin10326-RA	GO:0006468
Tlin10326-RA	GO:0004672
Tlin10326-RA	GO:0035556
Tlin03311-RA	GO:0140359
Tlin03311-RA	GO:0016020
Tlin03311-RA	GO:0055085
Tlin03311-RA	GO:0140359
Tlin03311-RA	GO:0005524
Tlin03311-RA	GO:0016020
Tlin03311-RA	GO:0055085
Tlin03311-RA	GO:0140359
Tlin03311-RA	GO:0005524
Tlin03311-RA	GO:0005524
Tlin03311-RA	GO:0016020
Tlin03311-RA	GO:0005524
Tlin03311-RA	GO:0016887
Tlin03311-RA	GO:0005524
Tlin03311-RA	GO:0005524
Tlin03311-RA	GO:0016020
Tlin03311-RA	GO:0005524
Tlin03311-RA	GO:0016887
Tlin03311-RA	GO:0005524
Tlin03311-RA	GO:0140359
Tlin03311-RA	GO:0016020
Tlin03311-RA	GO:0005524
Tlin03311-RA	GO:0016020
Tlin03311-RA	GO:0005524
Tlin03382-RA	GO:0007264
Tlin03382-RA	GO:0005085
Tlin03382-RA	GO:0007264
Tlin03382-RA	GO:0005085
Tlin03382-RA	GO:0001784
Tlin03382-RA	GO:0005515
Tlin10319-RA	GO:0003824
Tlin10319-RA	GO:0003824
Tlin00505-RA	GO:0051087
Tlin00505-RA	GO:0051087
Tlin00505-RA	GO:0051087
Tlin01398-RA	GO:0022857
Tlin01398-RA	GO:0055085
Tlin01398-RA	GO:0016020
Tlin01398-RA	GO:0022857
Tlin01398-RA	GO:0055085
Tlin01398-RA	GO:0016020
Tlin01398-RA	GO:0022857
Tlin01398-RA	GO:0055085
Tlin01398-RA	GO:0016020
Tlin08241-RA	GO:0007186
Tlin08241-RA	GO:0016020
Tlin08241-RA	GO:0004930
Tlin08241-RA	GO:0007186
Tlin08241-RA	GO:0016020
Tlin08241-RA	GO:0004930
Tlin12261-RA	GO:0005515
Tlin12261-RA	GO:0005515
Tlin12261-RA	GO:0003676
Tlin12261-RA	GO:0003676
Tlin00458-RA	GO:0005515
Tlin00458-RA	GO:0000398
Tlin00458-RA	GO:0005515
Tlin00458-RA	GO:0005515
Tlin00458-RA	GO:0005515
Tlin00458-RA	GO:0005515
Tlin00458-RA	GO:0000398
Tlin00458-RA	GO:0005515
Tlin00458-RA	GO:0005515
Tlin11609-RA	GO:0005515
Tlin11609-RA	GO:0005515
Tlin11609-RA	GO:0005515
Tlin11609-RA	GO:0005515
Tlin11609-RA	GO:0055085
Tlin11609-RA	GO:0022857
Tlin10046-RA	GO:0003723
Tlin10046-RA	GO:0003723
Tlin10046-RA	GO:0003723
Tlin10046-RA	GO:0003723
Tlin10046-RA	GO:0003723
Tlin10046-RA	GO:0003723
Tlin02233-RA	GO:0005515
Tlin02111-RA	GO:0005515
Tlin02111-RA	GO:0005515
Tlin02111-RA	GO:0005515
Tlin02111-RA	GO:0005515
Tlin02111-RA	GO:0051015
Tlin02609-RA	GO:0004000
Tlin02609-RA	GO:0006396
Tlin02609-RA	GO:0003723
Tlin04150-RA	GO:0005515
Tlin04150-RA	GO:0005515
Tlin03924-RA	GO:0005506
Tlin03924-RA	GO:0016705
Tlin03924-RA	GO:0020037
Tlin03924-RA	GO:0004497
Tlin03924-RA	GO:0016705
Tlin03924-RA	GO:0005506
Tlin03924-RA	GO:0005506
Tlin03924-RA	GO:0016705
Tlin03924-RA	GO:0020037
Tlin03924-RA	GO:0004497
Tlin03924-RA	GO:0005506
Tlin03924-RA	GO:0016705
Tlin03924-RA	GO:0020037
Tlin03924-RA	GO:0004497
Tlin04683-RA	GO:0016747
Tlin04868-RA	GO:0005975
Tlin04868-RA	GO:0004553
Tlin02970-RA	GO:0042545
Tlin02970-RA	GO:0030599
Tlin06050-RA	GO:0047429
Tlin06050-RA	GO:0047429
Tlin06050-RA	GO:0047429
Tlin15002-RA	GO:0032299
Tlin15002-RA	GO:0006401
Tlin15002-RA	GO:0032299
Tlin15002-RA	GO:0006401
Tlin03402-RA	GO:0004252
Tlin03402-RA	GO:0006508
Tlin03402-RA	GO:0004176
Tlin01689-RA	GO:0016747
Tlin01689-RA	GO:0016747
Tlin01689-RA	GO:0016747
Tlin01689-RA	GO:0016747
Tlin01689-RA	GO:0016746
Tlin01689-RA	GO:0016747
Tlin01689-RA	GO:0016746
Tlin01689-RA	GO:0016747
Tlin01689-RA	GO:0016746
Tlin01689-RA	GO:0016746
Tlin00863-RA	GO:0007186
Tlin00863-RA	GO:0016020
Tlin00863-RA	GO:0004930
Tlin00875-RA	GO:0006352
Tlin00875-RA	GO:0005634
Tlin00875-RA	GO:0006352
Tlin00875-RA	GO:0005634
Tlin07295-RA	GO:0005509
Tlin07295-RA	GO:0016020
Tlin07295-RA	GO:0004571
Tlin07295-RA	GO:0005509
Tlin07295-RA	GO:0016020
Tlin07295-RA	GO:0004571
Tlin07295-RA	GO:0005975
Tlin13995-RA	GO:0043565
Tlin06870-RA	GO:0007173
Tlin06870-RA	GO:0048018
Tlin06870-RA	GO:0005154
Tlin02473-RA	GO:0016491
Tlin03781-RA	GO:0005525
Tlin03781-RA	GO:0003924
Tlin04468-RA	GO:0034453
Tlin04468-RA	GO:0005815
Tlin11912-RA	GO:0016051
Tlin02095-RA	GO:0031267
Tlin02095-RA	GO:0006886
Tlin11159-RA	GO:0016765
Tlin11159-RA	GO:0016020
Tlin14127-RA	GO:0003676
Tlin06594-RA	GO:0140658
Tlin06594-RA	GO:0005524
Tlin09578-RA	GO:0005515
Tlin09578-RA	GO:0005515
Tlin08266-RA	GO:0016491
Tlin08266-RA	GO:0010181
Tlin08266-RA	GO:0016491
Tlin08266-RA	GO:0016491
Tlin01502-RA	GO:0005515
Tlin01502-RA	GO:0005515
Tlin01502-RA	GO:0005515
Tlin01502-RA	GO:0005515
Tlin01502-RA	GO:0005515
Tlin01502-RA	GO:0005515
Tlin01502-RA	GO:0005515
Tlin01502-RA	GO:0005515
Tlin01502-RA	GO:0005515
Tlin01502-RA	GO:0005515
Tlin01502-RA	GO:0016791
Tlin01502-RA	GO:0016311
Tlin01502-RA	GO:0005515
Tlin01502-RA	GO:0005515
Tlin01502-RA	GO:0006470
Tlin01502-RA	GO:0004725
Tlin01502-RA	GO:0005515
Tlin01502-RA	GO:0005515
Tlin01502-RA	GO:0005515
Tlin01502-RA	GO:0005515
Tlin01502-RA	GO:0005515
Tlin01502-RA	GO:0005515
Tlin01502-RA	GO:0005515
Tlin01502-RA	GO:0005515
Tlin01502-RA	GO:0005515
Tlin01502-RA	GO:0005515
Tlin01502-RA	GO:0005515
Tlin13061-RA	GO:0006310
Tlin13061-RA	GO:0015074
Tlin13061-RA	GO:0003677
Tlin13061-RA	GO:0006310
Tlin13061-RA	GO:0015074
Tlin13061-RA	GO:0003677
Tlin13061-RA	GO:0003677
Tlin04689-RA	GO:0005549
Tlin04689-RA	GO:0005549
Tlin04689-RA	GO:0005549
Tlin01296-RA	GO:0016020
Tlin01296-RA	GO:0006811
Tlin12497-RA	GO:0006310
Tlin12497-RA	GO:0015074
Tlin12497-RA	GO:0003677
Tlin12497-RA	GO:0006310
Tlin12497-RA	GO:0015074
Tlin12497-RA	GO:0003677
Tlin12497-RA	GO:0003677
Tlin10627-RA	GO:0007229
Tlin06572-RA	GO:0031417
Tlin00172-RA	GO:0009968
Tlin00172-RA	GO:0005737
Tlin00172-RA	GO:0009968
Tlin00172-RA	GO:0005737
Tlin01671-RA	GO:0016020
Tlin01671-RA	GO:0006811
Tlin01671-RA	GO:0006811
Tlin01671-RA	GO:0016020
Tlin01671-RA	GO:0005230
Tlin01671-RA	GO:0016020
Tlin01671-RA	GO:0006811
Tlin01671-RA	GO:0006811
Tlin01671-RA	GO:0016020
Tlin01671-RA	GO:0005230
Tlin01671-RA	GO:0005216
Tlin01671-RA	GO:0016020
Tlin01671-RA	GO:0034220
Tlin01671-RA	GO:0004888
Tlin01671-RA	GO:0006811
Tlin01671-RA	GO:0016020
Tlin01671-RA	GO:0005230
Tlin08808-RA	GO:0005975
Tlin08808-RA	GO:0004553
Tlin02667-RA	GO:0016020
Tlin02667-RA	GO:0004930
Tlin06990-RA	GO:0005975
Tlin06990-RA	GO:0006013
Tlin06990-RA	GO:0004559
Tlin06990-RA	GO:0006013
Tlin06990-RA	GO:0004559
Tlin06990-RA	GO:0006013
Tlin06990-RA	GO:0004559
Tlin06990-RA	GO:0006013
Tlin06990-RA	GO:0004559
Tlin06990-RA	GO:0005975
Tlin06990-RA	GO:0030246
Tlin06990-RA	GO:0003824
Tlin06990-RA	GO:0006013
Tlin06990-RA	GO:0004559
Tlin04387-RA	GO:0005515
Tlin04387-RA	GO:0004519
Tlin08533-RA	GO:0032981
Tlin02261-RA	GO:0006281
Tlin09425-RA	GO:0016020
Tlin09425-RA	GO:0071805
Tlin09425-RA	GO:0005267
Tlin12736-RA	GO:0005506
Tlin12736-RA	GO:0016705
Tlin12736-RA	GO:0020037
Tlin12736-RA	GO:0004497
Tlin12736-RA	GO:0005506
Tlin12736-RA	GO:0016705
Tlin12736-RA	GO:0020037
Tlin12736-RA	GO:0004497
Tlin12736-RA	GO:0005506
Tlin12736-RA	GO:0016705
Tlin12736-RA	GO:0020037
Tlin12736-RA	GO:0004497
Tlin04215-RA	GO:0005515
Tlin08471-RA	GO:0005515
Tlin08471-RA	GO:0005515
Tlin08471-RA	GO:0005515
Tlin08471-RA	GO:0005515
Tlin08471-RA	GO:0005515
Tlin11470-RA	GO:0006281
Tlin11470-RA	GO:0006281
Tlin00310-RA	GO:0003723
Tlin00310-RA	GO:0003676
Tlin03191-RA	GO:0005515
Tlin03191-RA	GO:0005515
Tlin07524-RA	GO:0005509
Tlin07524-RA	GO:0005509
Tlin07524-RA	GO:0005509
Tlin07524-RA	GO:0005509
Tlin07524-RA	GO:0005509
Tlin07524-RA	GO:0005509
Tlin07524-RA	GO:0005509
Tlin07524-RA	GO:0005509
Tlin07524-RA	GO:0005509
Tlin07524-RA	GO:0005509
Tlin07524-RA	GO:0005509
Tlin07524-RA	GO:0005509
Tlin02093-RA	GO:0005515
Tlin02093-RA	GO:0005515
Tlin02093-RA	GO:0005515
Tlin02093-RA	GO:0005515
Tlin02093-RA	GO:0005515
Tlin02093-RA	GO:0007165
Tlin05995-RA	GO:0016887
Tlin05995-RA	GO:0005524
Tlin00891-RA	GO:0005515
Tlin00891-RA	GO:0005680
Tlin09003-RA	GO:0055085
Tlin09003-RA	GO:0022857
Tlin04687-RA	GO:0016798
Tlin04687-RA	GO:0016020
Tlin11556-RA	GO:0016020
Tlin11556-RA	GO:0009922
Tlin11556-RA	GO:0016020
Tlin11556-RA	GO:0009922
Tlin05719-RA	GO:0005634
Tlin05719-RA	GO:0006508
Tlin05719-RA	GO:0004197
Tlin07176-RA	GO:0033014
Tlin07176-RA	GO:0046872
Tlin07176-RA	GO:0004655
Tlin07176-RA	GO:0033014
Tlin07176-RA	GO:0046872
Tlin07176-RA	GO:0004655
Tlin00812-RA	GO:0006508
Tlin00812-RA	GO:0004252
Tlin09099-RA	GO:0006468
Tlin09099-RA	GO:0004672
Tlin09099-RA	GO:0005515
Tlin09099-RA	GO:0005515
Tlin09099-RA	GO:0006468
Tlin09099-RA	GO:0004672
Tlin09385-RA	GO:0003779
Tlin09385-RA	GO:0003779
Tlin09385-RA	GO:0003779
Tlin04029-RA	GO:0005515
Tlin04742-RA	GO:0007186
Tlin04742-RA	GO:0016020
Tlin04742-RA	GO:0004930
Tlin04742-RA	GO:0007186
Tlin04742-RA	GO:0016020
Tlin04742-RA	GO:0004930
Tlin02893-RA	GO:0008270
Tlin02893-RA	GO:0005634
Tlin08720-RA	GO:0016887
Tlin08720-RA	GO:0005524
Tlin08720-RA	GO:0016020
Tlin08720-RA	GO:0005524
Tlin08720-RA	GO:0016020
Tlin08720-RA	GO:0005524
Tlin08720-RA	GO:0005524
Tlin08720-RA	GO:0016020
Tlin08720-RA	GO:0055085
Tlin08720-RA	GO:0140359
Tlin08720-RA	GO:0005524
Tlin04605-RA	GO:0006338
Tlin04605-RA	GO:0031491
Tlin04605-RA	GO:0003677
Tlin04605-RA	GO:0005634
Tlin04605-RA	GO:0006338
Tlin04605-RA	GO:0003677
Tlin04605-RA	GO:0006338
Tlin04605-RA	GO:0031491
Tlin04605-RA	GO:0003677
Tlin04605-RA	GO:0006338
Tlin04605-RA	GO:0031491
Tlin04605-RA	GO:0003677
Tlin04605-RA	GO:0140658
Tlin04605-RA	GO:0005524
Tlin04605-RA	GO:0005524
Tlin05081-RA	GO:0006298
Tlin05081-RA	GO:0005524
Tlin05081-RA	GO:0006298
Tlin05081-RA	GO:0030983
Tlin05081-RA	GO:0005524
Tlin05081-RA	GO:0016887
Tlin05081-RA	GO:0032300
Tlin05081-RA	GO:0140664
Tlin05081-RA	GO:0006298
Tlin00924-RA	GO:0008194
Tlin00924-RA	GO:0008194
Tlin08705-RA	GO:0046983
Tlin08705-RA	GO:0046983
Tlin08705-RA	GO:0046983
Tlin06944-RA	GO:0016020
Tlin06944-RA	GO:0016020
Tlin06944-RA	GO:0016020
Tlin07935-RA	GO:0007165
Tlin04690-RA	GO:0005549
Tlin04690-RA	GO:0005549
Tlin04690-RA	GO:0005549
Tlin12494-RA	GO:0050660
Tlin12494-RA	GO:0016614
Tlin12494-RA	GO:0050660
Tlin12494-RA	GO:0016614
Tlin12494-RA	GO:0050660
Tlin12494-RA	GO:0016614
Tlin12494-RA	GO:0050660
Tlin12494-RA	GO:0016614
Tlin09029-RA	GO:0005515
Tlin09029-RA	GO:0005515
Tlin09029-RA	GO:0005515
Tlin09029-RA	GO:0005515
Tlin09029-RA	GO:0005515
Tlin01283-RA	GO:0005524
Tlin01283-RA	GO:0015937
Tlin01283-RA	GO:0004594
Tlin01283-RA	GO:0005524
Tlin01283-RA	GO:0015937
Tlin01283-RA	GO:0004594
Tlin13072-RA	GO:0071203
Tlin13072-RA	GO:0071203
Tlin08710-RA	GO:0030867
Tlin08710-RA	GO:0023041
Tlin00178-RA	GO:0005515
Tlin00178-RA	GO:0005515
Tlin00178-RA	GO:0005515
Tlin00178-RA	GO:0005515
Tlin00178-RA	GO:0005515
Tlin00178-RA	GO:0005515
Tlin00178-RA	GO:0006383
Tlin00178-RA	GO:0005515
Tlin04458-RA	GO:0071108
Tlin04458-RA	GO:1990380
Tlin04458-RA	GO:0004843
Tlin09108-RA	GO:0070006
Tlin09108-RA	GO:0030145
Tlin00250-RA	GO:0003723
Tlin00250-RA	GO:0003723
Tlin00250-RA	GO:0003723
Tlin00250-RA	GO:0003723
Tlin00250-RA	GO:0003723
Tlin01043-RA	GO:0016538
Tlin01043-RA	GO:0016538
Tlin01043-RA	GO:0016538
Tlin01043-RA	GO:0016538
Tlin07564-RA	GO:0006955
Tlin07564-RA	GO:0016020
Tlin07564-RA	GO:0005164
Tlin07564-RA	GO:0005515
Tlin07564-RA	GO:0005515
Tlin01757-RA	GO:0016020
Tlin01757-RA	GO:0007154
Tlin01757-RA	GO:0007275
Tlin01757-RA	GO:0016020
Tlin01757-RA	GO:0007219
Tlin01757-RA	GO:0005509
Tlin04836-RA	GO:0016787
Tlin04836-RA	GO:0046872
Tlin04836-RA	GO:0003993
Tlin04836-RA	GO:0046872
Tlin04836-RA	GO:0003993
Tlin07468-RA	GO:0010265
Tlin00174-RA	GO:0009968
Tlin00174-RA	GO:0005737
Tlin00174-RA	GO:0009968
Tlin00174-RA	GO:0005737
Tlin06580-RA	GO:0005515
Tlin06580-RA	GO:0005515
Tlin08074-RA	GO:0003723
Tlin08074-RA	GO:0003676
Tlin11691-RA	GO:0005515
Tlin11691-RA	GO:0003824
Tlin09298-RA	GO:0006629
Tlin09298-RA	GO:0016298
Tlin09298-RA	GO:0016298
Tlin09131-RA	GO:0000049
Tlin09131-RA	GO:0005525
Tlin06321-RA	GO:0019901
Tlin06321-RA	GO:0000079
Tlin05413-RA	GO:0005515
Tlin05413-RA	GO:0005515
Tlin05413-RA	GO:0005515
Tlin05637-RA	GO:0006508
Tlin05637-RA	GO:0004252
Tlin05637-RA	GO:0006508
Tlin05637-RA	GO:0004252
Tlin05637-RA	GO:0006508
Tlin05637-RA	GO:0004252
Tlin12492-RA	GO:0016765
Tlin12492-RA	GO:0008299
Tlin12492-RA	GO:0008299
Tlin10178-RA	GO:0006355
Tlin10178-RA	GO:0046983
Tlin10178-RA	GO:0046983
Tlin10178-RA	GO:0046983
Tlin11999-RA	GO:0036064
Tlin11999-RA	GO:0044782
Tlin11999-RA	GO:0005813
Tlin05872-RA	GO:0019901
Tlin01935-RA	GO:0034729
Tlin01935-RA	GO:0051726
Tlin01935-RA	GO:0031151
Tlin01935-RA	GO:0031151
Tlin08184-RA	GO:0005515
Tlin08184-RA	GO:0005515
Tlin08184-RA	GO:0005515
Tlin08184-RA	GO:0005515
Tlin08184-RA	GO:0005515
Tlin08184-RA	GO:0005515
Tlin08184-RA	GO:0005515
Tlin08184-RA	GO:0005515
Tlin08184-RA	GO:0005515
Tlin08184-RA	GO:0005515
Tlin08184-RA	GO:0005515
Tlin08184-RA	GO:0005515
Tlin08184-RA	GO:0005515
Tlin10241-RA	GO:0005515
Tlin10241-RA	GO:0016887
Tlin10241-RA	GO:0005524
Tlin10241-RA	GO:0005515
Tlin01266-RA	GO:0016787
Tlin01266-RA	GO:0016787
Tlin05614-RA	GO:0008270
Tlin05614-RA	GO:0003676
Tlin05614-RA	GO:0003677
Tlin05614-RA	GO:0008270
Tlin05614-RA	GO:0003676
Tlin05614-RA	GO:0008270
Tlin05614-RA	GO:0003676
Tlin05614-RA	GO:0008270
Tlin05614-RA	GO:0003676
Tlin05614-RA	GO:0006355
Tlin05614-RA	GO:0003677
Tlin10246-RA	GO:0006811
Tlin10246-RA	GO:0016020
Tlin10246-RA	GO:0055085
Tlin10246-RA	GO:0005216
Tlin10246-RA	GO:0016020
Tlin10246-RA	GO:0070588
Tlin10246-RA	GO:0005262
Tlin03096-RA	GO:0006629
Tlin03096-RA	GO:0016298
Tlin03096-RA	GO:0016298
Tlin13366-RA	GO:0005515
Tlin13783-RA	GO:0006508
Tlin13783-RA	GO:0004190
Tlin13450-RA	GO:0006164
Tlin13450-RA	GO:0004639
Tlin03536-RA	GO:0006397
Tlin03536-RA	GO:0000445
Tlin05768-RA	GO:0005524
Tlin05768-RA	GO:0003676
Tlin05768-RA	GO:0004386
Tlin11013-RA	GO:0006355
Tlin11013-RA	GO:0000981
Tlin11013-RA	GO:0003677
Tlin11013-RA	GO:0003677
Tlin04901-RA	GO:0016491
Tlin04901-RA	GO:0016491
Tlin04901-RA	GO:0008236
Tlin04901-RA	GO:0006508
Tlin04901-RA	GO:0008236
Tlin04901-RA	GO:0006508
Tlin04901-RA	GO:0006561
Tlin04901-RA	GO:0004350
Tlin04901-RA	GO:0006561
Tlin04901-RA	GO:0004349
Tlin04901-RA	GO:0016620
Tlin04901-RA	GO:0016491
Tlin08078-RA	GO:0003839
Tlin14047-RA	GO:0006313
Tlin14047-RA	GO:0004803
Tlin02631-RA	GO:0016020
Tlin02631-RA	GO:0006811
Tlin02631-RA	GO:0006811
Tlin02631-RA	GO:0016020
Tlin02631-RA	GO:0005230
Tlin02631-RA	GO:0006811
Tlin02631-RA	GO:0016020
Tlin02631-RA	GO:0005230
Tlin02631-RA	GO:0006811
Tlin02631-RA	GO:0016020
Tlin02631-RA	GO:0005230
Tlin02631-RA	GO:0016020
Tlin02631-RA	GO:0006811
Tlin02631-RA	GO:0005216
Tlin02631-RA	GO:0016020
Tlin02631-RA	GO:0034220
Tlin02631-RA	GO:0004888
Tlin08785-RA	GO:0003676
Tlin01906-RA	GO:0010468
Tlin01906-RA	GO:0061780
Tlin01906-RA	GO:0003682
Tlin03614-RA	GO:0005515
Tlin03614-RA	GO:0042254
Tlin03614-RA	GO:0006364
Tlin03614-RA	GO:0005515
Tlin03614-RA	GO:0005515
Tlin03614-RA	GO:0005515
Tlin03614-RA	GO:0005515
Tlin12378-RA	GO:0006013
Tlin12378-RA	GO:0004559
Tlin12378-RA	GO:0006013
Tlin12378-RA	GO:0004559
Tlin12378-RA	GO:0006013
Tlin12378-RA	GO:0004559
Tlin12378-RA	GO:0005975
Tlin12378-RA	GO:0005975
Tlin12378-RA	GO:0030246
Tlin12378-RA	GO:0003824
Tlin12378-RA	GO:0006013
Tlin12378-RA	GO:0004559
Tlin12378-RA	GO:0006013
Tlin12378-RA	GO:0004559
Tlin07866-RA	GO:0005975
Tlin07866-RA	GO:0016773
Tlin07866-RA	GO:0005524
Tlin07866-RA	GO:0004396
Tlin07866-RA	GO:0005524
Tlin07866-RA	GO:0005536
Tlin07866-RA	GO:0005975
Tlin07866-RA	GO:0001678
Tlin13213-RA	GO:0016717
Tlin13213-RA	GO:0006629
Tlin13213-RA	GO:0016717
Tlin02819-RA	GO:0007605
Tlin03285-RA	GO:0042302
Tlin03285-RA	GO:0042302
Tlin03285-RA	GO:0042302
Tlin03285-RA	GO:0042302
Tlin03285-RA	GO:0042302
Tlin03649-RA	GO:0016836
Tlin03649-RA	GO:0016836
Tlin08047-RA	GO:0006457
Tlin08047-RA	GO:0005524
Tlin08047-RA	GO:0005524
Tlin08047-RA	GO:0140662
Tlin08047-RA	GO:0042026
Tlin08047-RA	GO:0140662
Tlin08047-RA	GO:0042026
Tlin10057-RA	GO:0006378
Tlin10057-RA	GO:0006379
Tlin10057-RA	GO:0005847
Tlin09006-RA	GO:0005515
Tlin09006-RA	GO:0005515
Tlin09006-RA	GO:0016020
Tlin09006-RA	GO:0007166
Tlin09006-RA	GO:0005515
Tlin02293-RA	GO:0006508
Tlin02293-RA	GO:0004222
Tlin02293-RA	GO:0006508
Tlin02293-RA	GO:0004222
Tlin02293-RA	GO:0006508
Tlin02293-RA	GO:0004222
Tlin02293-RA	GO:0008237
Tlin02293-RA	GO:0006508
Tlin02293-RA	GO:0004222
Tlin02293-RA	GO:0006508
Tlin07798-RA	GO:0036211
Tlin05153-RA	GO:0016020
Tlin07026-RA	GO:0016020
Tlin07026-RA	GO:0004970
Tlin07026-RA	GO:0016020
Tlin07026-RA	GO:0015276
Tlin04841-RA	GO:0016020
Tlin04841-RA	GO:0097020
Tlin04841-RA	GO:0006888
Tlin04841-RA	GO:0016020
Tlin04841-RA	GO:0097020
Tlin04841-RA	GO:0006888
Tlin10674-RA	GO:0008270
Tlin14546-RA	GO:0006814
Tlin14546-RA	GO:0016020
Tlin14546-RA	GO:0005272
Tlin14546-RA	GO:0006814
Tlin14546-RA	GO:0016020
Tlin14546-RA	GO:0005272
Tlin06090-RA	GO:0006260
Tlin06090-RA	GO:0003677
Tlin03030-RA	GO:0005977
Tlin03030-RA	GO:0005516
Tlin09467-RA	GO:0005524
Tlin09467-RA	GO:0005524
Tlin09467-RA	GO:0006468
Tlin09467-RA	GO:0004672
Tlin06875-RA	GO:0046785
Tlin06875-RA	GO:0015631
Tlin06875-RA	GO:0046785
Tlin06875-RA	GO:0015631
Tlin10770-RA	GO:0016020
Tlin10770-RA	GO:0008083
Tlin14380-RA	GO:0005524
Tlin14380-RA	GO:0016459
Tlin14380-RA	GO:0003774
Tlin14380-RA	GO:0005524
Tlin14380-RA	GO:0016459
Tlin14380-RA	GO:0003774
Tlin06116-RA	GO:0005524
Tlin06116-RA	GO:0005524
Tlin06116-RA	GO:0006468
Tlin06116-RA	GO:0004672
Tlin06116-RA	GO:0006468
Tlin06116-RA	GO:0004672
Tlin07074-RA	GO:0043130
Tlin03507-RA	GO:0051603
Tlin03507-RA	GO:0005839
Tlin03507-RA	GO:0010498
Tlin03507-RA	GO:0051603
Tlin03507-RA	GO:0005839
Tlin12010-RA	GO:0016780
Tlin05496-RA	GO:0007010
Tlin05496-RA	GO:0003779
Tlin05496-RA	GO:0007010
Tlin05496-RA	GO:0003779
Tlin05496-RA	GO:0007010
Tlin05496-RA	GO:0003779
Tlin07490-RA	GO:0005515
Tlin07490-RA	GO:0032963
Tlin07490-RA	GO:0005515
Tlin12691-RA	GO:0005975
Tlin12691-RA	GO:0004553
Tlin12691-RA	GO:0005975
Tlin08059-RA	GO:0006874
Tlin08059-RA	GO:0006396
Tlin08059-RA	GO:0003723
Tlin08059-RA	GO:0006396
Tlin08059-RA	GO:0003723
Tlin08059-RA	GO:0006396
Tlin08059-RA	GO:0003723
Tlin08059-RA	GO:0003676
Tlin05272-RA	GO:0043565
Tlin12125-RA	GO:0005975
Tlin12125-RA	GO:0016773
Tlin12125-RA	GO:0005524
Tlin12125-RA	GO:0005524
Tlin12125-RA	GO:0006096
Tlin12125-RA	GO:0004396
Tlin12125-RA	GO:0004396
Tlin12125-RA	GO:0005524
Tlin12125-RA	GO:0005536
Tlin12125-RA	GO:0005975
Tlin12125-RA	GO:0001678
Tlin12125-RA	GO:0005975
Tlin12125-RA	GO:0016773
Tlin12125-RA	GO:0005524
Tlin01386-RA	GO:0005515
Tlin01386-RA	GO:0005515
Tlin01386-RA	GO:0005515
Tlin01386-RA	GO:0005515
Tlin01386-RA	GO:0005515
Tlin01386-RA	GO:0005509
Tlin01386-RA	GO:0005509
Tlin05505-RA	GO:0005515
Tlin05505-RA	GO:0005515
Tlin05505-RA	GO:0005515
Tlin02923-RA	GO:0030001
Tlin02923-RA	GO:0007034
Tlin08578-RA	GO:0017056
Tlin08578-RA	GO:0005643
Tlin08578-RA	GO:0017056
Tlin08578-RA	GO:0005643
Tlin14886-RA	GO:0004386
Tlin14886-RA	GO:0005524
Tlin14886-RA	GO:0006139
Tlin14886-RA	GO:0016818
Tlin14886-RA	GO:0003676
Tlin14886-RA	GO:0003678
Tlin14886-RA	GO:0005524
Tlin14886-RA	GO:0003677
Tlin03008-RA	GO:0140662
Tlin03008-RA	GO:0005524
Tlin03008-RA	GO:0140662
Tlin03008-RA	GO:0005524
Tlin01262-RA	GO:0008380
Tlin08371-RA	GO:0016746
Tlin04035-RA	GO:0009253
Tlin04035-RA	GO:0008745
Tlin04035-RA	GO:0009253
Tlin04035-RA	GO:0008745
Tlin04035-RA	GO:0009253
Tlin04035-RA	GO:0008745
Tlin04035-RA	GO:0009253
Tlin04035-RA	GO:0008745
Tlin02588-RA	GO:0004620
Tlin02588-RA	GO:0016788
Tlin07961-RA	GO:0005515
Tlin07961-RA	GO:0005515
Tlin07961-RA	GO:0005515
Tlin07263-RA	GO:0005515
Tlin07263-RA	GO:0005515
Tlin07263-RA	GO:0005515
Tlin05096-RA	GO:0032006
Tlin05096-RA	GO:0032006
Tlin02387-RA	GO:0005515
Tlin02387-RA	GO:0005515
Tlin02387-RA	GO:0005515
Tlin02387-RA	GO:0005515
Tlin02387-RA	GO:0005515
Tlin02387-RA	GO:0005515
Tlin02387-RA	GO:0046872
Tlin06724-RA	GO:0005509
Tlin06724-RA	GO:0016787
Tlin06724-RA	GO:0005509
Tlin06724-RA	GO:0016787
Tlin02045-RA	GO:0016020
Tlin02045-RA	GO:0007275
Tlin02045-RA	GO:0016020
Tlin02045-RA	GO:0007275
Tlin02237-RA	GO:0033617
Tlin02237-RA	GO:0005743
Tlin02237-RA	GO:0033617
Tlin02237-RA	GO:0005743
Tlin12537-RA	GO:0016641
Tlin12537-RA	GO:0005507
Tlin12537-RA	GO:0016641
Tlin12537-RA	GO:0005507
Tlin12537-RA	GO:0016020
Tlin12537-RA	GO:0016020
Tlin12537-RA	GO:0016020
Tlin12537-RA	GO:0016020
Tlin12537-RA	GO:0016020
Tlin12537-RA	GO:0005044
Tlin12537-RA	GO:0016020
Tlin12537-RA	GO:0005044
Tlin00618-RA	GO:0008061
Tlin00618-RA	GO:0008061
Tlin00618-RA	GO:0008061
Tlin00618-RA	GO:0008061
Tlin00618-RA	GO:0008061
Tlin00618-RA	GO:0008061
Tlin00618-RA	GO:0008061
Tlin00618-RA	GO:0008061
Tlin00618-RA	GO:0005576
Tlin00618-RA	GO:0008061
Tlin00618-RA	GO:0005576
Tlin00618-RA	GO:0008061
Tlin00618-RA	GO:0005576
Tlin00618-RA	GO:0008061
Tlin00618-RA	GO:0005576
Tlin00618-RA	GO:0008061
Tlin00618-RA	GO:0005576
Tlin00618-RA	GO:0008061
Tlin00618-RA	GO:0005576
Tlin00618-RA	GO:0008061
Tlin00618-RA	GO:0005576
Tlin00618-RA	GO:0008061
Tlin11181-RA	GO:0016788
Tlin11181-RA	GO:0016788
Tlin14092-RA	GO:0005515
Tlin14092-RA	GO:0005515
Tlin14092-RA	GO:0005515
Tlin14092-RA	GO:0005515
Tlin14092-RA	GO:0005515
Tlin14092-RA	GO:0005515
Tlin14092-RA	GO:0005515
Tlin06817-RA	GO:0016020
Tlin06817-RA	GO:0008083
Tlin06002-RA	GO:0016787
Tlin08225-RA	GO:0005524
Tlin08225-RA	GO:0006468
Tlin08225-RA	GO:0004672
Tlin08225-RA	GO:0005524
Tlin08225-RA	GO:0006468
Tlin08225-RA	GO:0004672
Tlin14672-RA	GO:0005515
Tlin14672-RA	GO:0005515
Tlin06298-RA	GO:0005524
Tlin02049-RA	GO:0005515
Tlin02049-RA	GO:0005515
Tlin02049-RA	GO:0005515
Tlin02049-RA	GO:0005515
Tlin04580-RA	GO:0004222
Tlin04580-RA	GO:0006974
Tlin04580-RA	GO:0003697
Tlin06942-RA	GO:0005549
Tlin06942-RA	GO:0007608
Tlin06942-RA	GO:0016020
Tlin06942-RA	GO:0004984
Tlin06942-RA	GO:0005549
Tlin06942-RA	GO:0007608
Tlin06942-RA	GO:0016020
Tlin06942-RA	GO:0004984
Tlin08104-RA	GO:0005524
Tlin08104-RA	GO:0006468
Tlin08104-RA	GO:0004672
Tlin08435-RA	GO:0005525
Tlin08435-RA	GO:0003924
Tlin08435-RA	GO:0005525
Tlin08435-RA	GO:0003924
Tlin08435-RA	GO:0005525
Tlin08435-RA	GO:0003924
Tlin00289-RA	GO:0019441
Tlin00289-RA	GO:0004061
Tlin00289-RA	GO:0019441
Tlin00289-RA	GO:0004061
Tlin00289-RA	GO:0019441
Tlin00289-RA	GO:0004061
Tlin00289-RA	GO:0019441
Tlin00289-RA	GO:0004061
Tlin05906-RA	GO:0008168
Tlin05906-RA	GO:0001510
Tlin00858-RA	GO:0003723
Tlin00858-RA	GO:0005732
Tlin00858-RA	GO:0042254
Tlin00858-RA	GO:0000493
Tlin00858-RA	GO:0042254
Tlin00858-RA	GO:0001522
Tlin05123-RA	GO:0016020
Tlin05123-RA	GO:0016020
Tlin06171-RA	GO:0000184
Tlin06171-RA	GO:0000184
Tlin06171-RA	GO:0000184
Tlin03066-RA	GO:0006415
Tlin03066-RA	GO:0003747
Tlin13347-RA	GO:0006313
Tlin13347-RA	GO:0004803
Tlin06768-RA	GO:0005515
Tlin06768-RA	GO:0005515
Tlin06768-RA	GO:0005515
Tlin06768-RA	GO:0005515
Tlin06768-RA	GO:0005515
Tlin06768-RA	GO:0005515
Tlin06768-RA	GO:0005515
Tlin06768-RA	GO:0005515
Tlin06768-RA	GO:0000398
Tlin11189-RA	GO:0008592
Tlin11189-RA	GO:0061630
Tlin11189-RA	GO:0000209
Tlin11189-RA	GO:0008592
Tlin11189-RA	GO:0061630
Tlin11189-RA	GO:0000209
Tlin08810-RA	GO:0003723
Tlin08810-RA	GO:0003676
Tlin06011-RA	GO:0005525
Tlin06011-RA	GO:0003924
Tlin06011-RA	GO:0005525
Tlin06011-RA	GO:0003924
Tlin06011-RA	GO:0007264
Tlin06011-RA	GO:0005525
Tlin14024-RA	GO:0003676
Tlin14024-RA	GO:0003723
Tlin02087-RA	GO:0008237
Tlin02087-RA	GO:0008241
Tlin02087-RA	GO:0016020
Tlin02087-RA	GO:0006508
Tlin02087-RA	GO:0008237
Tlin02087-RA	GO:0008241
Tlin02087-RA	GO:0016020
Tlin02087-RA	GO:0006508
Tlin02087-RA	GO:0008237
Tlin02087-RA	GO:0008241
Tlin02087-RA	GO:0016020
Tlin02087-RA	GO:0006508
Tlin07913-RA	GO:0005525
Tlin07913-RA	GO:0005802
Tlin07913-RA	GO:0006895
Tlin07913-RA	GO:0032456
Tlin07913-RA	GO:0042742
Tlin07913-RA	GO:0045335
Tlin07913-RA	GO:0055037
Tlin07913-RA	GO:0090382
Tlin07913-RA	GO:0003924
Tlin07913-RA	GO:0005525
Tlin07913-RA	GO:0003924
Tlin03411-RA	GO:0035091
Tlin03411-RA	GO:0035091
Tlin03411-RA	GO:0035091
Tlin12787-RA	GO:0006355
Tlin12787-RA	GO:0000981
Tlin12787-RA	GO:0003677
Tlin12787-RA	GO:0003677
Tlin03416-RA	GO:0016020
Tlin03416-RA	GO:0009966
Tlin09337-RA	GO:0016791
Tlin09337-RA	GO:0016311
Tlin09337-RA	GO:0006470
Tlin09337-RA	GO:0004725
Tlin05552-RA	GO:0005525
Tlin06070-RA	GO:0016020
Tlin06070-RA	GO:0016758
Tlin06070-RA	GO:0006486
Tlin06070-RA	GO:0016020
Tlin06070-RA	GO:0016758
Tlin06070-RA	GO:0006486
Tlin02363-RA	GO:0042054
Tlin02363-RA	GO:0005634
Tlin05663-RA	GO:0008270
Tlin01489-RA	GO:0007155
Tlin01489-RA	GO:0005886
Tlin01489-RA	GO:0016020
Tlin01489-RA	GO:0005509
Tlin01489-RA	GO:0016020
Tlin01489-RA	GO:0005509
Tlin01489-RA	GO:0016020
Tlin01489-RA	GO:0005509
Tlin01489-RA	GO:0016020
Tlin01489-RA	GO:0005509
Tlin01489-RA	GO:0016020
Tlin01489-RA	GO:0005509
Tlin01489-RA	GO:0016020
Tlin01489-RA	GO:0005509
Tlin01489-RA	GO:0007155
Tlin01489-RA	GO:0005886
Tlin01489-RA	GO:0016020
Tlin01489-RA	GO:0005509
Tlin01489-RA	GO:0016020
Tlin01489-RA	GO:0005509
Tlin01489-RA	GO:0007156
Tlin01489-RA	GO:0016020
Tlin01489-RA	GO:0005509
Tlin01489-RA	GO:0007156
Tlin01489-RA	GO:0016020
Tlin01489-RA	GO:0005509
Tlin01489-RA	GO:0007156
Tlin01489-RA	GO:0016020
Tlin01489-RA	GO:0005509
Tlin01489-RA	GO:0007156
Tlin01489-RA	GO:0016020
Tlin01489-RA	GO:0005509
Tlin01489-RA	GO:0007156
Tlin01489-RA	GO:0016020
Tlin01489-RA	GO:0005509
Tlin01489-RA	GO:0007156
Tlin01489-RA	GO:0016020
Tlin01489-RA	GO:0005509
Tlin01489-RA	GO:0016020
Tlin01489-RA	GO:0005509
Tlin01489-RA	GO:0016020
Tlin01489-RA	GO:0005509
Tlin01489-RA	GO:0007155
Tlin01489-RA	GO:0005886
Tlin12073-RA	GO:0005515
Tlin12073-RA	GO:0043565
Tlin12073-RA	GO:0006355
Tlin12073-RA	GO:0006355
Tlin12073-RA	GO:0005634
Tlin12073-RA	GO:0043565
Tlin12073-RA	GO:0006355
Tlin12073-RA	GO:0043565
Tlin12073-RA	GO:0006355
Tlin04158-RA	GO:0006508
Tlin04158-RA	GO:0004222
Tlin04158-RA	GO:0004222
Tlin04158-RA	GO:0032367
Tlin04158-RA	GO:0005802
Tlin04158-RA	GO:0008237
Tlin01297-RA	GO:0006811
Tlin01297-RA	GO:0016020
Tlin01297-RA	GO:0005230
Tlin01297-RA	GO:0016020
Tlin01297-RA	GO:0006811
Tlin01297-RA	GO:0016020
Tlin01297-RA	GO:0006811
Tlin01297-RA	GO:0006811
Tlin01297-RA	GO:0016020
Tlin01297-RA	GO:0005230
Tlin01297-RA	GO:0005216
Tlin01297-RA	GO:0016020
Tlin01297-RA	GO:0034220
Tlin01297-RA	GO:0004888
Tlin01297-RA	GO:0006811
Tlin01297-RA	GO:0016020
Tlin01297-RA	GO:0005230
Tlin05855-RA	GO:0016887
Tlin05855-RA	GO:0005524
Tlin05855-RA	GO:0005524
Tlin05855-RA	GO:0016020
Tlin05855-RA	GO:0005524
Tlin05855-RA	GO:0016020
Tlin05855-RA	GO:0055085
Tlin05855-RA	GO:0140359
Tlin05855-RA	GO:0005524
Tlin05855-RA	GO:0016020
Tlin05855-RA	GO:0055085
Tlin05855-RA	GO:0140359
Tlin05855-RA	GO:0005524
Tlin05855-RA	GO:0016020
Tlin05855-RA	GO:0005524
Tlin05855-RA	GO:0016887
Tlin05855-RA	GO:0005524
Tlin05855-RA	GO:0005524
Tlin05855-RA	GO:0016020
Tlin05855-RA	GO:0005524
Tlin05855-RA	GO:0016020
Tlin05855-RA	GO:0005524
Tlin03062-RA	GO:0006468
Tlin03062-RA	GO:0004672
Tlin03062-RA	GO:0000165
Tlin03062-RA	GO:0000165
Tlin03062-RA	GO:0000165
Tlin03062-RA	GO:0005524
Tlin03062-RA	GO:0005524
Tlin03062-RA	GO:0006468
Tlin03062-RA	GO:0004672
Tlin03139-RA	GO:0005992
Tlin03139-RA	GO:0004805
Tlin03139-RA	GO:0005992
Tlin03139-RA	GO:0003824
Tlin01655-RA	GO:0005777
Tlin06375-RA	GO:0006468
Tlin06375-RA	GO:0004672
Tlin06375-RA	GO:0005524
Tlin06375-RA	GO:0006468
Tlin06375-RA	GO:0004672
Tlin06375-RA	GO:0005524
Tlin09533-RA	GO:0016491
Tlin12780-RA	GO:0006468
Tlin12780-RA	GO:0004672
Tlin12780-RA	GO:0005524
Tlin12780-RA	GO:0007178
Tlin12780-RA	GO:0016020
Tlin12780-RA	GO:0004675
Tlin12780-RA	GO:0005524
Tlin12780-RA	GO:0016020
Tlin12780-RA	GO:0004675
Tlin01850-RA	GO:0046872
Tlin06850-RA	GO:0005515
Tlin06850-RA	GO:0006623
Tlin06850-RA	GO:0005515
Tlin14098-RA	GO:0003678
Tlin14098-RA	GO:0006281
Tlin14098-RA	GO:0000723
Tlin07013-RA	GO:0046983
Tlin07013-RA	GO:0046983
Tlin07013-RA	GO:0046983
Tlin03685-RA	GO:0016192
Tlin03685-RA	GO:0016192
Tlin12860-RA	GO:0008270
Tlin12860-RA	GO:0003676
Tlin00442-RA	GO:0005515
Tlin00442-RA	GO:0005515
Tlin00442-RA	GO:0005515
Tlin05174-RA	GO:0003677
Tlin05174-RA	GO:0001228
Tlin05174-RA	GO:0045944
Tlin05174-RA	GO:0000978
Tlin05349-RA	GO:0006355
Tlin05349-RA	GO:0008270
Tlin05349-RA	GO:0043565
Tlin05349-RA	GO:0003700
Tlin05349-RA	GO:0008270
Tlin05349-RA	GO:0006355
Tlin05349-RA	GO:0006355
Tlin05349-RA	GO:0008270
Tlin05349-RA	GO:0043565
Tlin05349-RA	GO:0003700
Tlin03392-RA	GO:0005576
Tlin03392-RA	GO:0007275
Tlin03392-RA	GO:0016055
Tlin03392-RA	GO:0005102
Tlin03392-RA	GO:0005576
Tlin03392-RA	GO:0007275
Tlin03392-RA	GO:0016055
Tlin03392-RA	GO:0005102
Tlin00632-RA	GO:0008168
Tlin00602-RA	GO:0055085
Tlin00602-RA	GO:0022857
Tlin06964-RA	GO:0006468
Tlin06964-RA	GO:0004672
Tlin06964-RA	GO:0005516
Tlin06964-RA	GO:0006468
Tlin06964-RA	GO:0004683
Tlin06964-RA	GO:0005524
Tlin06964-RA	GO:0005524
Tlin06964-RA	GO:0006468
Tlin06964-RA	GO:0004672
Tlin00260-RA	GO:0006260
Tlin00260-RA	GO:0003677
Tlin04797-RA	GO:0005515
Tlin04797-RA	GO:0016491
Tlin04797-RA	GO:0016491
Tlin04374-RA	GO:1990547
Tlin04374-RA	GO:0005315
Tlin00074-RA	GO:0046983
Tlin00074-RA	GO:0046983
Tlin00074-RA	GO:0046983
Tlin11660-RA	GO:0005549
Tlin11660-RA	GO:0005549
Tlin11660-RA	GO:0005549
Tlin13974-RA	GO:0008270
Tlin13974-RA	GO:0003676
Tlin13974-RA	GO:0008270
Tlin13974-RA	GO:0003676
Tlin05626-RA	GO:0016491
Tlin05626-RA	GO:0016491
Tlin14384-RA	GO:0005524
Tlin14384-RA	GO:0007018
Tlin14384-RA	GO:0008017
Tlin14384-RA	GO:0003777
Tlin14384-RA	GO:0005524
Tlin14384-RA	GO:0007018
Tlin14384-RA	GO:0008017
Tlin14384-RA	GO:0003777
Tlin14384-RA	GO:0007018
Tlin14384-RA	GO:0003777
Tlin02255-RA	GO:0016020
Tlin02255-RA	GO:0009922
Tlin02255-RA	GO:0016020
Tlin02255-RA	GO:0009922
Tlin03247-RA	GO:0003723
Tlin03247-RA	GO:0003723
Tlin03247-RA	GO:0003723
Tlin03247-RA	GO:0003723
Tlin03247-RA	GO:0006355
Tlin03247-RA	GO:0003676
Tlin03247-RA	GO:0006355
Tlin03247-RA	GO:0003676
Tlin03247-RA	GO:0003723
Tlin03247-RA	GO:0003723
Tlin03247-RA	GO:0003723
Tlin03247-RA	GO:0003723
Tlin03247-RA	GO:0003723
Tlin02752-RA	GO:0008374
Tlin02752-RA	GO:0016746
Tlin02137-RA	GO:0008081
Tlin02137-RA	GO:0006629
Tlin02137-RA	GO:0008081
Tlin02137-RA	GO:0006629
Tlin07305-RA	GO:0005524
Tlin07305-RA	GO:0005524
Tlin07305-RA	GO:0006468
Tlin07305-RA	GO:0004672
Tlin07305-RA	GO:0006468
Tlin07305-RA	GO:0004672
Tlin07305-RA	GO:0004674
Tlin05958-RA	GO:0031011
Tlin05958-RA	GO:0031011
Tlin05958-RA	GO:0006338
Tlin02746-RA	GO:0004865
Tlin09484-RA	GO:0003723
Tlin09484-RA	GO:0003676
Tlin09484-RA	GO:0005689
Tlin09484-RA	GO:0000398
Tlin09484-RA	GO:0008270
Tlin09484-RA	GO:0003676
Tlin01334-RA	GO:0005515
Tlin07321-RA	GO:0016887
Tlin07321-RA	GO:0005524
Tlin07321-RA	GO:0016887
Tlin07321-RA	GO:0005524
Tlin04275-RA	GO:0005509
Tlin04275-RA	GO:0019894
Tlin04275-RA	GO:0042988
Tlin04275-RA	GO:0001540
Tlin04293-RA	GO:0005506
Tlin04293-RA	GO:0016705
Tlin04293-RA	GO:0020037
Tlin04293-RA	GO:0004497
Tlin04293-RA	GO:0016705
Tlin04293-RA	GO:0005506
Tlin04293-RA	GO:0005506
Tlin04293-RA	GO:0016705
Tlin04293-RA	GO:0020037
Tlin04293-RA	GO:0004497
Tlin04293-RA	GO:0005506
Tlin04293-RA	GO:0016705
Tlin04293-RA	GO:0020037
Tlin04293-RA	GO:0004497
Tlin00902-RA	GO:0005515
Tlin00902-RA	GO:0005515
Tlin00902-RA	GO:0005515
Tlin00902-RA	GO:0005515
Tlin14207-RA	GO:0043565
Tlin12813-RA	GO:0016020
Tlin12813-RA	GO:0006890
Tlin12813-RA	GO:0016020
Tlin12813-RA	GO:0006890
Tlin03107-RA	GO:0016787
Tlin03107-RA	GO:0046872
Tlin03107-RA	GO:0003676
Tlin03107-RA	GO:0016787
Tlin03107-RA	GO:0046872
Tlin03107-RA	GO:0003676
Tlin07867-RA	GO:0004396
Tlin07867-RA	GO:0005524
Tlin07867-RA	GO:0005536
Tlin07867-RA	GO:0005975
Tlin07867-RA	GO:0001678
Tlin07867-RA	GO:0005975
Tlin07867-RA	GO:0016773
Tlin07867-RA	GO:0005524
Tlin07867-RA	GO:0005524
Tlin07867-RA	GO:0006096
Tlin07867-RA	GO:0004396
Tlin01728-RA	GO:0005525
Tlin01728-RA	GO:0005525
Tlin00382-RA	GO:0003796
Tlin00382-RA	GO:0003796
Tlin00382-RA	GO:0003796
Tlin02766-RA	GO:0005515
Tlin02766-RA	GO:0005515
Tlin02766-RA	GO:0005515
Tlin02766-RA	GO:0005515
Tlin02766-RA	GO:0005515
Tlin02766-RA	GO:0008270
Tlin09924-RA	GO:0140359
Tlin09924-RA	GO:0016020
Tlin09924-RA	GO:0140359
Tlin09924-RA	GO:0005524
Tlin09924-RA	GO:0016887
Tlin09924-RA	GO:0005524
Tlin12980-RA	GO:0003676
Tlin06655-RA	GO:0016020
Tlin06655-RA	GO:0016192
Tlin06655-RA	GO:0031267
Tlin06655-RA	GO:0005794
Tlin10543-RA	GO:0008237
Tlin10543-RA	GO:0006508
Tlin10543-RA	GO:0004222
Tlin10654-RA	GO:0006275
Tlin10654-RA	GO:0003677
Tlin10654-RA	GO:0006275
Tlin10654-RA	GO:0030337
Tlin10654-RA	GO:0003677
Tlin10654-RA	GO:0006275
Tlin10654-RA	GO:0003677
Tlin09162-RA	GO:0007186
Tlin09162-RA	GO:0016020
Tlin09162-RA	GO:0004930
Tlin09162-RA	GO:0007186
Tlin09162-RA	GO:0016020
Tlin09162-RA	GO:0004930
Tlin09758-RA	GO:0005525
Tlin09758-RA	GO:0003924
Tlin07761-RA	GO:0005515
Tlin07761-RA	GO:0005515
Tlin13447-RA	GO:0140647
Tlin13447-RA	GO:0051537
Tlin13447-RA	GO:0051536
Tlin13447-RA	GO:0051536
Tlin13447-RA	GO:0051536
Tlin01186-RA	GO:0005506
Tlin01186-RA	GO:0016705
Tlin01186-RA	GO:0020037
Tlin01186-RA	GO:0004497
Tlin01186-RA	GO:0005506
Tlin01186-RA	GO:0016705
Tlin01186-RA	GO:0020037
Tlin01186-RA	GO:0004497
Tlin01186-RA	GO:0016705
Tlin01186-RA	GO:0005506
Tlin01186-RA	GO:0005506
Tlin01186-RA	GO:0016705
Tlin01186-RA	GO:0020037
Tlin01186-RA	GO:0004497
Tlin08841-RA	GO:0008270
Tlin08841-RA	GO:0008237
Tlin01294-RA	GO:0016491
Tlin01294-RA	GO:0016491
Tlin01294-RA	GO:0016491
Tlin01294-RA	GO:0016491
Tlin01294-RA	GO:0016620
Tlin01294-RA	GO:0016491
Tlin13488-RA	GO:0006313
Tlin13488-RA	GO:0004803
Tlin12256-RA	GO:0016763
Tlin12256-RA	GO:0006400
Tlin12256-RA	GO:0016763
Tlin12256-RA	GO:0006400
Tlin12256-RA	GO:0016763
Tlin12256-RA	GO:0006400
Tlin13682-RA	GO:0046983
Tlin04908-RA	GO:0005515
Tlin04908-RA	GO:0005515
Tlin04908-RA	GO:0005515
Tlin04908-RA	GO:0005515
Tlin04908-RA	GO:0005515
Tlin04908-RA	GO:0005515
Tlin04908-RA	GO:0005515
Tlin04908-RA	GO:0005515
Tlin04908-RA	GO:0005515
Tlin12027-RA	GO:0043565
Tlin01784-RA	GO:0005515
Tlin06955-RA	GO:0005515
Tlin02068-RA	GO:0090522
Tlin02068-RA	GO:0006886
Tlin06478-RA	GO:0008569
Tlin06478-RA	GO:0030286
Tlin06478-RA	GO:0007018
Tlin06478-RA	GO:0008569
Tlin06478-RA	GO:0030286
Tlin06478-RA	GO:0045505
Tlin06478-RA	GO:0051959
Tlin06478-RA	GO:0007018
Tlin07194-RA	GO:0005975
Tlin07194-RA	GO:0004553
Tlin07194-RA	GO:0005975
Tlin07194-RA	GO:0030246
Tlin07194-RA	GO:0003824
Tlin11618-RA	GO:0004725
Tlin11618-RA	GO:0007275
Tlin02817-RA	GO:0035556
Tlin14019-RA	GO:0005840
Tlin14019-RA	GO:0006412
Tlin14019-RA	GO:0003735
Tlin14019-RA	GO:0005840
Tlin14019-RA	GO:0006412
Tlin14019-RA	GO:0003735
Tlin14019-RA	GO:0005840
Tlin14019-RA	GO:0006412
Tlin14019-RA	GO:0003735
Tlin00671-RA	GO:0020037
Tlin00671-RA	GO:0019825
Tlin00671-RA	GO:0020037
Tlin01887-RA	GO:0006396
Tlin01887-RA	GO:0004525
Tlin01887-RA	GO:0006396
Tlin01887-RA	GO:0004525
Tlin01887-RA	GO:0005515
Tlin01887-RA	GO:0006396
Tlin01887-RA	GO:0004525
Tlin01887-RA	GO:0006396
Tlin01887-RA	GO:0004525
Tlin01887-RA	GO:0006396
Tlin01887-RA	GO:0004525
Tlin01887-RA	GO:0006396
Tlin01887-RA	GO:0004525
Tlin01887-RA	GO:0030422
Tlin01887-RA	GO:0031054
Tlin01887-RA	GO:0003723
Tlin01887-RA	GO:0006396
Tlin01887-RA	GO:0004525
Tlin01887-RA	GO:0005515
Tlin01887-RA	GO:0006396
Tlin01887-RA	GO:0004525
Tlin01887-RA	GO:0006396
Tlin01887-RA	GO:0004525
Tlin08958-RA	GO:0022857
Tlin08958-RA	GO:0055085
Tlin08958-RA	GO:0016020
Tlin11626-RA	GO:0016020
Tlin11626-RA	GO:0016020
Tlin14391-RA	GO:0006313
Tlin14391-RA	GO:0004803
Tlin12202-RA	GO:0003676
Tlin02695-RA	GO:0005506
Tlin02695-RA	GO:0016705
Tlin02695-RA	GO:0020037
Tlin02695-RA	GO:0004497
Tlin02695-RA	GO:0016705
Tlin02695-RA	GO:0005506
Tlin02695-RA	GO:0005506
Tlin02695-RA	GO:0016705
Tlin02695-RA	GO:0020037
Tlin02695-RA	GO:0004497
Tlin02695-RA	GO:0005506
Tlin02695-RA	GO:0016705
Tlin02695-RA	GO:0020037
Tlin02695-RA	GO:0004497
Tlin11698-RA	GO:0035091
Tlin11698-RA	GO:0035091
Tlin11698-RA	GO:0006886
Tlin11698-RA	GO:0007165
Tlin11698-RA	GO:0032266
Tlin11698-RA	GO:0007165
Tlin11698-RA	GO:0035091
Tlin11698-RA	GO:0005515
Tlin11698-RA	GO:0032266
Tlin11698-RA	GO:0005515
Tlin11698-RA	GO:0005515
Tlin11698-RA	GO:0035091
Tlin06380-RA	GO:0006508
Tlin06380-RA	GO:0004252
Tlin06380-RA	GO:0006508
Tlin06380-RA	GO:0004252
Tlin06380-RA	GO:0006508
Tlin06380-RA	GO:0004252
Tlin04013-RA	GO:0005840
Tlin04013-RA	GO:0006412
Tlin04013-RA	GO:0003735
Tlin04013-RA	GO:0006412
Tlin04013-RA	GO:0005840
Tlin04013-RA	GO:0006412
Tlin04013-RA	GO:0003735
Tlin04013-RA	GO:0005840
Tlin04013-RA	GO:0006412
Tlin04013-RA	GO:0003735
Tlin08997-RA	GO:0016491
Tlin08997-RA	GO:0016491
Tlin08997-RA	GO:0016491
Tlin09231-RA	GO:0016491
Tlin09231-RA	GO:0016616
Tlin09231-RA	GO:0006631
Tlin09231-RA	GO:0016491
Tlin09231-RA	GO:0016616
Tlin09231-RA	GO:0006631
Tlin09231-RA	GO:0003824
Tlin09231-RA	GO:0070403
Tlin09231-RA	GO:0006631
Tlin04058-RA	GO:0016020
Tlin04058-RA	GO:0016020
Tlin12133-RA	GO:0022857
Tlin12133-RA	GO:0055085
Tlin12133-RA	GO:0016020
Tlin14900-RA	GO:0006508
Tlin14900-RA	GO:0004222
Tlin14900-RA	GO:0008237
Tlin14900-RA	GO:0008237
Tlin14900-RA	GO:0006508
Tlin14900-RA	GO:0004222
Tlin04728-RA	GO:0003723
Tlin04728-RA	GO:0003676
Tlin04728-RA	GO:0008270
Tlin04728-RA	GO:0003676
Tlin03194-RA	GO:0006508
Tlin03194-RA	GO:0004252
Tlin03194-RA	GO:0006508
Tlin03194-RA	GO:0004252
Tlin03194-RA	GO:0006508
Tlin03194-RA	GO:0004252
Tlin12440-RA	GO:0006468
Tlin12440-RA	GO:0004672
Tlin12440-RA	GO:0005524
Tlin12440-RA	GO:0006468
Tlin12440-RA	GO:0004672
Tlin12440-RA	GO:0005524
Tlin03156-RA	GO:0016020
Tlin03156-RA	GO:0035434
Tlin03156-RA	GO:0005375
Tlin03156-RA	GO:0016020
Tlin03156-RA	GO:0035434
Tlin03156-RA	GO:0005375
Tlin04945-RA	GO:0005254
Tlin06294-RA	GO:0015929
Tlin06294-RA	GO:0005975
Tlin06294-RA	GO:0004553
Tlin14816-RA	GO:0035091
Tlin14816-RA	GO:0015031
Tlin14816-RA	GO:0035091
Tlin14816-RA	GO:0035091
Tlin10000-RA	GO:0003677
Tlin10000-RA	GO:0006355
Tlin10000-RA	GO:0000981
Tlin10000-RA	GO:0003677
Tlin00231-RA	GO:0016020
Tlin00231-RA	GO:0046923
Tlin00231-RA	GO:0006621
Tlin00231-RA	GO:0016765
Tlin00231-RA	GO:0016765
Tlin00231-RA	GO:0016765
Tlin00231-RA	GO:0016765
Tlin00231-RA	GO:0016020
Tlin00231-RA	GO:0046923
Tlin00231-RA	GO:0006621
Tlin00231-RA	GO:0016020
Tlin00231-RA	GO:0046923
Tlin00231-RA	GO:0006621
Tlin00231-RA	GO:0016765
Tlin00231-RA	GO:0016765
Tlin07739-RA	GO:0005506
Tlin07739-RA	GO:0009072
Tlin07739-RA	GO:0004497
Tlin07739-RA	GO:0005506
Tlin07739-RA	GO:0009072
Tlin07739-RA	GO:0004497
Tlin07739-RA	GO:0005506
Tlin07739-RA	GO:0009072
Tlin07739-RA	GO:0004497
Tlin07739-RA	GO:0016714
Tlin03068-RA	GO:0006629
Tlin03068-RA	GO:0016717
Tlin03068-RA	GO:0016717
Tlin01351-RA	GO:0005515
Tlin01351-RA	GO:0005515
Tlin01351-RA	GO:0005634
Tlin01351-RA	GO:0016567
Tlin01351-RA	GO:0036297
Tlin01351-RA	GO:0004842
Tlin09998-RA	GO:0005515
Tlin09998-RA	GO:0005515
Tlin09998-RA	GO:0005515
Tlin10530-RA	GO:0016020
Tlin10530-RA	GO:0080132
Tlin10530-RA	GO:0006629
Tlin10530-RA	GO:0020037
Tlin00098-RA	GO:0016887
Tlin00098-RA	GO:0005524
Tlin00098-RA	GO:0016887
Tlin00098-RA	GO:0005524
Tlin12950-RA	GO:0006048
Tlin12950-RA	GO:0004343
Tlin12950-RA	GO:0016747
Tlin05177-RA	GO:0008270
Tlin12353-RA	GO:0016020
Tlin03516-RA	GO:0005975
Tlin03516-RA	GO:0004553
Tlin03516-RA	GO:0005975
Tlin03516-RA	GO:0004563
Tlin02416-RA	GO:0016020
Tlin00500-RA	GO:0005515
Tlin00500-RA	GO:0005515
Tlin00500-RA	GO:0017110
Tlin00500-RA	GO:0005509
Tlin00500-RA	GO:0017110
Tlin00500-RA	GO:0005509
Tlin00500-RA	GO:0016788
Tlin00500-RA	GO:0017110
Tlin00500-RA	GO:0005509
Tlin03122-RA	GO:0005515
Tlin03122-RA	GO:0005515
Tlin03122-RA	GO:0005515
Tlin03122-RA	GO:0005515
Tlin03122-RA	GO:0005515
Tlin03122-RA	GO:0005515
Tlin03122-RA	GO:0005515
Tlin03122-RA	GO:0005515
Tlin03122-RA	GO:0005515
Tlin03122-RA	GO:0005515
Tlin03122-RA	GO:0005515
Tlin03122-RA	GO:0005515
Tlin03122-RA	GO:0005515
Tlin06020-RA	GO:0006974
Tlin06020-RA	GO:0006281
Tlin11239-RA	GO:0016620
Tlin11239-RA	GO:0016620
Tlin04809-RA	GO:0005549
Tlin04809-RA	GO:0007608
Tlin04809-RA	GO:0016020
Tlin04809-RA	GO:0004984
Tlin04809-RA	GO:0005549
Tlin04809-RA	GO:0007608
Tlin04809-RA	GO:0016020
Tlin04809-RA	GO:0004984
Tlin04527-RA	GO:0006122
Tlin04527-RA	GO:0005750
Tlin02096-RA	GO:0005509
Tlin00393-RA	GO:0051536
Tlin03046-RA	GO:0007034
Tlin03046-RA	GO:0007034
Tlin14132-RA	GO:0043565
Tlin01539-RA	GO:0050313
Tlin01539-RA	GO:0006749
Tlin11313-RA	GO:0008081
Tlin11313-RA	GO:0006629
Tlin11313-RA	GO:0008081
Tlin11313-RA	GO:0006629
Tlin11313-RA	GO:0008081
Tlin11313-RA	GO:0006629
Tlin10547-RA	GO:0005524
Tlin10547-RA	GO:0003676
Tlin05414-RA	GO:0016887
Tlin05414-RA	GO:0005524
Tlin05414-RA	GO:0016887
Tlin05414-RA	GO:0005524
Tlin05414-RA	GO:0016887
Tlin05414-RA	GO:0005524
Tlin11783-RA	GO:0005515
Tlin00392-RA	GO:0003677
Tlin00392-RA	GO:0005515
Tlin11996-RA	GO:0005515
Tlin11996-RA	GO:0005515
Tlin11996-RA	GO:0005515
Tlin03435-RA	GO:1990904
Tlin03435-RA	GO:0042254
Tlin05865-RA	GO:0003677
Tlin05865-RA	GO:0006355
Tlin05865-RA	GO:0000981
Tlin05865-RA	GO:0003677
Tlin03039-RA	GO:0005515
Tlin01378-RA	GO:0005524
Tlin01378-RA	GO:0006468
Tlin01378-RA	GO:0004672
Tlin01378-RA	GO:0005515
Tlin08333-RA	GO:1905515
Tlin08333-RA	GO:0034464
Tlin09781-RA	GO:0016887
Tlin09781-RA	GO:0005524
Tlin09781-RA	GO:0016887
Tlin09781-RA	GO:0005524
Tlin00236-RA	GO:0005515
Tlin00236-RA	GO:0016579
Tlin00236-RA	GO:0004843
Tlin00236-RA	GO:0005515
Tlin00236-RA	GO:0006511
Tlin00236-RA	GO:0004843
Tlin00236-RA	GO:0006511
Tlin00236-RA	GO:0004843
Tlin07945-RA	GO:0020037
Tlin07945-RA	GO:0030151
Tlin07945-RA	GO:0016491
Tlin04094-RA	GO:0031625
Tlin04094-RA	GO:0006511
Tlin04094-RA	GO:0031461
Tlin04094-RA	GO:0031625
Tlin04094-RA	GO:0006511
Tlin11237-RA	GO:0050660
Tlin11237-RA	GO:0016614
Tlin11237-RA	GO:0016614
Tlin11237-RA	GO:0050660
Tlin11237-RA	GO:0016614
Tlin11237-RA	GO:0050660
Tlin11237-RA	GO:0016614
Tlin11237-RA	GO:0050660
Tlin08302-RA	GO:0005524
Tlin08302-RA	GO:0008094
Tlin03489-RA	GO:0016020
Tlin03489-RA	GO:0016746
Tlin03489-RA	GO:0006506
Tlin03489-RA	GO:0016020
Tlin03489-RA	GO:0016746
Tlin03489-RA	GO:0006506
Tlin08588-RA	GO:0003676
Tlin13697-RA	GO:0003676
Tlin06051-RA	GO:0007165
Tlin06051-RA	GO:0007165
Tlin03007-RA	GO:0006886
Tlin03007-RA	GO:0016020
Tlin03007-RA	GO:0005801
Tlin03007-RA	GO:0006886
Tlin03007-RA	GO:0016020
Tlin03007-RA	GO:0005801
Tlin10998-RA	GO:0003723
Tlin10998-RA	GO:0003676
Tlin08361-RA	GO:0004518
Tlin08361-RA	GO:0003677
Tlin01007-RA	GO:0016020
Tlin01007-RA	GO:0016020
Tlin10824-RA	GO:0016020
Tlin10824-RA	GO:0004930
Tlin10824-RA	GO:0016020
Tlin10824-RA	GO:0004930
Tlin10824-RA	GO:0016020
Tlin10824-RA	GO:0004930
Tlin10824-RA	GO:0007186
Tlin10824-RA	GO:0016020
Tlin10824-RA	GO:0004930
Tlin11294-RA	GO:0007165
Tlin11294-RA	GO:0005515
Tlin11294-RA	GO:0005515
Tlin11294-RA	GO:0005515
Tlin11294-RA	GO:0005096
Tlin11294-RA	GO:0035556
Tlin11294-RA	GO:0000146
Tlin11294-RA	GO:0007165
Tlin11294-RA	GO:0005524
Tlin11294-RA	GO:0016459
Tlin11294-RA	GO:0003774
Tlin11294-RA	GO:0005524
Tlin11294-RA	GO:0016459
Tlin11294-RA	GO:0003774
Tlin00024-RA	GO:0005515
Tlin13693-RA	GO:0005515
Tlin13693-RA	GO:0005515
Tlin13693-RA	GO:0005515
Tlin13693-RA	GO:0005515
Tlin13693-RA	GO:0005515
Tlin13693-RA	GO:0005515
Tlin13693-RA	GO:0005515
Tlin13693-RA	GO:0005515
Tlin14831-RA	GO:0005515
Tlin14831-RA	GO:0005515
Tlin14831-RA	GO:0005515
Tlin14831-RA	GO:0005515
Tlin14831-RA	GO:0005515
Tlin14831-RA	GO:0005515
Tlin14831-RA	GO:0005515
Tlin14831-RA	GO:0005515
Tlin04608-RA	GO:0005525
Tlin04608-RA	GO:0003924
Tlin03756-RA	GO:0006511
Tlin03756-RA	GO:0004843
Tlin03756-RA	GO:0008270
Tlin03756-RA	GO:0006511
Tlin03756-RA	GO:0004843
Tlin03756-RA	GO:0016579
Tlin03756-RA	GO:0004843
Tlin10081-RA	GO:0005515
Tlin10081-RA	GO:0005515
Tlin10081-RA	GO:0005515
Tlin10081-RA	GO:0005515
Tlin10081-RA	GO:0005515
Tlin10081-RA	GO:0005515
Tlin10081-RA	GO:0005515
Tlin10081-RA	GO:0005515
Tlin10081-RA	GO:0005515
Tlin10081-RA	GO:0005515
Tlin10081-RA	GO:0005515
Tlin10081-RA	GO:0005515
Tlin10611-RA	GO:0006508
Tlin10611-RA	GO:0004197
Tlin10611-RA	GO:0006508
Tlin10611-RA	GO:0004197
Tlin10152-RA	GO:0032299
Tlin10152-RA	GO:0006401
Tlin10152-RA	GO:0032299
Tlin10152-RA	GO:0006401
Tlin03330-RA	GO:0050660
Tlin03330-RA	GO:0050660
Tlin03330-RA	GO:0016614
Tlin03330-RA	GO:0050660
Tlin03330-RA	GO:0016614
Tlin03330-RA	GO:0050660
Tlin03330-RA	GO:0016614
Tlin03330-RA	GO:0050660
Tlin03330-RA	GO:0016614
Tlin03330-RA	GO:0050660
Tlin03330-RA	GO:0016614
Tlin03330-RA	GO:0050660
Tlin03330-RA	GO:0016614
Tlin03330-RA	GO:0050660
Tlin03330-RA	GO:0016614
Tlin03330-RA	GO:0050660
Tlin03330-RA	GO:0016614
Tlin03330-RA	GO:0050660
Tlin03330-RA	GO:0016614
Tlin03330-RA	GO:0050660
Tlin03330-RA	GO:0016614
Tlin03330-RA	GO:0050660
Tlin03330-RA	GO:0016614
Tlin03330-RA	GO:0050660
Tlin03330-RA	GO:0016614
Tlin03330-RA	GO:0050660
Tlin03330-RA	GO:0016614
Tlin03330-RA	GO:0016614
Tlin03330-RA	GO:0016614
Tlin03330-RA	GO:0016614
Tlin03330-RA	GO:0016614
Tlin03330-RA	GO:0016614
Tlin03715-RA	GO:0005515
Tlin03715-RA	GO:0061630
Tlin03380-RA	GO:0004407
Tlin03380-RA	GO:0006325
Tlin03380-RA	GO:0016575
Tlin03380-RA	GO:0000118
Tlin05380-RA	GO:0007264
Tlin05380-RA	GO:0005085
Tlin05380-RA	GO:0007264
Tlin05380-RA	GO:0005085
Tlin05380-RA	GO:0007264
Tlin05380-RA	GO:0005085
Tlin05380-RA	GO:0007264
Tlin05380-RA	GO:0005085
Tlin05380-RA	GO:0007264
Tlin05380-RA	GO:0005085
Tlin04042-RA	GO:0004376
Tlin04042-RA	GO:0006506
Tlin04042-RA	GO:0000009
Tlin04042-RA	GO:0004376
Tlin04042-RA	GO:0006506
Tlin04042-RA	GO:0000009
Tlin03955-RA	GO:0016020
Tlin03955-RA	GO:0005524
Tlin03955-RA	GO:0016020
Tlin03955-RA	GO:0055085
Tlin03955-RA	GO:0140359
Tlin03955-RA	GO:0005524
Tlin03955-RA	GO:0016887
Tlin03955-RA	GO:0005524
Tlin03955-RA	GO:0005524
Tlin03955-RA	GO:0016020
Tlin03955-RA	GO:0005524
Tlin09393-RA	GO:0005840
Tlin09393-RA	GO:0006412
Tlin09393-RA	GO:0003735
Tlin04819-RA	GO:0007186
Tlin04819-RA	GO:0016020
Tlin04819-RA	GO:0004930
Tlin04819-RA	GO:0007186
Tlin04819-RA	GO:0016020
Tlin04819-RA	GO:0004930
Tlin00151-RA	GO:0003723
Tlin07694-RA	GO:0006493
Tlin07694-RA	GO:0016020
Tlin07694-RA	GO:0000030
Tlin01814-RA	GO:0022857
Tlin01814-RA	GO:0055085
Tlin01814-RA	GO:0016020
Tlin01814-RA	GO:0022857
Tlin01814-RA	GO:0055085
Tlin01814-RA	GO:0016020
Tlin01814-RA	GO:0051119
Tlin01814-RA	GO:0008643
Tlin01814-RA	GO:0022857
Tlin01814-RA	GO:0055085
Tlin01814-RA	GO:0016020
Tlin09079-RA	GO:0003723
Tlin09079-RA	GO:0003723
Tlin09079-RA	GO:0003723
Tlin09079-RA	GO:0003723
Tlin09079-RA	GO:0005515
Tlin04278-RA	GO:0005840
Tlin04278-RA	GO:0006412
Tlin04278-RA	GO:0003735
Tlin04278-RA	GO:0005840
Tlin04278-RA	GO:0006412
Tlin04278-RA	GO:0003735
Tlin00881-RA	GO:0005549
Tlin00881-RA	GO:0007608
Tlin00881-RA	GO:0016020
Tlin00881-RA	GO:0004984
Tlin00881-RA	GO:0005549
Tlin00881-RA	GO:0007608
Tlin00881-RA	GO:0016020
Tlin00881-RA	GO:0004984
Tlin06137-RA	GO:0005840
Tlin06137-RA	GO:0006412
Tlin06137-RA	GO:0003735
Tlin03457-RA	GO:0032440
Tlin03457-RA	GO:0047522
Tlin03457-RA	GO:0005737
Tlin03457-RA	GO:0016628
Tlin01073-RA	GO:0004482
Tlin13645-RA	GO:0005524
Tlin13645-RA	GO:0005694
Tlin13645-RA	GO:0051276
Tlin13645-RA	GO:0005515
Tlin13645-RA	GO:0005524
Tlin13645-RA	GO:0005694
Tlin13645-RA	GO:0051276
Tlin13645-RA	GO:0005515
Tlin05233-RA	GO:0042254
Tlin05233-RA	GO:0001522
Tlin14838-RA	GO:0003676
Tlin14838-RA	GO:0003677
Tlin14838-RA	GO:0003676
Tlin06418-RA	GO:0015075
Tlin06418-RA	GO:0016020
Tlin06418-RA	GO:0055085
Tlin06418-RA	GO:0006811
Tlin06418-RA	GO:0015075
Tlin06418-RA	GO:0016020
Tlin06418-RA	GO:0055085
Tlin06418-RA	GO:0006811
Tlin02712-RA	GO:0032012
Tlin02712-RA	GO:0005085
Tlin02712-RA	GO:0032012
Tlin02712-RA	GO:0005085
Tlin02712-RA	GO:0032012
Tlin02712-RA	GO:0005085
Tlin01100-RA	GO:0010468
Tlin01100-RA	GO:0005634
Tlin01856-RA	GO:0016787
Tlin01856-RA	GO:0016810
Tlin06948-RA	GO:0055085
Tlin06948-RA	GO:0022857
Tlin02430-RA	GO:0005509
Tlin02430-RA	GO:0005509
Tlin03171-RA	GO:0003700
Tlin03171-RA	GO:0005634
Tlin03171-RA	GO:0006355
Tlin03171-RA	GO:0006915
Tlin03171-RA	GO:0003677
Tlin03171-RA	GO:0003700
Tlin03171-RA	GO:0005634
Tlin03171-RA	GO:0006355
Tlin03171-RA	GO:0003677
Tlin03171-RA	GO:0000976
Tlin03171-RA	GO:0006355
Tlin03171-RA	GO:0003700
Tlin06165-RA	GO:0006355
Tlin06165-RA	GO:0000981
Tlin06165-RA	GO:0003677
Tlin06165-RA	GO:0003677
Tlin10162-RA	GO:0017128
Tlin10162-RA	GO:0017121
Tlin10162-RA	GO:0017128
Tlin10162-RA	GO:0017121
Tlin02367-RA	GO:0005515
Tlin02367-RA	GO:0005515
Tlin02367-RA	GO:0005515
Tlin02367-RA	GO:0005515
Tlin09766-RA	GO:0019464
Tlin09766-RA	GO:0005960
Tlin03496-RA	GO:0001671
Tlin03496-RA	GO:0006289
Tlin03496-RA	GO:0000439
Tlin03496-RA	GO:0001671
Tlin03496-RA	GO:0006289
Tlin03496-RA	GO:0000439
Tlin09674-RA	GO:0005840
Tlin09674-RA	GO:0006412
Tlin09674-RA	GO:0003735
Tlin09674-RA	GO:0005840
Tlin09674-RA	GO:0006412
Tlin09674-RA	GO:0003735
Tlin09674-RA	GO:0005840
Tlin09674-RA	GO:0006412
Tlin09674-RA	GO:0003735
Tlin09674-RA	GO:0005840
Tlin09674-RA	GO:0006412
Tlin09674-RA	GO:0003735
Tlin01699-RA	GO:0005515
Tlin01699-RA	GO:0005515
Tlin07053-RA	GO:0005515
Tlin07053-RA	GO:0005515
Tlin07053-RA	GO:0005515
Tlin07053-RA	GO:0005515
Tlin07053-RA	GO:0005515
Tlin07053-RA	GO:0005515
Tlin07053-RA	GO:0005515
Tlin07053-RA	GO:0005515
Tlin07053-RA	GO:0005515
Tlin07053-RA	GO:0006470
Tlin07053-RA	GO:0004725
Tlin07053-RA	GO:0006470
Tlin07053-RA	GO:0004725
Tlin07053-RA	GO:0005515
Tlin07053-RA	GO:0005515
Tlin07053-RA	GO:0005515
Tlin07053-RA	GO:0005515
Tlin07053-RA	GO:0005515
Tlin07053-RA	GO:0005515
Tlin07053-RA	GO:0005515
Tlin07053-RA	GO:0005515
Tlin07053-RA	GO:0005515
Tlin07053-RA	GO:0005515
Tlin07053-RA	GO:0005515
Tlin07053-RA	GO:0005515
Tlin07053-RA	GO:0016791
Tlin07053-RA	GO:0016311
Tlin07053-RA	GO:0005515
Tlin07053-RA	GO:0016791
Tlin07053-RA	GO:0016311
Tlin11633-RA	GO:0043565
Tlin11633-RA	GO:0043565
Tlin11633-RA	GO:0043565
Tlin11633-RA	GO:0043565
Tlin11633-RA	GO:0043565
Tlin03214-RA	GO:0005515
Tlin03214-RA	GO:0005515
Tlin03214-RA	GO:0005515
Tlin03214-RA	GO:0005515
Tlin03214-RA	GO:0005515
Tlin03214-RA	GO:0005515
Tlin11378-RA	GO:0031110
Tlin11378-RA	GO:0031110
Tlin11378-RA	GO:0031110
Tlin02371-RA	GO:0016540
Tlin02371-RA	GO:0007267
Tlin11088-RA	GO:0005975
Tlin11088-RA	GO:0004553
Tlin11088-RA	GO:0005975
Tlin11088-RA	GO:0004553
Tlin11268-RA	GO:0007018
Tlin11268-RA	GO:0003777
Tlin11268-RA	GO:0005524
Tlin11268-RA	GO:0007018
Tlin11268-RA	GO:0003777
Tlin11268-RA	GO:0005524
Tlin11268-RA	GO:0007018
Tlin11268-RA	GO:0008017
Tlin11268-RA	GO:0003777
Tlin02350-RA	GO:0071797
Tlin02350-RA	GO:0004842
Tlin02350-RA	GO:0008270
Tlin09720-RA	GO:0006355
Tlin09720-RA	GO:0000981
Tlin09720-RA	GO:0003677
Tlin09720-RA	GO:0003677
Tlin05982-RA	GO:0006357
Tlin14101-RA	GO:0003824
Tlin03083-RA	GO:0046540
Tlin03083-RA	GO:0000398
Tlin04488-RA	GO:0005515
Tlin04488-RA	GO:0005515
Tlin04488-RA	GO:0005515
Tlin04488-RA	GO:0005515
Tlin04488-RA	GO:0006468
Tlin04488-RA	GO:0004672
Tlin04488-RA	GO:0005515
Tlin04488-RA	GO:0005515
Tlin04488-RA	GO:0005515
Tlin04488-RA	GO:0006468
Tlin04488-RA	GO:0004672
Tlin08487-RA	GO:0006508
Tlin08487-RA	GO:0008236
Tlin08487-RA	GO:0006508
Tlin06433-RA	GO:0005524
Tlin06433-RA	GO:0006468
Tlin06433-RA	GO:0004672
Tlin06433-RA	GO:0005515
Tlin06433-RA	GO:0016236
Tlin06433-RA	GO:0045324
Tlin06433-RA	GO:0004674
Tlin06433-RA	GO:0005515
Tlin06433-RA	GO:0005515
Tlin06433-RA	GO:0005515
Tlin06433-RA	GO:0006468
Tlin06433-RA	GO:0004672
Tlin06047-RA	GO:0046983
Tlin06047-RA	GO:0046983
Tlin06047-RA	GO:0046983
Tlin09173-RA	GO:0045116
Tlin09173-RA	GO:0019781
Tlin09173-RA	GO:0008641
Tlin14769-RA	GO:0016192
Tlin14769-RA	GO:0030117
Tlin14769-RA	GO:0006886
Tlin11659-RA	GO:0005549
Tlin11659-RA	GO:0005549
Tlin11659-RA	GO:0005549
Tlin08280-RA	GO:0007186
Tlin08280-RA	GO:0008277
Tlin08280-RA	GO:0035556
Tlin08280-RA	GO:0007186
Tlin08280-RA	GO:0007186
Tlin08280-RA	GO:0007186
Tlin08280-RA	GO:0016020
Tlin10202-RA	GO:0035101
Tlin01401-RA	GO:0005515
Tlin01401-RA	GO:0016570
Tlin01401-RA	GO:0006355
Tlin01401-RA	GO:0005515
Tlin01401-RA	GO:0005515
Tlin01401-RA	GO:0005515
Tlin01401-RA	GO:0005515
Tlin01401-RA	GO:0005515
Tlin01401-RA	GO:0005515
Tlin01401-RA	GO:0005515
Tlin01401-RA	GO:0005515
Tlin01401-RA	GO:0005515
Tlin01401-RA	GO:0005515
Tlin01000-RA	GO:0000166
Tlin01000-RA	GO:0000166
Tlin09254-RA	GO:0006457
Tlin09254-RA	GO:0016887
Tlin09254-RA	GO:0051082
Tlin09254-RA	GO:0140662
Tlin09254-RA	GO:0005524
Tlin09254-RA	GO:0006457
Tlin09254-RA	GO:0016887
Tlin09254-RA	GO:0051082
Tlin09254-RA	GO:0140662
Tlin09254-RA	GO:0005524
Tlin09254-RA	GO:0006457
Tlin09254-RA	GO:0051082
Tlin09254-RA	GO:0005524
Tlin06308-RA	GO:0006408
Tlin08159-RA	GO:0032259
Tlin08159-RA	GO:0008168
Tlin08159-RA	GO:0006364
Tlin08159-RA	GO:0008168
Tlin08159-RA	GO:0005634
Tlin01517-RA	GO:0004386
Tlin01517-RA	GO:0004386
Tlin01517-RA	GO:0017116
Tlin01517-RA	GO:0005840
Tlin01517-RA	GO:0006412
Tlin01517-RA	GO:0003735
Tlin01332-RA	GO:0003677
Tlin01332-RA	GO:0006357
Tlin01332-RA	GO:0043565
Tlin01332-RA	GO:0003700
Tlin01332-RA	GO:0003677
Tlin01332-RA	GO:0006355
Tlin01332-RA	GO:0000981
Tlin05149-RA	GO:0032259
Tlin05149-RA	GO:0008168
Tlin05149-RA	GO:0003676
Tlin10889-RA	GO:0046983
Tlin10889-RA	GO:0046983
Tlin10889-RA	GO:0046983
Tlin10889-RA	GO:0006355
Tlin10889-RA	GO:0003677
Tlin14677-RA	GO:0006313
Tlin14677-RA	GO:0004803
Tlin11784-RA	GO:0055085
Tlin11784-RA	GO:0016020
Tlin11784-RA	GO:0055085
Tlin11784-RA	GO:0016020
Tlin12880-RA	GO:0005525
Tlin03903-RA	GO:0005515
Tlin03903-RA	GO:0005515
Tlin03903-RA	GO:0005515
Tlin03151-RA	GO:0008234
Tlin03151-RA	GO:0006508
Tlin03151-RA	GO:0008234
Tlin03151-RA	GO:0006508
Tlin03151-RA	GO:0008234
Tlin08421-RA	GO:0016853
Tlin02130-RA	GO:0006355
Tlin02130-RA	GO:0043565
Tlin02130-RA	GO:0003700
Tlin02130-RA	GO:0006355
Tlin02130-RA	GO:0043565
Tlin02130-RA	GO:0003700
Tlin05261-RA	GO:0005515
Tlin00800-RA	GO:0004888
Tlin00800-RA	GO:0006955
Tlin00800-RA	GO:0016020
Tlin00800-RA	GO:0002224
Tlin00800-RA	GO:0005515
Tlin00800-RA	GO:0005515
Tlin00800-RA	GO:0007165
Tlin13963-RA	GO:0043087
Tlin13963-RA	GO:0043087
Tlin14518-RA	GO:0016491
Tlin14518-RA	GO:0016491
Tlin06072-RA	GO:0005515
Tlin12848-RA	GO:0016020
Tlin12848-RA	GO:0072488
Tlin12848-RA	GO:0008519
Tlin12996-RA	GO:0005515
Tlin12996-RA	GO:0005515
Tlin12996-RA	GO:0005515
Tlin12996-RA	GO:0005515
Tlin12996-RA	GO:0016757
Tlin12996-RA	GO:0006493
Tlin12996-RA	GO:0005515
Tlin12996-RA	GO:0005515
Tlin05875-RA	GO:0007165
Tlin14338-RA	GO:0030148
Tlin14338-RA	GO:0042284
Tlin14338-RA	GO:0016020
Tlin14338-RA	GO:0006629
Tlin03393-RA	GO:0006486
Tlin03393-RA	GO:0003980
Tlin03393-RA	GO:0006486
Tlin03393-RA	GO:0003980
Tlin14400-RA	GO:0000398
Tlin14400-RA	GO:0046540
Tlin14400-RA	GO:0000244
Tlin00898-RA	GO:0004828
Tlin00898-RA	GO:0005524
Tlin00898-RA	GO:0006434
Tlin00898-RA	GO:0000166
Tlin00898-RA	GO:0004812
Tlin00898-RA	GO:0005524
Tlin00898-RA	GO:0006418
Tlin00898-RA	GO:0000166
Tlin10814-RA	GO:0005524
Tlin10814-RA	GO:0006468
Tlin10814-RA	GO:0004674
Tlin10814-RA	GO:0005515
Tlin06339-RA	GO:0008324
Tlin06339-RA	GO:0016020
Tlin06339-RA	GO:0055085
Tlin06339-RA	GO:0006812
Tlin06339-RA	GO:0006829
Tlin06339-RA	GO:0006882
Tlin06339-RA	GO:0005385
Tlin04385-RA	GO:0005643
Tlin00309-RA	GO:0007023
Tlin00309-RA	GO:0048487
Tlin00309-RA	GO:0007021
Tlin00309-RA	GO:0007023
Tlin00309-RA	GO:0048487
Tlin00309-RA	GO:0007021
Tlin00309-RA	GO:0007023
Tlin00309-RA	GO:0048487
Tlin00309-RA	GO:0007021
Tlin06421-RA	GO:0008569
Tlin06421-RA	GO:0030286
Tlin06421-RA	GO:0045505
Tlin06421-RA	GO:0051959
Tlin06421-RA	GO:0007018
Tlin08425-RA	GO:0005509
Tlin08425-RA	GO:0005509
Tlin08425-RA	GO:0005509
Tlin13889-RA	GO:0006807
Tlin03227-RA	GO:0005634
Tlin13676-RA	GO:0046983
Tlin01407-RA	GO:0016567
Tlin01407-RA	GO:0004842
Tlin01407-RA	GO:0008270
Tlin01407-RA	GO:0008270
Tlin12088-RA	GO:0005515
Tlin12088-RA	GO:0006355
Tlin12088-RA	GO:0006338
Tlin12088-RA	GO:0005515
Tlin12088-RA	GO:0005515
Tlin12088-RA	GO:0006325
Tlin12088-RA	GO:0006351
Tlin12088-RA	GO:0005634
Tlin12088-RA	GO:0005515
Tlin12088-RA	GO:0005515
Tlin12088-RA	GO:0005515
Tlin12088-RA	GO:0005515
Tlin12088-RA	GO:0005515
Tlin12088-RA	GO:0005515
Tlin03140-RA	GO:0046983
Tlin03140-RA	GO:0046983
Tlin03140-RA	GO:0046983
Tlin11560-RA	GO:0005515
Tlin11560-RA	GO:0005515
Tlin11560-RA	GO:0005515
Tlin11560-RA	GO:0005515
Tlin11560-RA	GO:0005515
Tlin05986-RA	GO:0005515
Tlin05606-RA	GO:0006888
Tlin05606-RA	GO:0006888
Tlin10190-RA	GO:0016020
Tlin10190-RA	GO:0009922
Tlin10190-RA	GO:0016020
Tlin10190-RA	GO:0009922
Tlin00321-RA	GO:0003700
Tlin00321-RA	GO:0006355
Tlin00321-RA	GO:0003677
Tlin00321-RA	GO:0005515
Tlin00321-RA	GO:0003700
Tlin00321-RA	GO:0005634
Tlin00321-RA	GO:0006355
Tlin00321-RA	GO:0003677
Tlin00321-RA	GO:0005515
Tlin00321-RA	GO:0006355
Tlin00321-RA	GO:0003700
Tlin03835-RA	GO:0005515
Tlin06940-RA	GO:0006122
Tlin06940-RA	GO:0005750
Tlin06940-RA	GO:0006122
Tlin06940-RA	GO:0005750
Tlin06940-RA	GO:0006122
Tlin06940-RA	GO:0005750
Tlin06940-RA	GO:0006122
Tlin06940-RA	GO:0005750
Tlin06112-RA	GO:0015297
Tlin06112-RA	GO:0016020
Tlin06112-RA	GO:0055085
Tlin06112-RA	GO:1902600
Tlin06112-RA	GO:0006812
Tlin10438-RA	GO:0016020
Tlin10438-RA	GO:0005509
Tlin10438-RA	GO:0007155
Tlin10438-RA	GO:0005886
Tlin10438-RA	GO:0016020
Tlin10438-RA	GO:0005509
Tlin10438-RA	GO:0007156
Tlin10438-RA	GO:0016020
Tlin10438-RA	GO:0005509
Tlin10438-RA	GO:0007156
Tlin10438-RA	GO:0016020
Tlin10438-RA	GO:0005509
Tlin10438-RA	GO:0007156
Tlin10438-RA	GO:0016020
Tlin10438-RA	GO:0005509
Tlin10438-RA	GO:0007156
Tlin10438-RA	GO:0016020
Tlin10438-RA	GO:0005509
Tlin10438-RA	GO:0007156
Tlin10438-RA	GO:0016020
Tlin10438-RA	GO:0005509
Tlin10438-RA	GO:0007156
Tlin10438-RA	GO:0016020
Tlin10438-RA	GO:0005509
Tlin10438-RA	GO:0007156
Tlin10438-RA	GO:0016020
Tlin10438-RA	GO:0005509
Tlin10438-RA	GO:0007156
Tlin10438-RA	GO:0016020
Tlin10438-RA	GO:0005509
Tlin10438-RA	GO:0007156
Tlin10438-RA	GO:0016020
Tlin10438-RA	GO:0005509
Tlin10438-RA	GO:0016020
Tlin10438-RA	GO:0005509
Tlin10438-RA	GO:0007155
Tlin10438-RA	GO:0005886
Tlin10438-RA	GO:0016020
Tlin10438-RA	GO:0005509
Tlin10438-RA	GO:0016020
Tlin10438-RA	GO:0005509
Tlin10438-RA	GO:0016020
Tlin10438-RA	GO:0005509
Tlin10438-RA	GO:0016020
Tlin10438-RA	GO:0005509
Tlin10438-RA	GO:0016020
Tlin10438-RA	GO:0005509
Tlin10438-RA	GO:0007155
Tlin10438-RA	GO:0005886
Tlin10438-RA	GO:0016020
Tlin10438-RA	GO:0005509
Tlin10438-RA	GO:0016020
Tlin10438-RA	GO:0005509
Tlin10438-RA	GO:0016020
Tlin10438-RA	GO:0005509
Tlin01802-RA	GO:0005515
Tlin01802-RA	GO:0005515
Tlin01802-RA	GO:0005515
Tlin01802-RA	GO:0005515
Tlin01802-RA	GO:0005515
Tlin01802-RA	GO:0005515
Tlin01802-RA	GO:0005515
Tlin14756-RA	GO:0019786
Tlin05847-RA	GO:0003723
Tlin05847-RA	GO:0003676
Tlin05847-RA	GO:0008270
Tlin05847-RA	GO:0003676
Tlin05847-RA	GO:0008270
Tlin05847-RA	GO:0003676
Tlin08969-RA	GO:0043517
Tlin08969-RA	GO:0017101
Tlin04378-RA	GO:0005688
Tlin04378-RA	GO:0046540
Tlin04378-RA	GO:0000398
Tlin08510-RA	GO:0005515
Tlin08510-RA	GO:0005515
Tlin08510-RA	GO:0005515
Tlin08510-RA	GO:0005515
Tlin06709-RA	GO:0005840
Tlin06709-RA	GO:0006412
Tlin06709-RA	GO:0003735
Tlin06709-RA	GO:0005840
Tlin06709-RA	GO:0006412
Tlin06709-RA	GO:0003735
Tlin06709-RA	GO:0005840
Tlin06709-RA	GO:0006412
Tlin06709-RA	GO:0003735
Tlin06709-RA	GO:0005840
Tlin06709-RA	GO:0006412
Tlin06709-RA	GO:0003735
Tlin12272-RA	GO:0046982
Tlin12272-RA	GO:0046982
Tlin04657-RA	GO:0004812
Tlin04657-RA	GO:0005524
Tlin04657-RA	GO:0006418
Tlin04657-RA	GO:0000166
Tlin08933-RA	GO:0005515
Tlin06832-RA	GO:0004812
Tlin06832-RA	GO:0005524
Tlin06832-RA	GO:0006418
Tlin06832-RA	GO:0000166
Tlin06832-RA	GO:0003676
Tlin06305-RA	GO:0016829
Tlin06305-RA	GO:0016829
Tlin10867-RA	GO:0006811
Tlin10867-RA	GO:0016020
Tlin10867-RA	GO:0055085
Tlin10867-RA	GO:0005216
Tlin10871-RA	GO:0005840
Tlin10871-RA	GO:0006412
Tlin10871-RA	GO:0003735
Tlin10871-RA	GO:0005840
Tlin10871-RA	GO:0006412
Tlin10871-RA	GO:0003735
Tlin10871-RA	GO:0005840
Tlin10871-RA	GO:0006412
Tlin10871-RA	GO:0003735
Tlin03084-RA	GO:0016887
Tlin03084-RA	GO:0005524
Tlin03084-RA	GO:0016887
Tlin03084-RA	GO:0005524
Tlin08366-RA	GO:0003677
Tlin08366-RA	GO:0006355
Tlin08366-RA	GO:0003677
Tlin13141-RA	GO:0030515
Tlin13141-RA	GO:0000462
Tlin13141-RA	GO:0030515
Tlin13141-RA	GO:0000462
Tlin14202-RA	GO:0003676
Tlin14202-RA	GO:0006310
Tlin14202-RA	GO:0015074
Tlin14202-RA	GO:0003677
Tlin14202-RA	GO:0003677
Tlin14202-RA	GO:0006310
Tlin14202-RA	GO:0015074
Tlin14202-RA	GO:0003677
Tlin05340-RA	GO:0006614
Tlin05340-RA	GO:0005525
Tlin05340-RA	GO:0005525
Tlin05340-RA	GO:0006614
Tlin05340-RA	GO:0048500
Tlin05340-RA	GO:0003924
Tlin05340-RA	GO:0008312
Tlin05340-RA	GO:0048500
Tlin05340-RA	GO:0006614
Tlin05340-RA	GO:0006614
Tlin05340-RA	GO:0005525
Tlin05340-RA	GO:0008312
Tlin05340-RA	GO:0048500
Tlin05340-RA	GO:0006614
Tlin05340-RA	GO:0008312
Tlin05340-RA	GO:0048500
Tlin05340-RA	GO:0006614
Tlin05340-RA	GO:0006614
Tlin05340-RA	GO:0005525
Tlin13037-RA	GO:0005515
Tlin13037-RA	GO:0005515
Tlin13037-RA	GO:0005515
Tlin13037-RA	GO:0005515
Tlin13037-RA	GO:0005515
Tlin13037-RA	GO:0005515
Tlin13037-RA	GO:0005515
Tlin10739-RA	GO:0070072
Tlin10739-RA	GO:0070072
Tlin02188-RA	GO:0003677
Tlin02188-RA	GO:0003677
Tlin02188-RA	GO:0003677
Tlin10154-RA	GO:0008234
Tlin10154-RA	GO:0006508
Tlin10154-RA	GO:0008234
Tlin13568-RA	GO:0006508
Tlin13568-RA	GO:0004185
Tlin13568-RA	GO:0006508
Tlin13568-RA	GO:0004185
Tlin11766-RA	GO:0016491
Tlin06682-RA	GO:0016020
Tlin06682-RA	GO:1902600
Tlin06682-RA	GO:0015252
Tlin06682-RA	GO:0016020
Tlin06682-RA	GO:1902600
Tlin06682-RA	GO:0015252
Tlin06682-RA	GO:0016020
Tlin06682-RA	GO:1902600
Tlin06682-RA	GO:0015252
Tlin11913-RA	GO:0034599
Tlin11913-RA	GO:0008379
Tlin11913-RA	GO:0034599
Tlin11913-RA	GO:0008379
Tlin11913-RA	GO:0016491
Tlin03704-RA	GO:0009897
Tlin03704-RA	GO:0016491
Tlin03704-RA	GO:0007624
Tlin03704-RA	GO:0003723
Tlin03704-RA	GO:0003676
Tlin11857-RA	GO:0006355
Tlin11857-RA	GO:0046983
Tlin11857-RA	GO:0046983
Tlin11857-RA	GO:0046983
Tlin11799-RA	GO:0005975
Tlin11799-RA	GO:0004553
Tlin11799-RA	GO:0005975
Tlin11799-RA	GO:0004553
Tlin04717-RA	GO:0005525
Tlin04717-RA	GO:0005525
Tlin04717-RA	GO:0003924
Tlin06648-RA	GO:0036211
Tlin06648-RA	GO:0004719
Tlin06648-RA	GO:0036211
Tlin06648-RA	GO:0004719
Tlin04531-RA	GO:0005524
Tlin04531-RA	GO:0006468
Tlin04531-RA	GO:0004672
Tlin04531-RA	GO:0005524
Tlin12292-RA	GO:0008270
Tlin12292-RA	GO:0005634
Tlin00409-RA	GO:0006468
Tlin00409-RA	GO:0004672
Tlin00409-RA	GO:0005524
Tlin00409-RA	GO:0006468
Tlin00409-RA	GO:0004672
Tlin00409-RA	GO:0005524
Tlin04537-RA	GO:0005524
Tlin04537-RA	GO:0007018
Tlin04537-RA	GO:0008017
Tlin04537-RA	GO:0003777
Tlin04537-RA	GO:0007018
Tlin04537-RA	GO:0003777
Tlin05698-RA	GO:0030001
Tlin05698-RA	GO:0046873
Tlin05698-RA	GO:0055085
Tlin05698-RA	GO:0016020
Tlin03346-RA	GO:0007165
Tlin03346-RA	GO:0007165
Tlin05458-RA	GO:0008061
Tlin05264-RA	GO:0005515
Tlin05066-RA	GO:0005525
Tlin05066-RA	GO:0005525
Tlin02550-RA	GO:0007018
Tlin02550-RA	GO:0003777
Tlin02550-RA	GO:0005524
Tlin02550-RA	GO:0007018
Tlin02550-RA	GO:0003777
Tlin02550-RA	GO:0005524
Tlin02550-RA	GO:0007018
Tlin02550-RA	GO:0008017
Tlin02550-RA	GO:0003777
Tlin07975-RA	GO:0003824
Tlin07975-RA	GO:0016833
Tlin05002-RA	GO:0030001
Tlin05002-RA	GO:0046873
Tlin05002-RA	GO:0055085
Tlin05002-RA	GO:0016020
Tlin06149-RA	GO:0016616
Tlin06149-RA	GO:0051287
Tlin06149-RA	GO:0000287
Tlin04476-RA	GO:0140359
Tlin04476-RA	GO:0016020
Tlin04476-RA	GO:0005524
Tlin04476-RA	GO:0055085
Tlin04476-RA	GO:0140359
Tlin04476-RA	GO:0016020
Tlin04081-RA	GO:0036297
Tlin04081-RA	GO:0043240
Tlin04081-RA	GO:0004842
Tlin00571-RA	GO:0005509
Tlin00571-RA	GO:0005509
Tlin00571-RA	GO:0005509
Tlin11052-RA	GO:0006355
Tlin11052-RA	GO:0003712
Tlin11052-RA	GO:0006357
Tlin11052-RA	GO:0016592
Tlin11052-RA	GO:0003712
Tlin11052-RA	GO:0006357
Tlin11052-RA	GO:0016592
Tlin11052-RA	GO:0003712
Tlin10091-RA	GO:0006813
Tlin10091-RA	GO:0008556
Tlin10091-RA	GO:0016020
Tlin10091-RA	GO:0005524
Tlin10091-RA	GO:0000166
Tlin10091-RA	GO:0006284
Tlin10091-RA	GO:0006284
Tlin10091-RA	GO:0006281
Tlin10091-RA	GO:0003824
Tlin10091-RA	GO:0006289
Tlin10091-RA	GO:0008534
Tlin10091-RA	GO:0003684
Tlin10091-RA	GO:0000166
Tlin06697-RA	GO:0016787
Tlin06697-RA	GO:0008270
Tlin06697-RA	GO:0003824
Tlin06697-RA	GO:0003824
Tlin05717-RA	GO:0016491
Tlin04178-RA	GO:0005515
Tlin04178-RA	GO:0005515
Tlin04178-RA	GO:0005515
Tlin04178-RA	GO:0005515
Tlin04178-RA	GO:0005515
Tlin04178-RA	GO:0005515
Tlin04178-RA	GO:0005515
Tlin04178-RA	GO:0005515
Tlin04178-RA	GO:0005515
Tlin04178-RA	GO:0005515
Tlin04178-RA	GO:0005515
Tlin04178-RA	GO:0005515
Tlin12692-RA	GO:0003676
Tlin00127-RA	GO:0007186
Tlin00127-RA	GO:0007200
Tlin00127-RA	GO:0031681
Tlin00127-RA	GO:0050909
Tlin00127-RA	GO:0005834
Tlin00127-RA	GO:0007186
Tlin00127-RA	GO:0007186
Tlin00127-RA	GO:0007186
Tlin01966-RA	GO:0050660
Tlin01966-RA	GO:0016614
Tlin01966-RA	GO:0050660
Tlin01966-RA	GO:0016614
Tlin01966-RA	GO:0050660
Tlin01966-RA	GO:0016614
Tlin01966-RA	GO:0050660
Tlin01966-RA	GO:0016614
Tlin00558-RA	GO:0006606
Tlin00558-RA	GO:0061608
Tlin00558-RA	GO:0006606
Tlin13647-RA	GO:0007015
Tlin13647-RA	GO:0003785
Tlin13647-RA	GO:0007015
Tlin13647-RA	GO:0003785
Tlin13647-RA	GO:0007015
Tlin13647-RA	GO:0003785
Tlin13647-RA	GO:0007015
Tlin13647-RA	GO:0003785
Tlin02494-RA	GO:0007186
Tlin02494-RA	GO:0016020
Tlin02494-RA	GO:0004930
Tlin02494-RA	GO:0007186
Tlin02494-RA	GO:0016020
Tlin02494-RA	GO:0004930
Tlin10751-RA	GO:0008194
Tlin10751-RA	GO:0008194
Tlin00658-RA	GO:0005524
Tlin00658-RA	GO:0003676
Tlin05405-RA	GO:0016020
Tlin05405-RA	GO:0016020
Tlin10648-RA	GO:0006355
Tlin10648-RA	GO:0043189
Tlin10648-RA	GO:0005634
Tlin10648-RA	GO:0006355
Tlin10648-RA	GO:0043189
Tlin10648-RA	GO:0005634
Tlin14855-RA	GO:0009253
Tlin14855-RA	GO:0008745
Tlin14855-RA	GO:0009253
Tlin14855-RA	GO:0008745
Tlin14855-RA	GO:0009253
Tlin14855-RA	GO:0008745
Tlin14855-RA	GO:0009253
Tlin14855-RA	GO:0008745
Tlin11992-RA	GO:0005549
Tlin11992-RA	GO:0005549
Tlin11992-RA	GO:0005549
Tlin01209-RA	GO:0005506
Tlin01209-RA	GO:0016705
Tlin01209-RA	GO:0020037
Tlin01209-RA	GO:0004497
Tlin01209-RA	GO:0005506
Tlin01209-RA	GO:0016705
Tlin01209-RA	GO:0020037
Tlin01209-RA	GO:0004497
Tlin01209-RA	GO:0005506
Tlin01209-RA	GO:0016705
Tlin01209-RA	GO:0020037
Tlin01209-RA	GO:0004497
Tlin01209-RA	GO:0016705
Tlin01209-RA	GO:0005506
Tlin01209-RA	GO:0016705
Tlin01209-RA	GO:0005506
Tlin01209-RA	GO:0005506
Tlin01209-RA	GO:0016705
Tlin01209-RA	GO:0020037
Tlin01209-RA	GO:0004497
Tlin01209-RA	GO:0005506
Tlin01209-RA	GO:0016705
Tlin01209-RA	GO:0020037
Tlin01209-RA	GO:0004497
Tlin01209-RA	GO:0005506
Tlin01209-RA	GO:0016705
Tlin01209-RA	GO:0020037
Tlin01209-RA	GO:0004497
Tlin06788-RA	GO:0005515
Tlin06788-RA	GO:0005515
Tlin10909-RA	GO:0005524
Tlin10909-RA	GO:0003676
Tlin03547-RA	GO:0005524
Tlin03547-RA	GO:0006468
Tlin03547-RA	GO:0004674
Tlin14548-RA	GO:0006313
Tlin14548-RA	GO:0004803
Tlin06611-RA	GO:0005096
Tlin06611-RA	GO:0051056
Tlin06611-RA	GO:0005096
Tlin06611-RA	GO:0051056
Tlin06611-RA	GO:0005096
Tlin10153-RA	GO:0007165
Tlin10153-RA	GO:0005515
Tlin08860-RA	GO:0016020
Tlin08860-RA	GO:0055085
Tlin08860-RA	GO:0140359
Tlin08860-RA	GO:0005524
Tlin08860-RA	GO:0016020
Tlin08860-RA	GO:0055085
Tlin08860-RA	GO:0140359
Tlin08860-RA	GO:0005524
Tlin08860-RA	GO:0005524
Tlin08860-RA	GO:0016887
Tlin08860-RA	GO:0005524
Tlin08860-RA	GO:0016887
Tlin08860-RA	GO:0005524
Tlin08860-RA	GO:0016020
Tlin08860-RA	GO:0005524
Tlin08860-RA	GO:0016020
Tlin08860-RA	GO:0005524
Tlin08860-RA	GO:0005524
Tlin08860-RA	GO:0016020
Tlin08860-RA	GO:0005524
Tlin08860-RA	GO:0016020
Tlin08860-RA	GO:0005524
Tlin07513-RA	GO:0005643
Tlin07513-RA	GO:0005643
Tlin07513-RA	GO:0005643
Tlin05560-RA	GO:0008235
Tlin05560-RA	GO:0006508
Tlin08938-RA	GO:0006275
Tlin03670-RA	GO:0006508
Tlin03670-RA	GO:0004252
Tlin03670-RA	GO:0006508
Tlin03670-RA	GO:0004252
Tlin03670-RA	GO:0006508
Tlin03670-RA	GO:0004252
Tlin03670-RA	GO:0006508
Tlin03670-RA	GO:0004252
Tlin03670-RA	GO:0006508
Tlin03670-RA	GO:0004252
Tlin03670-RA	GO:0006508
Tlin03670-RA	GO:0004252
Tlin02990-RA	GO:0003677
Tlin02990-RA	GO:0006355
Tlin02990-RA	GO:0000981
Tlin02990-RA	GO:0003677
Tlin10983-RA	GO:0005515
Tlin00992-RA	GO:0005634
Tlin00992-RA	GO:0006289
Tlin00992-RA	GO:0003684
Tlin00992-RA	GO:0003677
Tlin00992-RA	GO:0003677
Tlin00224-RA	GO:0038166
Tlin00224-RA	GO:0038166
Tlin00480-RA	GO:0016788
Tlin00480-RA	GO:0046872
Tlin00480-RA	GO:0000166
Tlin00480-RA	GO:0016787
Tlin00480-RA	GO:0009166
Tlin00480-RA	GO:0016787
Tlin00480-RA	GO:0009166
Tlin00480-RA	GO:0016787
Tlin00480-RA	GO:0009166
Tlin00480-RA	GO:0016787
Tlin00480-RA	GO:0016787
Tlin00480-RA	GO:0009166
Tlin06857-RA	GO:0005515
Tlin06857-RA	GO:0005515
Tlin06857-RA	GO:0005515
Tlin06857-RA	GO:0005515
Tlin02405-RA	GO:0005515
Tlin02405-RA	GO:0005515
Tlin02405-RA	GO:0005515
Tlin02405-RA	GO:0005515
Tlin06676-RA	GO:0022857
Tlin06676-RA	GO:0055085
Tlin06676-RA	GO:0016020
Tlin04204-RA	GO:0006355
Tlin04204-RA	GO:0000981
Tlin04204-RA	GO:0003677
Tlin04204-RA	GO:0003677
Tlin04946-RA	GO:0019773
Tlin04946-RA	GO:0006511
Tlin04946-RA	GO:0051603
Tlin04946-RA	GO:0005839
Tlin04946-RA	GO:0019773
Tlin04946-RA	GO:0006511
Tlin04953-RA	GO:0016787
Tlin01776-RA	GO:0005515
Tlin01776-RA	GO:0017154
Tlin01776-RA	GO:0071526
Tlin01776-RA	GO:0017154
Tlin01776-RA	GO:0017154
Tlin04640-RA	GO:0003676
Tlin04640-RA	GO:0003723
Tlin04640-RA	GO:0089701
Tlin04640-RA	GO:0000398
Tlin04640-RA	GO:0046872
Tlin04640-RA	GO:0046872
Tlin04640-RA	GO:0003723
Tlin08477-RA	GO:2000641
Tlin08477-RA	GO:0007032
Tlin03438-RA	GO:0046983
Tlin03438-RA	GO:0005515
Tlin03438-RA	GO:0046983
Tlin03438-RA	GO:0006355
Tlin08717-RA	GO:0036211
Tlin00861-RA	GO:0007165
Tlin00861-RA	GO:0004114
Tlin00861-RA	GO:0007165
Tlin00861-RA	GO:0004114
Tlin00861-RA	GO:0008081
Tlin00861-RA	GO:0005515
Tlin00861-RA	GO:0005515
Tlin11350-RA	GO:0006508
Tlin11350-RA	GO:0008236
Tlin11350-RA	GO:0006508
Tlin00542-RA	GO:0005515
Tlin14545-RA	GO:0006629
Tlin12915-RA	GO:0031428
Tlin12915-RA	GO:0032040
Tlin12915-RA	GO:0030515
Tlin06770-RA	GO:0006355
Tlin06770-RA	GO:0003712
Tlin06770-RA	GO:0006355
Tlin06770-RA	GO:0003712
Tlin14174-RA	GO:0050660
Tlin14174-RA	GO:0050660
Tlin14174-RA	GO:0016614
Tlin14174-RA	GO:0050660
Tlin14174-RA	GO:0016614
Tlin14174-RA	GO:0050660
Tlin14174-RA	GO:0016614
Tlin14174-RA	GO:0016614
Tlin12007-RA	GO:0005515
Tlin12007-RA	GO:0005515
Tlin12007-RA	GO:0003676
Tlin12007-RA	GO:0003676
Tlin05287-RA	GO:0007099
Tlin05287-RA	GO:0032465
Tlin05287-RA	GO:0051298
Tlin05287-RA	GO:0005814
Tlin04155-RA	GO:0005515
Tlin04155-RA	GO:0005515
Tlin09545-RA	GO:0051536
Tlin09545-RA	GO:0003824
Tlin09545-RA	GO:0016747
Tlin12099-RA	GO:0009966
Tlin12099-RA	GO:0016020
Tlin12099-RA	GO:0007275
Tlin09639-RA	GO:0006629
Tlin07514-RA	GO:0005216
Tlin07514-RA	GO:0016020
Tlin07514-RA	GO:0034220
Tlin07514-RA	GO:0004888
Tlin07514-RA	GO:0006811
Tlin07514-RA	GO:0016020
Tlin07514-RA	GO:0005230
Tlin07514-RA	GO:0006811
Tlin07514-RA	GO:0016020
Tlin07514-RA	GO:0005230
Tlin07514-RA	GO:0006811
Tlin07514-RA	GO:0016020
Tlin07514-RA	GO:0005230
Tlin03476-RA	GO:0004527
Tlin03476-RA	GO:0003676
Tlin07132-RA	GO:0000166
Tlin00332-RA	GO:0005515
Tlin04103-RA	GO:0016787
Tlin04103-RA	GO:0016787
Tlin05059-RA	GO:0007186
Tlin05059-RA	GO:0016020
Tlin05059-RA	GO:0004930
Tlin05059-RA	GO:0005886
Tlin05059-RA	GO:0007186
Tlin05059-RA	GO:0016020
Tlin05059-RA	GO:0004995
Tlin05059-RA	GO:0007186
Tlin05059-RA	GO:0016020
Tlin05059-RA	GO:0004930
Tlin03548-RA	GO:0005840
Tlin03548-RA	GO:0006412
Tlin03548-RA	GO:0003735
Tlin03548-RA	GO:0005840
Tlin03548-RA	GO:0006412
Tlin03548-RA	GO:0003735
Tlin03548-RA	GO:0005840
Tlin03548-RA	GO:0006412
Tlin03548-RA	GO:0003735
Tlin03548-RA	GO:0006412
Tlin00415-RA	GO:0005524
Tlin00415-RA	GO:0003676
Tlin00573-RA	GO:0006081
Tlin00573-RA	GO:0016620
Tlin00573-RA	GO:0016491
Tlin00573-RA	GO:0016491
Tlin00573-RA	GO:0016491
Tlin09168-RA	GO:0005515
Tlin02786-RA	GO:0045892
Tlin00322-RA	GO:0003755
Tlin00322-RA	GO:0000413
Tlin08529-RA	GO:0005524
Tlin08529-RA	GO:0004329
Tlin08529-RA	GO:0004488
Tlin08529-RA	GO:0005524
Tlin08529-RA	GO:0003824
Tlin08529-RA	GO:0004488
Tlin08529-RA	GO:0004488
Tlin08529-RA	GO:0005524
Tlin08529-RA	GO:0004329
Tlin08529-RA	GO:0005524
Tlin10031-RA	GO:0005524
Tlin10031-RA	GO:0006468
Tlin10031-RA	GO:0004674
Tlin12900-RA	GO:0003677
Tlin06403-RA	GO:0006914
Tlin07477-RA	GO:0005515
Tlin07477-RA	GO:0005515
Tlin07477-RA	GO:0005515
Tlin01070-RA	GO:0006508
Tlin01070-RA	GO:0008270
Tlin01070-RA	GO:0004181
Tlin07332-RA	GO:0005515
Tlin07332-RA	GO:0005515
Tlin07332-RA	GO:0005515
Tlin07332-RA	GO:0005515
Tlin07895-RA	GO:0005515
Tlin07895-RA	GO:0005515
Tlin07895-RA	GO:0005515
Tlin11455-RA	GO:0005852
Tlin12150-RA	GO:0035556
Tlin12150-RA	GO:0009190
Tlin12150-RA	GO:0006182
Tlin12150-RA	GO:0004383
Tlin12150-RA	GO:0016849
Tlin12150-RA	GO:0035556
Tlin12150-RA	GO:0009190
Tlin12150-RA	GO:0035556
Tlin12150-RA	GO:0009190
Tlin03630-RA	GO:0051015
Tlin03630-RA	GO:0007155
Tlin03630-RA	GO:0007266
Tlin11000-RA	GO:0008270
Tlin11000-RA	GO:0005634
Tlin11636-RA	GO:0016765
Tlin11636-RA	GO:0008299
Tlin11636-RA	GO:0008299
Tlin11636-RA	GO:0008299
Tlin01126-RA	GO:0008484
Tlin02121-RA	GO:0070897
Tlin02121-RA	GO:0006352
Tlin02121-RA	GO:0017025
Tlin02121-RA	GO:0017025
Tlin01917-RA	GO:0006468
Tlin01917-RA	GO:0004672
Tlin12070-RA	GO:0006123
Tlin12070-RA	GO:0005751
Tlin12070-RA	GO:0006123
Tlin12070-RA	GO:0005751
Tlin12070-RA	GO:0006123
Tlin12070-RA	GO:0005751
Tlin12070-RA	GO:0006123
Tlin12070-RA	GO:0005751
Tlin12070-RA	GO:0006123
Tlin12070-RA	GO:0005751
Tlin06530-RA	GO:0055085
Tlin06530-RA	GO:0022857
Tlin12421-RA	GO:0046983
Tlin02379-RA	GO:0022857
Tlin02379-RA	GO:0055085
Tlin02379-RA	GO:0016020
Tlin02379-RA	GO:0022857
Tlin02379-RA	GO:0055085
Tlin02379-RA	GO:0016020
Tlin02556-RA	GO:0005549
Tlin02556-RA	GO:0007608
Tlin02556-RA	GO:0016020
Tlin02556-RA	GO:0004984
Tlin02556-RA	GO:0005549
Tlin02556-RA	GO:0007608
Tlin02556-RA	GO:0016020
Tlin02556-RA	GO:0004984
Tlin13286-RA	GO:0016620
Tlin13286-RA	GO:0051287
Tlin13286-RA	GO:0016620
Tlin13286-RA	GO:0016620
Tlin01772-RA	GO:0003824
Tlin01772-RA	GO:0003824
Tlin07254-RA	GO:0019901
Tlin07254-RA	GO:0005515
Tlin07254-RA	GO:0005515
Tlin02150-RA	GO:0046416
Tlin02150-RA	GO:0071949
Tlin02150-RA	GO:0003884
Tlin02150-RA	GO:0003884
Tlin02150-RA	GO:0016491
Tlin08217-RA	GO:0034464
Tlin00433-RA	GO:0003700
Tlin00433-RA	GO:0046983
Tlin00433-RA	GO:0046983
Tlin00433-RA	GO:0046983
Tlin01274-RA	GO:0005509
Tlin01274-RA	GO:0005509
Tlin01274-RA	GO:0005509
Tlin00008-RA	GO:0008233
Tlin00008-RA	GO:0008237
Tlin00008-RA	GO:0005515
Tlin08010-RA	GO:0042147
Tlin08010-RA	GO:0042147
Tlin08010-RA	GO:0000938
Tlin11634-RA	GO:0005751
Tlin11634-RA	GO:0006123
Tlin11634-RA	GO:0005740
Tlin11634-RA	GO:0005751
Tlin11634-RA	GO:0006123
Tlin11634-RA	GO:0005740
Tlin11634-RA	GO:0005751
Tlin11634-RA	GO:0006123
Tlin11634-RA	GO:0005740
Tlin11634-RA	GO:0005751
Tlin11634-RA	GO:0006123
Tlin11634-RA	GO:0005740
Tlin11634-RA	GO:0005751
Tlin11634-RA	GO:0006123
Tlin11634-RA	GO:0005740
Tlin04829-RA	GO:0030620
Tlin04829-RA	GO:0000398
Tlin02574-RA	GO:0005840
Tlin02574-RA	GO:0006412
Tlin02574-RA	GO:0003735
Tlin02574-RA	GO:0005515
Tlin00453-RA	GO:0005991
Tlin00453-RA	GO:0004555
Tlin00453-RA	GO:0005991
Tlin00453-RA	GO:0004555
Tlin00453-RA	GO:0005975
Tlin00453-RA	GO:0005975
Tlin00453-RA	GO:0005991
Tlin00453-RA	GO:0004555
Tlin00453-RA	GO:0030867
Tlin00453-RA	GO:0023041
Tlin08965-RA	GO:0016746
Tlin02741-RA	GO:0006886
Tlin02741-RA	GO:0005741
Tlin02741-RA	GO:0006886
Tlin02741-RA	GO:0005741
Tlin06178-RA	GO:0006813
Tlin06178-RA	GO:0006814
Tlin06178-RA	GO:0005890
Tlin06178-RA	GO:0006813
Tlin06178-RA	GO:0006814
Tlin06178-RA	GO:0005890
Tlin10986-RA	GO:0008061
Tlin10986-RA	GO:0005576
Tlin10986-RA	GO:0008061
Tlin05228-RA	GO:0016791
Tlin05228-RA	GO:0016311
Tlin14549-RA	GO:0004749
Tlin14549-RA	GO:0009165
Tlin14549-RA	GO:0000287
Tlin14549-RA	GO:0004749
Tlin14549-RA	GO:0009165
Tlin14549-RA	GO:0000287
Tlin04676-RA	GO:0005515
Tlin04676-RA	GO:0005515
Tlin03103-RA	GO:0016491
Tlin03103-RA	GO:0016491
Tlin03103-RA	GO:0016491
Tlin07634-RA	GO:0006869
Tlin07634-RA	GO:0005319
Tlin07634-RA	GO:0006869
Tlin07634-RA	GO:0005319
Tlin07634-RA	GO:0006869
Tlin07634-RA	GO:0005319
Tlin07634-RA	GO:0006869
Tlin07634-RA	GO:0005319
Tlin07634-RA	GO:0006869
Tlin07634-RA	GO:0005319
Tlin04990-RA	GO:0016409
Tlin06318-RA	GO:0008194
Tlin06318-RA	GO:0008194
Tlin00078-RA	GO:0034453
Tlin00078-RA	GO:0005815
Tlin11997-RA	GO:0006355
Tlin11997-RA	GO:0005667
Tlin11997-RA	GO:0051726
Tlin11997-RA	GO:0005667
Tlin13526-RA	GO:0007186
Tlin13526-RA	GO:0016020
Tlin13526-RA	GO:0004930
Tlin13526-RA	GO:0007186
Tlin13526-RA	GO:0016020
Tlin13526-RA	GO:0004930
Tlin13526-RA	GO:0007186
Tlin13526-RA	GO:0004930
Tlin12081-RA	GO:0005515
Tlin12081-RA	GO:0007064
Tlin12081-RA	GO:0005515
Tlin12081-RA	GO:0005515
Tlin12081-RA	GO:0005515
Tlin12081-RA	GO:0007064
Tlin01349-RA	GO:0006506
Tlin01349-RA	GO:0006506
Tlin08145-RA	GO:0046872
Tlin08145-RA	GO:0006801
Tlin08145-RA	GO:0046872
Tlin08145-RA	GO:0006801
Tlin08145-RA	GO:0046872
Tlin08145-RA	GO:0006801
Tlin08145-RA	GO:0046872
Tlin08145-RA	GO:0006801
Tlin08145-RA	GO:0046872
Tlin08145-RA	GO:0006801
Tlin08145-RA	GO:0046872
Tlin08145-RA	GO:0006801
Tlin08145-RA	GO:0046872
Tlin08145-RA	GO:0006801
Tlin08145-RA	GO:0046872
Tlin08145-RA	GO:0006801
Tlin08145-RA	GO:0046872
Tlin08145-RA	GO:0006801
Tlin09415-RA	GO:0046856
Tlin09415-RA	GO:0003824
Tlin03696-RA	GO:0006468
Tlin03696-RA	GO:0004672
Tlin03696-RA	GO:0006468
Tlin03696-RA	GO:0004672
Tlin04885-RA	GO:0046983
Tlin04885-RA	GO:0046983
Tlin04885-RA	GO:0046983
Tlin03427-RA	GO:0005525
Tlin03427-RA	GO:0003924
Tlin12365-RA	GO:0055085
Tlin12365-RA	GO:0016020
Tlin12365-RA	GO:0055085
Tlin12365-RA	GO:0016020
Tlin10068-RA	GO:0046872
Tlin03871-RA	GO:0006281
Tlin03871-RA	GO:0003684
Tlin03871-RA	GO:0006281
Tlin03871-RA	GO:0006281
Tlin03871-RA	GO:0003684
Tlin03871-RA	GO:0006281
Tlin03871-RA	GO:0003684
Tlin11705-RA	GO:0005515
Tlin11705-RA	GO:0005524
Tlin11705-RA	GO:0006468
Tlin11705-RA	GO:0004672
Tlin11705-RA	GO:0006468
Tlin11705-RA	GO:0004672
Tlin11705-RA	GO:0005515
Tlin06479-RA	GO:0008569
Tlin06479-RA	GO:0030286
Tlin06479-RA	GO:0045505
Tlin06479-RA	GO:0051959
Tlin06479-RA	GO:0007018
Tlin06479-RA	GO:0005524
Tlin05648-RA	GO:0017025
Tlin05648-RA	GO:0070897
Tlin05648-RA	GO:0006352
Tlin09310-RA	GO:0016627
Tlin09310-RA	GO:0016627
Tlin09310-RA	GO:0005777
Tlin09310-RA	GO:0006635
Tlin09310-RA	GO:0003997
Tlin09310-RA	GO:0016627
Tlin09310-RA	GO:0016627
Tlin09310-RA	GO:0016627
Tlin09310-RA	GO:0005777
Tlin09310-RA	GO:0006631
Tlin09310-RA	GO:0071949
Tlin09310-RA	GO:0003997
Tlin13230-RA	GO:0015074
Tlin13230-RA	GO:0003676
Tlin02075-RA	GO:0016020
Tlin02075-RA	GO:0006811
Tlin02075-RA	GO:0005216
Tlin02075-RA	GO:0016020
Tlin02075-RA	GO:0034220
Tlin02075-RA	GO:0004888
Tlin02075-RA	GO:0016020
Tlin02075-RA	GO:0006811
Tlin02075-RA	GO:0006811
Tlin02075-RA	GO:0016020
Tlin02075-RA	GO:0005230
Tlin02075-RA	GO:0006811
Tlin02075-RA	GO:0016020
Tlin02075-RA	GO:0005230
Tlin02075-RA	GO:0006811
Tlin02075-RA	GO:0016020
Tlin02075-RA	GO:0005230
Tlin02933-RA	GO:0005515
Tlin02933-RA	GO:0005515
Tlin02933-RA	GO:0005515
Tlin02933-RA	GO:0005515
Tlin05378-RA	GO:0005515
Tlin05378-RA	GO:0005509
Tlin05378-RA	GO:0007166
Tlin05378-RA	GO:0007166
Tlin05378-RA	GO:0023051
Tlin05378-RA	GO:0004842
Tlin05378-RA	GO:0007166
Tlin09911-RA	GO:0006289
Tlin09911-RA	GO:0003684
Tlin03874-RA	GO:0003676
Tlin03874-RA	GO:0003723
Tlin03874-RA	GO:0003723
Tlin03874-RA	GO:0003723
Tlin13189-RA	GO:0008061
Tlin13189-RA	GO:0005576
Tlin13189-RA	GO:0008061
Tlin13189-RA	GO:0005576
Tlin13189-RA	GO:0008061
Tlin13189-RA	GO:0005576
Tlin13189-RA	GO:0008061
Tlin13189-RA	GO:0008061
Tlin13189-RA	GO:0008061
Tlin13189-RA	GO:0005975
Tlin06016-RA	GO:0055085
Tlin06016-RA	GO:0022857
Tlin14826-RA	GO:0006914
Tlin14826-RA	GO:0006914
Tlin03582-RA	GO:0006396
Tlin03582-RA	GO:0003723
Tlin03582-RA	GO:0003723
Tlin03582-RA	GO:0003676
Tlin03582-RA	GO:0006396
Tlin03582-RA	GO:0003723
Tlin03582-RA	GO:0006396
Tlin03582-RA	GO:0003723
Tlin14289-RA	GO:0031124
Tlin14289-RA	GO:0005515
Tlin02065-RA	GO:0005515
Tlin08132-RA	GO:0008061
Tlin08132-RA	GO:0008061
Tlin08132-RA	GO:0005576
Tlin08132-RA	GO:0008061
Tlin08132-RA	GO:0005576
Tlin08132-RA	GO:0008061
Tlin05375-RA	GO:0016787
Tlin05375-RA	GO:0016787
Tlin09988-RA	GO:0005515
Tlin00251-RA	GO:0005515
Tlin00251-RA	GO:0005515
Tlin03033-RA	GO:0046983
Tlin03033-RA	GO:0006357
Tlin03033-RA	GO:0000981
Tlin03033-RA	GO:0046983
Tlin03033-RA	GO:0046983
Tlin10120-RA	GO:0080019
Tlin07241-RA	GO:0005543
Tlin07241-RA	GO:0000049
Tlin07241-RA	GO:0030136
Tlin07241-RA	GO:0030276
Tlin07241-RA	GO:0048268
Tlin07241-RA	GO:0005545
Tlin07241-RA	GO:0005524
Tlin07241-RA	GO:0043039
Tlin07241-RA	GO:0004812
Tlin09300-RA	GO:0120009
Tlin09300-RA	GO:0120013
Tlin09300-RA	GO:0005737
Tlin09300-RA	GO:0120009
Tlin09300-RA	GO:0120013
Tlin09300-RA	GO:0005737
Tlin02945-RA	GO:0007186
Tlin02945-RA	GO:0016020
Tlin02945-RA	GO:0004930
Tlin02945-RA	GO:0007186
Tlin02945-RA	GO:0016020
Tlin02945-RA	GO:0004930
Tlin11546-RA	GO:0009435
Tlin11546-RA	GO:0004516
Tlin08093-RA	GO:0016791
Tlin08093-RA	GO:0016311
Tlin08093-RA	GO:0016311
Tlin08093-RA	GO:0008138
Tlin08093-RA	GO:0016791
Tlin08093-RA	GO:0030837
Tlin08093-RA	GO:0003779
Tlin14142-RA	GO:0003676
Tlin14093-RA	GO:0003676
Tlin08782-RA	GO:0016887
Tlin08782-RA	GO:0005524
Tlin08356-RA	GO:0006511
Tlin02485-RA	GO:0020037
Tlin02485-RA	GO:0006979
Tlin02485-RA	GO:0020037
Tlin02485-RA	GO:0004096
Tlin02485-RA	GO:0020037
Tlin02485-RA	GO:0004096
Tlin02485-RA	GO:0004096
Tlin02485-RA	GO:0020037
Tlin13377-RA	GO:0006888
Tlin13377-RA	GO:0005789
Tlin13377-RA	GO:0006888
Tlin13377-RA	GO:0005789
Tlin13392-RA	GO:0006313
Tlin13392-RA	GO:0004803
Tlin06230-RA	GO:0005515
Tlin06230-RA	GO:0005515
Tlin06230-RA	GO:0005515
Tlin06230-RA	GO:0005515
Tlin06230-RA	GO:0005515
Tlin06230-RA	GO:0005515
Tlin06230-RA	GO:0005515
Tlin06230-RA	GO:0005515
Tlin00258-RA	GO:0032259
Tlin00258-RA	GO:0008168
Tlin04437-RA	GO:0046872
Tlin03983-RA	GO:0005515
Tlin04245-RA	GO:0005751
Tlin04245-RA	GO:0006123
Tlin04245-RA	GO:0005743
Tlin04245-RA	GO:0005751
Tlin04245-RA	GO:0006123
Tlin04245-RA	GO:0005743
Tlin04245-RA	GO:0005751
Tlin04245-RA	GO:0006123
Tlin04245-RA	GO:0005743
Tlin04245-RA	GO:0005751
Tlin04245-RA	GO:0006123
Tlin04245-RA	GO:0005743
Tlin04245-RA	GO:0005751
Tlin04245-RA	GO:0006123
Tlin04245-RA	GO:0005743
Tlin09459-RA	GO:0022857
Tlin09459-RA	GO:0055085
Tlin09459-RA	GO:0016020
Tlin09459-RA	GO:0022857
Tlin09459-RA	GO:0055085
Tlin09459-RA	GO:0016020
Tlin10460-RA	GO:0003723
Tlin10460-RA	GO:0003723
Tlin10460-RA	GO:0003676
Tlin07540-RA	GO:0004842
Tlin07540-RA	GO:0004842
Tlin07540-RA	GO:0005515
Tlin07540-RA	GO:0004842
Tlin00931-RA	GO:0051056
Tlin00931-RA	GO:0005096
Tlin00931-RA	GO:0051056
Tlin00931-RA	GO:0005096
Tlin00931-RA	GO:0005515
Tlin00931-RA	GO:0051056
Tlin00931-RA	GO:0005096
Tlin00931-RA	GO:0005515
Tlin11253-RA	GO:0016020
Tlin14929-RA	GO:0006508
Tlin14929-RA	GO:0004190
Tlin04240-RA	GO:0003676
Tlin04240-RA	GO:0005743
Tlin04240-RA	GO:0140021
Tlin04240-RA	GO:1990544
Tlin04240-RA	GO:0005471
Tlin04240-RA	GO:0003723
Tlin04240-RA	GO:0003723
Tlin04620-RA	GO:0003723
Tlin04620-RA	GO:0003723
Tlin04620-RA	GO:0003723
Tlin04620-RA	GO:0003723
Tlin04620-RA	GO:0003723
Tlin04620-RA	GO:0006417
Tlin04620-RA	GO:0003729
Tlin04620-RA	GO:0003723
Tlin04620-RA	GO:0003723
Tlin00436-RA	GO:0055085
Tlin00436-RA	GO:0022857
Tlin00436-RA	GO:0055085
Tlin00436-RA	GO:0022857
Tlin03052-RA	GO:0051087
Tlin03052-RA	GO:0001671
Tlin03052-RA	GO:0051087
Tlin03052-RA	GO:0001671
Tlin07448-RA	GO:0005524
Tlin07448-RA	GO:0007018
Tlin07448-RA	GO:0003777
Tlin07448-RA	GO:0005524
Tlin07448-RA	GO:0007018
Tlin07448-RA	GO:0008017
Tlin07448-RA	GO:0003777
Tlin07448-RA	GO:0007018
Tlin07448-RA	GO:0003777
Tlin10459-RA	GO:0008234
Tlin10459-RA	GO:0006508
Tlin10459-RA	GO:0008234
Tlin11188-RA	GO:0003676
Tlin11188-RA	GO:0003723
Tlin11188-RA	GO:0003723
Tlin11188-RA	GO:0003723
Tlin11188-RA	GO:0003676
Tlin11188-RA	GO:0003676
Tlin11084-RA	GO:0007165
Tlin11084-RA	GO:0004114
Tlin11084-RA	GO:0008081
Tlin11084-RA	GO:0007165
Tlin11084-RA	GO:0004114
Tlin11720-RA	GO:0006508
Tlin11720-RA	GO:0004252
Tlin11720-RA	GO:0006508
Tlin11720-RA	GO:0004252
Tlin11720-RA	GO:0006508
Tlin11720-RA	GO:0004252
Tlin11720-RA	GO:0005515
Tlin11064-RA	GO:0003677
Tlin11064-RA	GO:0003677
Tlin11064-RA	GO:0006355
Tlin11064-RA	GO:0000981
Tlin06346-RA	GO:0005524
Tlin11600-RA	GO:0005515
Tlin11600-RA	GO:0005515
Tlin11600-RA	GO:0005515
Tlin11600-RA	GO:0005515
Tlin11600-RA	GO:0005515
Tlin11600-RA	GO:0005515
Tlin11600-RA	GO:0005515
Tlin11600-RA	GO:0005515
Tlin11600-RA	GO:0005515
Tlin00135-RA	GO:0022857
Tlin00135-RA	GO:0055085
Tlin00135-RA	GO:0016020
Tlin00135-RA	GO:0022857
Tlin00135-RA	GO:0055085
Tlin00135-RA	GO:0016020
Tlin00135-RA	GO:0022857
Tlin00135-RA	GO:0055085
Tlin00135-RA	GO:0016020
Tlin00038-RA	GO:0004743
Tlin00038-RA	GO:0006096
Tlin00038-RA	GO:0030955
Tlin00038-RA	GO:0000287
Tlin00038-RA	GO:0006096
Tlin00038-RA	GO:0004743
Tlin00038-RA	GO:0004743
Tlin00038-RA	GO:0006096
Tlin00038-RA	GO:0030955
Tlin00038-RA	GO:0000287
Tlin00038-RA	GO:0003824
Tlin13940-RA	GO:0005975
Tlin13940-RA	GO:0004553
Tlin13940-RA	GO:0005975
Tlin13940-RA	GO:0004553
Tlin13940-RA	GO:0005975
Tlin13940-RA	GO:0004553
Tlin13940-RA	GO:0005975
Tlin13940-RA	GO:0004553
Tlin09675-RA	GO:0005840
Tlin09675-RA	GO:0006412
Tlin09675-RA	GO:0003735
Tlin09675-RA	GO:0005840
Tlin09675-RA	GO:0006412
Tlin09675-RA	GO:0003735
Tlin09675-RA	GO:0005840
Tlin09675-RA	GO:0006412
Tlin09675-RA	GO:0003735
Tlin09675-RA	GO:0005840
Tlin09675-RA	GO:0006412
Tlin09675-RA	GO:0003735
Tlin04047-RA	GO:0005515
Tlin04047-RA	GO:0005515
Tlin04047-RA	GO:0005515
Tlin04047-RA	GO:0005515
Tlin04047-RA	GO:0005515
Tlin04047-RA	GO:0005515
Tlin02234-RA	GO:0007186
Tlin02234-RA	GO:0016020
Tlin02234-RA	GO:0004930
Tlin02234-RA	GO:0016020
Tlin02234-RA	GO:0004930
Tlin02234-RA	GO:0007186
Tlin02234-RA	GO:0004930
Tlin02234-RA	GO:0016020
Tlin02234-RA	GO:0004930
Tlin02234-RA	GO:0016020
Tlin02234-RA	GO:0004930
Tlin00002-RA	GO:0008270
Tlin00002-RA	GO:0003676
Tlin05452-RA	GO:0003723
Tlin05452-RA	GO:0003723
Tlin05452-RA	GO:0003723
Tlin05452-RA	GO:0005524
Tlin05452-RA	GO:0003676
Tlin00769-RA	GO:0006413
Tlin00769-RA	GO:0003743
Tlin00769-RA	GO:0006413
Tlin00769-RA	GO:0003743
Tlin11247-RA	GO:0003676
Tlin11247-RA	GO:0003676
Tlin11247-RA	GO:0003676
Tlin00243-RA	GO:0032958
Tlin00243-RA	GO:0016301
Tlin00243-RA	GO:0032958
Tlin00243-RA	GO:0016301
Tlin14395-RA	GO:0046982
Tlin14395-RA	GO:0046982
Tlin14395-RA	GO:0003677
Tlin14395-RA	GO:0003677
Tlin14395-RA	GO:0030527
Tlin14395-RA	GO:0000786
Tlin14946-RA	GO:0046982
Tlin14946-RA	GO:0046982
Tlin14946-RA	GO:0003677
Tlin14946-RA	GO:0003677
Tlin14946-RA	GO:0030527
Tlin14946-RA	GO:0000786
Tlin14305-RA	GO:0046982
Tlin14305-RA	GO:0046982
Tlin14305-RA	GO:0003677
Tlin14305-RA	GO:0003677
Tlin14305-RA	GO:0030527
Tlin14305-RA	GO:0000786
Tlin13389-RA	GO:0006488
Tlin13389-RA	GO:0016758
Tlin11823-RA	GO:0006310
Tlin11823-RA	GO:0015074
Tlin11823-RA	GO:0003677
Tlin11823-RA	GO:0003677
Tlin11823-RA	GO:0006310
Tlin11823-RA	GO:0015074
Tlin11823-RA	GO:0003677
Tlin00298-RA	GO:0004540
Tlin00298-RA	GO:0003676
Tlin00298-RA	GO:0010468
Tlin00298-RA	GO:0005777
Tlin12935-RA	GO:0022857
Tlin12935-RA	GO:0055085
Tlin12935-RA	GO:0016020
Tlin12935-RA	GO:0022857
Tlin12935-RA	GO:0055085
Tlin12935-RA	GO:0016020
Tlin12935-RA	GO:0022857
Tlin12935-RA	GO:0055085
Tlin12935-RA	GO:0016020
Tlin12935-RA	GO:0022857
Tlin12935-RA	GO:0055085
Tlin12935-RA	GO:0016020
Tlin12935-RA	GO:0022857
Tlin12935-RA	GO:0055085
Tlin12935-RA	GO:0016020
Tlin12935-RA	GO:0022857
Tlin12935-RA	GO:0055085
Tlin12935-RA	GO:0016020
Tlin06264-RA	GO:0005515
Tlin13212-RA	GO:0006508
Tlin13212-RA	GO:0004197
Tlin05680-RA	GO:0006355
Tlin05680-RA	GO:0043565
Tlin05680-RA	GO:0003700
Tlin05680-RA	GO:0006355
Tlin05680-RA	GO:0043565
Tlin05680-RA	GO:0003700
Tlin05680-RA	GO:0006355
Tlin05680-RA	GO:0043565
Tlin05680-RA	GO:0003700
Tlin05267-RA	GO:0005096
Tlin13095-RA	GO:0003677
Tlin13095-RA	GO:0006355
Tlin13095-RA	GO:0000981
Tlin13095-RA	GO:0003677
Tlin00654-RA	GO:0140658
Tlin00654-RA	GO:0005524
Tlin00654-RA	GO:0016887
Tlin00654-RA	GO:0017025
Tlin00654-RA	GO:0003677
Tlin00654-RA	GO:0005524
Tlin12384-RA	GO:0044255
Tlin12384-RA	GO:0008374
Tlin12384-RA	GO:0016746
Tlin10978-RA	GO:0005515
Tlin10978-RA	GO:0005515
Tlin10978-RA	GO:0005515
Tlin10978-RA	GO:0005515
Tlin10978-RA	GO:0005515
Tlin10978-RA	GO:0005515
Tlin10978-RA	GO:0005515
Tlin10978-RA	GO:0005515
Tlin10978-RA	GO:0005515
Tlin10978-RA	GO:0005515
Tlin10978-RA	GO:0005515
Tlin10978-RA	GO:0005515
Tlin10978-RA	GO:0005515
Tlin10978-RA	GO:0005515
Tlin10978-RA	GO:0005515
Tlin06833-RA	GO:0000398
Tlin06833-RA	GO:0005515
Tlin06833-RA	GO:0005515
Tlin06833-RA	GO:0005515
Tlin06833-RA	GO:0005515
Tlin06833-RA	GO:0005515
Tlin06833-RA	GO:0005515
Tlin06833-RA	GO:0005515
Tlin06833-RA	GO:0005515
Tlin04431-RA	GO:0016540
Tlin04431-RA	GO:0003677
Tlin04431-RA	GO:0006355
Tlin04431-RA	GO:0003700
Tlin04431-RA	GO:0003700
Tlin04431-RA	GO:0003700
Tlin07985-RA	GO:0008270
Tlin07985-RA	GO:0005634
Tlin05140-RA	GO:0046872
Tlin05140-RA	GO:0046872
Tlin05140-RA	GO:0046872
Tlin05140-RA	GO:0006508
Tlin05140-RA	GO:0004222
Tlin05140-RA	GO:0046872
Tlin03618-RA	GO:0030951
Tlin03618-RA	GO:0046785
Tlin03618-RA	GO:0051010
Tlin03618-RA	GO:0061863
Tlin03618-RA	GO:0007051
Tlin12657-RA	GO:0016887
Tlin12657-RA	GO:0005524
Tlin12657-RA	GO:0005524
Tlin12657-RA	GO:0140359
Tlin12657-RA	GO:0140359
Tlin12657-RA	GO:0016020
Tlin01128-RA	GO:0006811
Tlin01128-RA	GO:0016020
Tlin01128-RA	GO:0005230
Tlin01128-RA	GO:0006811
Tlin01128-RA	GO:0016020
Tlin01128-RA	GO:0005230
Tlin01128-RA	GO:0005216
Tlin01128-RA	GO:0016020
Tlin01128-RA	GO:0034220
Tlin01128-RA	GO:0004888
Tlin01128-RA	GO:0006811
Tlin01128-RA	GO:0016020
Tlin01128-RA	GO:0005230
Tlin12970-RA	GO:0006313
Tlin12970-RA	GO:0004803
Tlin04014-RA	GO:0016192
Tlin04014-RA	GO:0030117
Tlin04014-RA	GO:0006886
Tlin04014-RA	GO:0016192
Tlin04014-RA	GO:0006886
Tlin04014-RA	GO:0016192
Tlin04014-RA	GO:0030131
Tlin04014-RA	GO:0006886
Tlin04014-RA	GO:0016192
Tlin04014-RA	GO:0016192
Tlin04014-RA	GO:0006886
Tlin04014-RA	GO:0016192
Tlin04014-RA	GO:0030117
Tlin04014-RA	GO:0006886
Tlin00883-RA	GO:0005515
Tlin10011-RA	GO:0016747
Tlin10011-RA	GO:0043998
Tlin10011-RA	GO:0010485
Tlin08708-RA	GO:0080019
Tlin06864-RA	GO:0055085
Tlin06864-RA	GO:0005741
Tlin06864-RA	GO:0008320
Tlin06864-RA	GO:0030150
Tlin06864-RA	GO:0005741
Tlin06864-RA	GO:0008320
Tlin06864-RA	GO:0030150
Tlin06864-RA	GO:0005741
Tlin03421-RA	GO:0030215
Tlin03421-RA	GO:0005515
Tlin03421-RA	GO:0005515
Tlin03421-RA	GO:0005515
Tlin04248-RA	GO:0016787
Tlin04248-RA	GO:0016787
Tlin04248-RA	GO:0004722
Tlin01176-RA	GO:0051082
Tlin01176-RA	GO:0031072
Tlin01176-RA	GO:0030544
Tlin01176-RA	GO:0006457
Tlin01176-RA	GO:0051082
Tlin01176-RA	GO:0006457
Tlin01176-RA	GO:0051082
Tlin01176-RA	GO:0006457
Tlin01176-RA	GO:0051082
Tlin01176-RA	GO:0031072
Tlin00613-RA	GO:0005524
Tlin00613-RA	GO:0006468
Tlin00613-RA	GO:0004672
Tlin00613-RA	GO:0005524
Tlin00613-RA	GO:0006468
Tlin00613-RA	GO:0004672
Tlin11922-RA	GO:0007264
Tlin11922-RA	GO:0005092
Tlin11922-RA	GO:0007264
Tlin11922-RA	GO:0005092
Tlin07372-RA	GO:0008168
Tlin07372-RA	GO:0016279
Tlin02987-RA	GO:0046872
Tlin02987-RA	GO:0046872
Tlin02987-RA	GO:0005525
Tlin02987-RA	GO:0003924
Tlin06732-RA	GO:0005634
Tlin06732-RA	GO:0005737
Tlin06732-RA	GO:0006397
Tlin06732-RA	GO:0003723
Tlin12840-RA	GO:0140359
Tlin12840-RA	GO:0140359
Tlin12840-RA	GO:0016020
Tlin12840-RA	GO:0005524
Tlin12840-RA	GO:0016887
Tlin12840-RA	GO:0005524
Tlin01072-RA	GO:0005509
Tlin01072-RA	GO:0005515
Tlin01072-RA	GO:0005509
Tlin01072-RA	GO:0005509
Tlin01072-RA	GO:0005515
Tlin01072-RA	GO:0005515
Tlin01072-RA	GO:0005509
Tlin01072-RA	GO:0005509
Tlin01072-RA	GO:0005509
Tlin09342-RA	GO:0005085
Tlin09342-RA	GO:0005085
Tlin09342-RA	GO:0005515
Tlin09342-RA	GO:0005515
Tlin09342-RA	GO:0005085
Tlin09850-RA	GO:0006468
Tlin09850-RA	GO:0004672
Tlin09850-RA	GO:0005524
Tlin09850-RA	GO:0005524
Tlin09850-RA	GO:0006468
Tlin09850-RA	GO:0004672
Tlin09850-RA	GO:0007165
Tlin09850-RA	GO:0005515
Tlin11202-RA	GO:0045022
Tlin11202-RA	GO:0043551
Tlin02732-RA	GO:0006915
Tlin03486-RA	GO:0006915
Tlin03486-RA	GO:0032465
Tlin03486-RA	GO:0004842
Tlin04838-RA	GO:0000398
Tlin04838-RA	GO:0000398
Tlin12335-RA	GO:0005975
Tlin12335-RA	GO:0005975
Tlin12335-RA	GO:0004553
Tlin07826-RA	GO:0003723
Tlin07826-RA	GO:0003676
Tlin07826-RA	GO:0008168
Tlin14487-RA	GO:0003677
Tlin14487-RA	GO:0006384
Tlin14487-RA	GO:0000127
Tlin11709-RA	GO:0008270
Tlin11709-RA	GO:0005634
Tlin02729-RA	GO:0005515
Tlin00824-RA	GO:0016567
Tlin00824-RA	GO:0016567
Tlin04847-RA	GO:0006508
Tlin04847-RA	GO:0004252
Tlin04847-RA	GO:0006508
Tlin04847-RA	GO:0004252
Tlin04847-RA	GO:0006508
Tlin04847-RA	GO:0004252
Tlin13664-RA	GO:0003678
Tlin13664-RA	GO:0005524
Tlin13664-RA	GO:0003677
Tlin13664-RA	GO:0004386
Tlin13664-RA	GO:0005524
Tlin13664-RA	GO:0006139
Tlin13664-RA	GO:0016818
Tlin13664-RA	GO:0003676
Tlin14213-RA	GO:0003678
Tlin14213-RA	GO:0005524
Tlin14213-RA	GO:0003677
Tlin14213-RA	GO:0004386
Tlin14213-RA	GO:0005524
Tlin14213-RA	GO:0006139
Tlin14213-RA	GO:0016818
Tlin14213-RA	GO:0003676
Tlin06352-RA	GO:0006355
Tlin06352-RA	GO:0007165
Tlin06352-RA	GO:0004114
Tlin06352-RA	GO:0007165
Tlin06352-RA	GO:0004114
Tlin12586-RA	GO:0005515
Tlin12586-RA	GO:0005515
Tlin08893-RA	GO:0005515
Tlin08893-RA	GO:0005515
Tlin06250-RA	GO:0005515
Tlin06250-RA	GO:0005515
Tlin08776-RA	GO:0004605
Tlin13485-RA	GO:0006508
Tlin13485-RA	GO:0004252
Tlin00846-RA	GO:0032222
Tlin00846-RA	GO:1903818
Tlin00846-RA	GO:0030431
Tlin08515-RA	GO:0061929
Tlin05048-RA	GO:0051015
Tlin06849-RA	GO:0005515
Tlin11452-RA	GO:0006457
Tlin11452-RA	GO:0003755
Tlin11452-RA	GO:0016020
Tlin11452-RA	GO:0003755
Tlin11452-RA	GO:0000413
Tlin11452-RA	GO:0016020
Tlin11452-RA	GO:0008146
Tlin11452-RA	GO:0016020
Tlin11452-RA	GO:0016020
Tlin01875-RA	GO:0071203
Tlin09648-RA	GO:0005515
Tlin01493-RA	GO:0016747
Tlin00129-RA	GO:0008061
Tlin00129-RA	GO:0005975
Tlin00129-RA	GO:0004553
Tlin00129-RA	GO:0008061
Tlin00129-RA	GO:0005576
Tlin00129-RA	GO:0005975
Tlin00129-RA	GO:0005975
Tlin00129-RA	GO:0004553
Tlin00129-RA	GO:0005975
Tlin12598-RA	GO:0000175
Tlin12598-RA	GO:0000175
Tlin12598-RA	GO:0003676
Tlin03855-RA	GO:0018149
Tlin03855-RA	GO:0003810
Tlin03855-RA	GO:0018149
Tlin03855-RA	GO:0003810
Tlin03855-RA	GO:0018149
Tlin03855-RA	GO:0018149
Tlin03855-RA	GO:0003810
Tlin03855-RA	GO:0018149
Tlin03855-RA	GO:0003810
Tlin08191-RA	GO:0050277
Tlin08191-RA	GO:0016301
Tlin08191-RA	GO:0005975
Tlin09265-RA	GO:0008146
Tlin04755-RA	GO:0008233
Tlin04755-RA	GO:0008237
Tlin04755-RA	GO:0005515
Tlin04755-RA	GO:0061578
Tlin04755-RA	GO:0070536
Tlin04755-RA	GO:0140492
Tlin04755-RA	GO:0016579
Tlin11371-RA	GO:0050660
Tlin11371-RA	GO:0016491
Tlin11371-RA	GO:0050660
Tlin11371-RA	GO:0045454
Tlin11371-RA	GO:0016668
Tlin11371-RA	GO:0016491
Tlin11371-RA	GO:0050660
Tlin11371-RA	GO:0016491
Tlin10858-RA	GO:0046983
Tlin10858-RA	GO:0046983
Tlin10858-RA	GO:0005975
Tlin10858-RA	GO:0005975
Tlin10584-RA	GO:0003677
Tlin03271-RA	GO:0008270
Tlin03271-RA	GO:0005634
Tlin00686-RA	GO:0036374
Tlin00686-RA	GO:0006751
Tlin03355-RA	GO:0005840
Tlin03355-RA	GO:0006412
Tlin03355-RA	GO:0003735
Tlin03355-RA	GO:0030170
Tlin03355-RA	GO:0009058
Tlin03355-RA	GO:0008483
Tlin03355-RA	GO:0006520
Tlin03355-RA	GO:0003824
Tlin03355-RA	GO:0003824
Tlin03355-RA	GO:0005840
Tlin03355-RA	GO:0006412
Tlin03355-RA	GO:0003735
Tlin03538-RA	GO:0000166
Tlin03538-RA	GO:0005524
Tlin03538-RA	GO:0043039
Tlin03538-RA	GO:0004812
Tlin03538-RA	GO:0004813
Tlin03538-RA	GO:0005524
Tlin03538-RA	GO:0006419
Tlin03538-RA	GO:0000166
Tlin03538-RA	GO:0004813
Tlin03538-RA	GO:0005524
Tlin03538-RA	GO:0006419
Tlin03538-RA	GO:0000166
Tlin03538-RA	GO:0004813
Tlin03538-RA	GO:0005524
Tlin03538-RA	GO:0005737
Tlin03538-RA	GO:0006419
Tlin03538-RA	GO:0000166
Tlin01260-RA	GO:0005524
Tlin01260-RA	GO:0005524
Tlin01260-RA	GO:0006468
Tlin01260-RA	GO:0004672
Tlin01260-RA	GO:0051262
Tlin01260-RA	GO:0004674
Tlin04202-RA	GO:0005515
Tlin07097-RA	GO:0019843
Tlin07097-RA	GO:0006364
Tlin11886-RA	GO:0008270
Tlin11886-RA	GO:0003676
Tlin11886-RA	GO:0008270
Tlin11886-RA	GO:0003676
Tlin08908-RA	GO:0005975
Tlin08908-RA	GO:0004553
Tlin08908-RA	GO:0005975
Tlin08908-RA	GO:0004553
Tlin08908-RA	GO:0005975
Tlin08908-RA	GO:0004553
Tlin06921-RA	GO:0005515
Tlin06921-RA	GO:0004842
Tlin03481-RA	GO:0016538
Tlin03481-RA	GO:0016538
Tlin03481-RA	GO:0016538
Tlin03481-RA	GO:0016538
Tlin07610-RA	GO:0005515
Tlin07610-RA	GO:0005515
Tlin07610-RA	GO:0005515
Tlin06550-RA	GO:0016020
Tlin06550-RA	GO:0016020
Tlin06550-RA	GO:0016020
Tlin04364-RA	GO:0003824
Tlin04364-RA	GO:0003824
Tlin04364-RA	GO:0008483
Tlin04364-RA	GO:0006520
Tlin04364-RA	GO:0009058
Tlin04364-RA	GO:0030170
Tlin04364-RA	GO:0003824
Tlin04364-RA	GO:0030170
Tlin04364-RA	GO:0009058
Tlin06480-RA	GO:0008270
Tlin06480-RA	GO:0005515
Tlin06480-RA	GO:0005515
Tlin00818-RA	GO:0007186
Tlin00818-RA	GO:0016020
Tlin00818-RA	GO:0004930
Tlin00818-RA	GO:0007186
Tlin00818-RA	GO:0016020
Tlin00818-RA	GO:0004930
Tlin09044-RA	GO:0009249
Tlin11652-RA	GO:0005549
Tlin11652-RA	GO:0005549
Tlin11652-RA	GO:0005549
Tlin05421-RA	GO:0005515
Tlin05421-RA	GO:0003676
Tlin05421-RA	GO:0005515
Tlin05421-RA	GO:0003723
Tlin05421-RA	GO:0003723
Tlin05421-RA	GO:0003676
Tlin00488-RA	GO:0016620
Tlin00488-RA	GO:0016491
Tlin00488-RA	GO:0016491
Tlin00488-RA	GO:0016491
Tlin00488-RA	GO:0006081
Tlin00144-RA	GO:0005549
Tlin00144-RA	GO:0007608
Tlin00144-RA	GO:0016020
Tlin00144-RA	GO:0004984
Tlin04234-RA	GO:0005515
Tlin04234-RA	GO:0005515
Tlin04234-RA	GO:0005515
Tlin06175-RA	GO:0005515
Tlin06175-RA	GO:0007165
Tlin06175-RA	GO:0005515
Tlin06175-RA	GO:0005515
Tlin06175-RA	GO:0005515
Tlin06175-RA	GO:0005515
Tlin06175-RA	GO:0005515
Tlin06175-RA	GO:0005515
Tlin00786-RA	GO:0008270
Tlin00786-RA	GO:0005634
Tlin06247-RA	GO:0003824
Tlin06247-RA	GO:0003824
Tlin06247-RA	GO:0009072
Tlin06247-RA	GO:0004334
Tlin06247-RA	GO:0003824
Tlin06247-RA	GO:0019752
Tlin06247-RA	GO:0030170
Tlin06247-RA	GO:0016830
Tlin06247-RA	GO:0009072
Tlin06247-RA	GO:0004334
Tlin06247-RA	GO:0009072
Tlin06247-RA	GO:0004334
Tlin06247-RA	GO:0016831
Tlin06247-RA	GO:0003824
Tlin06565-RA	GO:0005515
Tlin06565-RA	GO:0005515
Tlin01032-RA	GO:0005615
Tlin01032-RA	GO:0005576
Tlin01032-RA	GO:0005576
Tlin01032-RA	GO:0005576
Tlin01032-RA	GO:0004866
Tlin01032-RA	GO:0004866
Tlin08376-RA	GO:0016010
Tlin08376-RA	GO:0016020
Tlin08376-RA	GO:0005509
Tlin08376-RA	GO:0016020
Tlin08376-RA	GO:0005509
Tlin04569-RA	GO:0043488
Tlin04569-RA	GO:1900364
Tlin04569-RA	GO:0008143
Tlin08193-RA	GO:0007186
Tlin08193-RA	GO:0016020
Tlin08193-RA	GO:0004930
Tlin11183-RA	GO:0005506
Tlin11183-RA	GO:0016705
Tlin11183-RA	GO:0020037
Tlin11183-RA	GO:0004497
Tlin11183-RA	GO:0005506
Tlin11183-RA	GO:0016705
Tlin11183-RA	GO:0020037
Tlin11183-RA	GO:0004497
Tlin11183-RA	GO:0016705
Tlin11183-RA	GO:0005506
Tlin11183-RA	GO:0005506
Tlin11183-RA	GO:0016705
Tlin11183-RA	GO:0020037
Tlin11183-RA	GO:0004497
Tlin03230-RA	GO:0005515
Tlin00737-RA	GO:0008234
Tlin00737-RA	GO:0006508
Tlin00737-RA	GO:0019784
Tlin00004-RA	GO:0006021
Tlin00004-RA	GO:0008654
Tlin00004-RA	GO:0004512
Tlin00004-RA	GO:0006021
Tlin00004-RA	GO:0008654
Tlin00004-RA	GO:0004512
Tlin09010-RA	GO:0030036
Tlin09010-RA	GO:0005856
Tlin12243-RA	GO:0006357
Tlin12243-RA	GO:0016592
Tlin12243-RA	GO:0003712
Tlin00715-RA	GO:0003723
Tlin00715-RA	GO:0006307
Tlin00715-RA	GO:0003723
Tlin00715-RA	GO:0003723
Tlin06873-RA	GO:0005515
Tlin06873-RA	GO:0005515
Tlin06873-RA	GO:0005515
Tlin06873-RA	GO:0005515
Tlin10088-RA	GO:0005737
Tlin10088-RA	GO:0005634
Tlin14191-RA	GO:0043565
Tlin07918-RA	GO:0016491
Tlin10866-RA	GO:0005515
Tlin10866-RA	GO:0005515
Tlin09841-RA	GO:0005524
Tlin09841-RA	GO:0006468
Tlin09841-RA	GO:0004672
Tlin09841-RA	GO:0006468
Tlin09841-RA	GO:0004672
Tlin09841-RA	GO:0005524
Tlin09841-RA	GO:0006468
Tlin09841-RA	GO:0004674
Tlin09841-RA	GO:0005524
Tlin09160-RA	GO:0005783
Tlin09160-RA	GO:0004656
Tlin09160-RA	GO:0005515
Tlin09160-RA	GO:0005515
Tlin13679-RA	GO:0003677
Tlin01071-RA	GO:0016747
Tlin03652-RA	GO:0042147
Tlin03652-RA	GO:0006888
Tlin03652-RA	GO:0016192
Tlin09469-RA	GO:0005515
Tlin09469-RA	GO:0005515
Tlin09469-RA	GO:0005515
Tlin09469-RA	GO:0005515
Tlin09469-RA	GO:0005515
Tlin09469-RA	GO:0005515
Tlin09469-RA	GO:0005515
Tlin09469-RA	GO:0005515
Tlin09469-RA	GO:0005515
Tlin09469-RA	GO:0005515
Tlin09469-RA	GO:0005515
Tlin09469-RA	GO:0005515
Tlin10347-RA	GO:0005615
Tlin10347-RA	GO:0004867
Tlin08070-RA	GO:0005681
Tlin08070-RA	GO:0000387
Tlin10248-RA	GO:0016020
Tlin10248-RA	GO:0070588
Tlin10248-RA	GO:0005262
Tlin06138-RA	GO:0030008
Tlin06138-RA	GO:0016192
Tlin06138-RA	GO:0030008
Tlin06138-RA	GO:0016192
Tlin06138-RA	GO:0005515
Tlin08522-RA	GO:0008017
Tlin08189-RA	GO:0005515
Tlin08189-RA	GO:0005515
Tlin08189-RA	GO:0005515
Tlin10905-RA	GO:0003743
Tlin10905-RA	GO:0005515
Tlin10905-RA	GO:0003723
Tlin10905-RA	GO:0005515
Tlin04347-RA	GO:0005524
Tlin04347-RA	GO:0006468
Tlin04347-RA	GO:0004672
Tlin04347-RA	GO:0005524
Tlin04347-RA	GO:0006468
Tlin04347-RA	GO:0004672
Tlin07764-RA	GO:0006355
Tlin01053-RA	GO:0015165
Tlin01053-RA	GO:0016020
Tlin01053-RA	GO:0090481
Tlin01053-RA	GO:0000139
Tlin01053-RA	GO:0015165
Tlin01053-RA	GO:0016020
Tlin01053-RA	GO:0090481
Tlin01053-RA	GO:0000139
Tlin12655-RA	GO:0004812
Tlin12655-RA	GO:0005524
Tlin12655-RA	GO:0006418
Tlin12655-RA	GO:0000166
Tlin02408-RA	GO:0005525
Tlin02408-RA	GO:0005525
Tlin02408-RA	GO:0003924
Tlin02408-RA	GO:0003924
Tlin05746-RA	GO:0005576
Tlin05746-RA	GO:0007275
Tlin05746-RA	GO:0016055
Tlin05746-RA	GO:0005102
Tlin05746-RA	GO:0005576
Tlin05746-RA	GO:0007275
Tlin05746-RA	GO:0016055
Tlin05746-RA	GO:0005102
Tlin06257-RA	GO:0016740
Tlin06257-RA	GO:0106388
Tlin06257-RA	GO:0006364
Tlin05515-RA	GO:0070772
Tlin05515-RA	GO:0006661
Tlin13373-RA	GO:0042781
Tlin06943-RA	GO:0005509
Tlin06943-RA	GO:0016746
Tlin06943-RA	GO:0008374
Tlin04862-RA	GO:0035082
Tlin04862-RA	GO:0005879
Tlin04862-RA	GO:0035082
Tlin04862-RA	GO:0005879
Tlin08604-RA	GO:0006013
Tlin08604-RA	GO:0004559
Tlin08604-RA	GO:0006013
Tlin08604-RA	GO:0004559
Tlin08604-RA	GO:0006013
Tlin08604-RA	GO:0004559
Tlin08604-RA	GO:0006013
Tlin08604-RA	GO:0004559
Tlin08604-RA	GO:0005975
Tlin08604-RA	GO:0030246
Tlin08604-RA	GO:0003824
Tlin08604-RA	GO:0005975
Tlin12341-RA	GO:0016491
Tlin12341-RA	GO:0016491
Tlin12341-RA	GO:0010181
Tlin12341-RA	GO:0016491
Tlin08152-RA	GO:0005524
Tlin08152-RA	GO:0006468
Tlin08152-RA	GO:0004672
Tlin01807-RA	GO:0005515
Tlin01807-RA	GO:0005515
Tlin01807-RA	GO:0005515
Tlin01807-RA	GO:0005515
Tlin01807-RA	GO:0005515
Tlin01807-RA	GO:0005515
Tlin01807-RA	GO:0005515
Tlin01807-RA	GO:0005515
Tlin01807-RA	GO:0005515
Tlin01807-RA	GO:0005524
Tlin01807-RA	GO:0005515
Tlin01807-RA	GO:0005515
Tlin01807-RA	GO:0005515
Tlin01807-RA	GO:0005515
Tlin01807-RA	GO:0005515
Tlin01807-RA	GO:0005515
Tlin01807-RA	GO:0005515
Tlin01807-RA	GO:0005524
Tlin01807-RA	GO:0006468
Tlin01807-RA	GO:0004672
Tlin01807-RA	GO:0005515
Tlin01807-RA	GO:0005515
Tlin01807-RA	GO:0005515
Tlin01807-RA	GO:0005515
Tlin01807-RA	GO:0005515
Tlin01807-RA	GO:0005515
Tlin01807-RA	GO:0005515
Tlin01807-RA	GO:0005515
Tlin01807-RA	GO:0005515
Tlin01807-RA	GO:0005515
Tlin01807-RA	GO:0005515
Tlin01807-RA	GO:0005515
Tlin01807-RA	GO:0005515
Tlin01807-RA	GO:0005515
Tlin01807-RA	GO:0005515
Tlin01807-RA	GO:0005515
Tlin01807-RA	GO:0005515
Tlin01807-RA	GO:0005515
Tlin01807-RA	GO:0005515
Tlin01807-RA	GO:0005515
Tlin01807-RA	GO:0005515
Tlin01807-RA	GO:0005515
Tlin01807-RA	GO:0005515
Tlin01807-RA	GO:0005515
Tlin01807-RA	GO:0005515
Tlin01807-RA	GO:0005515
Tlin01807-RA	GO:0005515
Tlin01807-RA	GO:0005515
Tlin01807-RA	GO:0005515
Tlin01807-RA	GO:0005515
Tlin01807-RA	GO:0005515
Tlin01807-RA	GO:0005515
Tlin01807-RA	GO:0005515
Tlin01807-RA	GO:0005515
Tlin01807-RA	GO:0005515
Tlin01807-RA	GO:0005515
Tlin01807-RA	GO:0005515
Tlin01807-RA	GO:0005515
Tlin01807-RA	GO:0005515
Tlin01807-RA	GO:0005515
Tlin01807-RA	GO:0005515
Tlin01807-RA	GO:0005515
Tlin01807-RA	GO:0005515
Tlin01807-RA	GO:0005515
Tlin01807-RA	GO:0005515
Tlin01807-RA	GO:0005515
Tlin01807-RA	GO:0005515
Tlin01807-RA	GO:0005515
Tlin01807-RA	GO:0005515
Tlin01807-RA	GO:0005515
Tlin01807-RA	GO:0005515
Tlin01807-RA	GO:0005515
Tlin01807-RA	GO:0005515
Tlin01807-RA	GO:0005515
Tlin01807-RA	GO:0005515
Tlin01807-RA	GO:0005515
Tlin01807-RA	GO:0005515
Tlin01807-RA	GO:0005515
Tlin01807-RA	GO:0005515
Tlin01807-RA	GO:0005515
Tlin01807-RA	GO:0005515
Tlin01807-RA	GO:0005515
Tlin01807-RA	GO:0005515
Tlin01807-RA	GO:0005515
Tlin01807-RA	GO:0005515
Tlin01807-RA	GO:0005515
Tlin01807-RA	GO:0005515
Tlin01807-RA	GO:0005515
Tlin01807-RA	GO:0006468
Tlin01807-RA	GO:0004672
Tlin01807-RA	GO:0005515
Tlin01807-RA	GO:0005515
Tlin01807-RA	GO:0005515
Tlin01807-RA	GO:0005515
Tlin01807-RA	GO:0005515
Tlin01807-RA	GO:0005515
Tlin01807-RA	GO:0005515
Tlin01807-RA	GO:0005515
Tlin01807-RA	GO:0005515
Tlin01807-RA	GO:0005515
Tlin01807-RA	GO:0005515
Tlin01807-RA	GO:0005515
Tlin01807-RA	GO:0005515
Tlin01807-RA	GO:0005515
Tlin10055-RA	GO:0005525
Tlin10055-RA	GO:0003924
Tlin01567-RA	GO:0007165
Tlin01567-RA	GO:0007186
Tlin01567-RA	GO:0019001
Tlin01567-RA	GO:0031683
Tlin01567-RA	GO:0003924
Tlin01567-RA	GO:0007186
Tlin01567-RA	GO:0019001
Tlin01567-RA	GO:0031683
Tlin01567-RA	GO:0003924
Tlin01567-RA	GO:0007165
Tlin01567-RA	GO:0007186
Tlin01567-RA	GO:0019001
Tlin01567-RA	GO:0031683
Tlin01567-RA	GO:0003924
Tlin06302-RA	GO:0050909
Tlin06302-RA	GO:0016020
Tlin06302-RA	GO:0050909
Tlin06302-RA	GO:0016020
Tlin03872-RA	GO:0005778
Tlin03872-RA	GO:0008270
Tlin03872-RA	GO:0016558
Tlin03872-RA	GO:0005515
Tlin03872-RA	GO:0003899
Tlin03872-RA	GO:0006351
Tlin03872-RA	GO:0003677
Tlin08899-RA	GO:0003676
Tlin08899-RA	GO:0003676
Tlin08899-RA	GO:0003723
Tlin08899-RA	GO:0003723
Tlin05645-RA	GO:0016255
Tlin05645-RA	GO:0042765
Tlin05645-RA	GO:0016020
Tlin10653-RA	GO:0005515
Tlin10653-RA	GO:0005515
Tlin10653-RA	GO:0005515
Tlin10653-RA	GO:0005515
Tlin06203-RA	GO:0006777
Tlin03437-RA	GO:0045041
Tlin03437-RA	GO:0015035
Tlin11621-RA	GO:0008270
Tlin11621-RA	GO:0006355
Tlin11621-RA	GO:0006355
Tlin11621-RA	GO:0008270
Tlin11621-RA	GO:0043565
Tlin11621-RA	GO:0003700
Tlin11621-RA	GO:0006355
Tlin11621-RA	GO:0008270
Tlin11621-RA	GO:0043565
Tlin11621-RA	GO:0003700
Tlin01393-RA	GO:0046983
Tlin01393-RA	GO:0003677
Tlin01393-RA	GO:0046983
Tlin01393-RA	GO:0003677
Tlin01393-RA	GO:0000987
Tlin01393-RA	GO:0045944
Tlin01393-RA	GO:0000981
Tlin01393-RA	GO:0046983
Tlin01393-RA	GO:0003677
Tlin01393-RA	GO:0046983
Tlin01393-RA	GO:0003677
Tlin11016-RA	GO:0005515
Tlin11016-RA	GO:0005515
Tlin11016-RA	GO:0005085
Tlin07424-RA	GO:0006457
Tlin07424-RA	GO:0003755
Tlin07424-RA	GO:0003755
Tlin07424-RA	GO:0000413
Tlin02703-RA	GO:0050909
Tlin02703-RA	GO:0016020
Tlin02703-RA	GO:0050909
Tlin02703-RA	GO:0016020
Tlin12469-RA	GO:0005525
Tlin12469-RA	GO:0003924
Tlin12469-RA	GO:0005096
Tlin00187-RA	GO:0005685
Tlin00187-RA	GO:0006376
Tlin00187-RA	GO:0003729
Tlin00187-RA	GO:0005685
Tlin00187-RA	GO:0006376
Tlin00187-RA	GO:0003729
Tlin05401-RA	GO:0046872
Tlin05401-RA	GO:0046872
Tlin07923-RA	GO:0006851
Tlin07923-RA	GO:0005509
Tlin07923-RA	GO:0005509
Tlin07923-RA	GO:0005509
Tlin10949-RA	GO:0008324
Tlin10949-RA	GO:0016020
Tlin10949-RA	GO:0055085
Tlin10949-RA	GO:0006812
Tlin10949-RA	GO:0008324
Tlin10949-RA	GO:0006829
Tlin05460-RA	GO:0016020
Tlin05460-RA	GO:0071586
Tlin05460-RA	GO:0004222
Tlin05460-RA	GO:0005789
Tlin05460-RA	GO:0071586
Tlin05460-RA	GO:0004222
Tlin01527-RA	GO:0006355
Tlin01527-RA	GO:0043565
Tlin01527-RA	GO:0003700
Tlin01527-RA	GO:0006355
Tlin01527-RA	GO:0043565
Tlin01527-RA	GO:0003700
Tlin01527-RA	GO:0043565
Tlin01527-RA	GO:0006355
Tlin01527-RA	GO:0006355
Tlin01527-RA	GO:0043565
Tlin01527-RA	GO:0003700
Tlin06166-RA	GO:0005515
Tlin14218-RA	GO:0005549
Tlin14218-RA	GO:0007608
Tlin14218-RA	GO:0016020
Tlin14218-RA	GO:0004984
Tlin14218-RA	GO:0005549
Tlin14218-RA	GO:0007608
Tlin14218-RA	GO:0016020
Tlin14218-RA	GO:0004984
Tlin02303-RA	GO:0010181
Tlin02303-RA	GO:0006809
Tlin02303-RA	GO:0004517
Tlin02303-RA	GO:0016491
Tlin02303-RA	GO:0006809
Tlin02303-RA	GO:0004517
Tlin02303-RA	GO:0006809
Tlin02303-RA	GO:0004517
Tlin02303-RA	GO:0016491
Tlin02303-RA	GO:0016491
Tlin09839-RA	GO:0006468
Tlin09839-RA	GO:0031267
Tlin09839-RA	GO:0004674
Tlin09839-RA	GO:0007165
Tlin09839-RA	GO:0007165
Tlin00672-RA	GO:0020037
Tlin00672-RA	GO:0020037
Tlin00672-RA	GO:0019825
Tlin08374-RA	GO:0005525
Tlin08374-RA	GO:0003924
Tlin08374-RA	GO:0007264
Tlin08374-RA	GO:0005525
Tlin14233-RA	GO:0005525
Tlin14233-RA	GO:0042254
Tlin14233-RA	GO:0005634
Tlin14233-RA	GO:0042254
Tlin02404-RA	GO:0008233
Tlin02404-RA	GO:0008237
Tlin02404-RA	GO:0005515
Tlin09970-RA	GO:0005515
Tlin09970-RA	GO:0005515
Tlin09970-RA	GO:0005515
Tlin07299-RA	GO:0005515
Tlin07299-RA	GO:0005515
Tlin07299-RA	GO:0003779
Tlin05561-RA	GO:0016020
Tlin05561-RA	GO:0042246
Tlin05561-RA	GO:0007155
Tlin05561-RA	GO:0016020
Tlin05561-RA	GO:0042246
Tlin05561-RA	GO:0007155
Tlin06462-RA	GO:0005515
Tlin06462-RA	GO:0005515
Tlin06462-RA	GO:0005515
Tlin06462-RA	GO:0007165
Tlin07103-RA	GO:0007165
Tlin07103-RA	GO:0005515
Tlin07103-RA	GO:0005515
Tlin07103-RA	GO:0005515
Tlin07103-RA	GO:0005515
Tlin07103-RA	GO:0005515
Tlin01943-RA	GO:0005886
Tlin01943-RA	GO:0005261
Tlin01943-RA	GO:0005248
Tlin01943-RA	GO:0006814
Tlin01943-RA	GO:0001518
Tlin01943-RA	GO:0006811
Tlin01943-RA	GO:0016020
Tlin01943-RA	GO:0055085
Tlin01943-RA	GO:0005216
Tlin01943-RA	GO:0006811
Tlin01943-RA	GO:0016020
Tlin01943-RA	GO:0055085
Tlin01943-RA	GO:0005216
Tlin01943-RA	GO:0006811
Tlin01943-RA	GO:0016020
Tlin01943-RA	GO:0055085
Tlin01943-RA	GO:0005216
Tlin01943-RA	GO:0006811
Tlin01943-RA	GO:0016020
Tlin01943-RA	GO:0055085
Tlin01943-RA	GO:0005216
Tlin04835-RA	GO:0006777
Tlin04835-RA	GO:0019008
Tlin04835-RA	GO:0051539
Tlin04835-RA	GO:0006777
Tlin04835-RA	GO:0046872
Tlin04835-RA	GO:0051539
Tlin04835-RA	GO:0003824
Tlin04835-RA	GO:0006777
Tlin04835-RA	GO:0019008
Tlin04835-RA	GO:0051539
Tlin04835-RA	GO:0006777
Tlin04835-RA	GO:0006777
Tlin04835-RA	GO:0051536
Tlin04835-RA	GO:0003824
Tlin13497-RA	GO:0005506
Tlin13497-RA	GO:0016705
Tlin13497-RA	GO:0020037
Tlin13497-RA	GO:0004497
Tlin13497-RA	GO:0005506
Tlin13497-RA	GO:0016705
Tlin13497-RA	GO:0020037
Tlin13497-RA	GO:0004497
Tlin13497-RA	GO:0016705
Tlin13497-RA	GO:0005506
Tlin13497-RA	GO:0005506
Tlin13497-RA	GO:0016705
Tlin13497-RA	GO:0020037
Tlin13497-RA	GO:0004497
Tlin01509-RA	GO:0046983
Tlin01509-RA	GO:0046983
Tlin01509-RA	GO:0046983
Tlin09257-RA	GO:0035091
Tlin09257-RA	GO:0035091
Tlin09257-RA	GO:0035091
Tlin02641-RA	GO:0003743
Tlin02641-RA	GO:0005737
Tlin02641-RA	GO:0006413
Tlin02641-RA	GO:0003723
Tlin02641-RA	GO:0003743
Tlin02641-RA	GO:0006413
Tlin02641-RA	GO:0003723
Tlin02641-RA	GO:0003743
Tlin02641-RA	GO:0006413
Tlin02641-RA	GO:0003723
Tlin02641-RA	GO:0005525
Tlin02641-RA	GO:0003924
Tlin00085-RA	GO:0006869
Tlin00085-RA	GO:0005319
Tlin00085-RA	GO:0008289
Tlin00085-RA	GO:0006869
Tlin00085-RA	GO:0005319
Tlin00085-RA	GO:0006869
Tlin00085-RA	GO:0005319
Tlin00085-RA	GO:0005548
Tlin12327-RA	GO:0003824
Tlin12327-RA	GO:0030170
Tlin12327-RA	GO:0009058
Tlin12327-RA	GO:0003824
Tlin12327-RA	GO:0005759
Tlin12327-RA	GO:0006778
Tlin12327-RA	GO:0030170
Tlin12327-RA	GO:0003870
Tlin09413-RA	GO:0007186
Tlin09413-RA	GO:0016020
Tlin09413-RA	GO:0004930
Tlin05338-RA	GO:0030246
Tlin05338-RA	GO:0005515
Tlin05338-RA	GO:0005515
Tlin13222-RA	GO:0003743
Tlin13222-RA	GO:0005852
Tlin13222-RA	GO:0006413
Tlin13222-RA	GO:0031369
Tlin13222-RA	GO:0003723
Tlin13222-RA	GO:0005515
Tlin13222-RA	GO:0005515
Tlin13222-RA	GO:0003676
Tlin08677-RA	GO:0016020
Tlin08677-RA	GO:0008146
Tlin08677-RA	GO:0016020
Tlin08677-RA	GO:0008146
Tlin02858-RA	GO:0006260
Tlin02858-RA	GO:0043625
Tlin02858-RA	GO:0005634
Tlin02858-RA	GO:0006260
Tlin02858-RA	GO:0043625
Tlin02858-RA	GO:0005634
Tlin02858-RA	GO:0006260
Tlin02858-RA	GO:0043625
Tlin02858-RA	GO:0005634
Tlin10975-RA	GO:0000124
Tlin00625-RA	GO:0005732
Tlin00625-RA	GO:0006364
Tlin00625-RA	GO:0034457
Tlin00625-RA	GO:0005634
Tlin00625-RA	GO:0005732
Tlin00625-RA	GO:0006364
Tlin00625-RA	GO:0034457
Tlin00625-RA	GO:0005634
Tlin10580-RA	GO:0016311
Tlin10580-RA	GO:0008138
Tlin03127-RA	GO:0005515
Tlin10531-RA	GO:0043066
Tlin10531-RA	GO:0043066
Tlin13839-RA	GO:0032264
Tlin13839-RA	GO:0003876
Tlin13839-RA	GO:0032264
Tlin13839-RA	GO:0003876
Tlin13839-RA	GO:0032264
Tlin13839-RA	GO:0003876
Tlin13839-RA	GO:0019239
Tlin13839-RA	GO:0009168
Tlin13921-RA	GO:0008168
Tlin13921-RA	GO:0032259
Tlin13921-RA	GO:0003676
Tlin00457-RA	GO:0051016
Tlin00457-RA	GO:0008290
Tlin00457-RA	GO:0005737
Tlin00457-RA	GO:0008290
Tlin00457-RA	GO:0030036
Tlin00457-RA	GO:0003779
Tlin00457-RA	GO:0051016
Tlin00457-RA	GO:0008290
Tlin11339-RA	GO:0003824
Tlin11339-RA	GO:0016868
Tlin11339-RA	GO:0006096
Tlin08180-RA	GO:0018279
Tlin08180-RA	GO:0005789
Tlin08180-RA	GO:0018279
Tlin08180-RA	GO:0005789
Tlin05274-RA	GO:0016791
Tlin05274-RA	GO:0016311
Tlin05274-RA	GO:0006470
Tlin05274-RA	GO:0004725
Tlin12532-RA	GO:0006468
Tlin12532-RA	GO:0004672
Tlin12532-RA	GO:0006468
Tlin12532-RA	GO:0004672
Tlin12532-RA	GO:0005524
Tlin07453-RA	GO:0005515
Tlin07453-RA	GO:0005515
Tlin07453-RA	GO:0005515
Tlin06570-RA	GO:0016747
Tlin06570-RA	GO:0017196
Tlin06570-RA	GO:0004596
Tlin13289-RA	GO:0001682
Tlin13289-RA	GO:0005655
Tlin13289-RA	GO:0000172
Tlin08363-RA	GO:0005515
Tlin08363-RA	GO:0005515
Tlin08363-RA	GO:0005515
Tlin08363-RA	GO:0005515
Tlin08363-RA	GO:0005515
Tlin02196-RA	GO:0055085
Tlin02196-RA	GO:0022857
Tlin02196-RA	GO:0006355
Tlin02196-RA	GO:0003700
Tlin02196-RA	GO:0006355
Tlin02196-RA	GO:0003700
Tlin02104-RA	GO:0003729
Tlin02104-RA	GO:0003723
Tlin13161-RA	GO:0046983
Tlin13161-RA	GO:0003677
Tlin02661-RA	GO:0008237
Tlin02661-RA	GO:0006508
Tlin02661-RA	GO:0004222
Tlin11973-RA	GO:0005515
Tlin11973-RA	GO:0005515
Tlin11973-RA	GO:0005515
Tlin11973-RA	GO:0005515
Tlin12151-RA	GO:0016791
Tlin12151-RA	GO:0016791
Tlin12151-RA	GO:0016791
Tlin12917-RA	GO:0016020
Tlin12917-RA	GO:0016020
Tlin13931-RA	GO:0003676
Tlin13931-RA	GO:0015074
Tlin14607-RA	GO:0007018
Tlin14607-RA	GO:0003777
Tlin14607-RA	GO:0005524
Tlin14607-RA	GO:0007018
Tlin14607-RA	GO:0008017
Tlin14607-RA	GO:0003777
Tlin14607-RA	GO:0005524
Tlin14607-RA	GO:0007018
Tlin14607-RA	GO:0003777
Tlin07583-RA	GO:0008083
Tlin07583-RA	GO:0008083
Tlin07583-RA	GO:0008083
Tlin03679-RA	GO:0005509
Tlin03679-RA	GO:0016020
Tlin03679-RA	GO:0004252
Tlin03679-RA	GO:0005509
Tlin07910-RA	GO:0020037
Tlin03004-RA	GO:0003723
Tlin03004-RA	GO:0009451
Tlin03004-RA	GO:0009982
Tlin03004-RA	GO:0001522
Tlin03004-RA	GO:0009982
Tlin03004-RA	GO:0003723
Tlin03004-RA	GO:0003723
Tlin03004-RA	GO:0009451
Tlin03004-RA	GO:0009982
Tlin03004-RA	GO:0001522
Tlin03004-RA	GO:0009982
Tlin03004-RA	GO:0003723
Tlin03004-RA	GO:0003723
Tlin03004-RA	GO:0009451
Tlin03004-RA	GO:0009982
Tlin03004-RA	GO:0001522
Tlin01244-RA	GO:0005515
Tlin01244-RA	GO:0005515
Tlin07139-RA	GO:0016887
Tlin07139-RA	GO:0005524
Tlin07139-RA	GO:0016887
Tlin07139-RA	GO:0005524
Tlin07139-RA	GO:0016887
Tlin07139-RA	GO:0005524
Tlin07139-RA	GO:0016887
Tlin07139-RA	GO:0005524
Tlin10587-RA	GO:0140359
Tlin10587-RA	GO:0016020
Tlin10587-RA	GO:0005524
Tlin10587-RA	GO:0016020
Tlin10587-RA	GO:0055085
Tlin10587-RA	GO:0140359
Tlin10587-RA	GO:0005524
Tlin10587-RA	GO:0016020
Tlin10587-RA	GO:0055085
Tlin10587-RA	GO:0140359
Tlin10587-RA	GO:0005524
Tlin10587-RA	GO:0016020
Tlin10587-RA	GO:0005524
Tlin10587-RA	GO:0005524
Tlin10587-RA	GO:0005524
Tlin10587-RA	GO:0016020
Tlin10587-RA	GO:0005524
Tlin10587-RA	GO:0016887
Tlin10587-RA	GO:0005524
Tlin10587-RA	GO:0016020
Tlin10587-RA	GO:0005524
Tlin10587-RA	GO:0016887
Tlin10587-RA	GO:0005524
Tlin12350-RA	GO:0006468
Tlin12350-RA	GO:0004672
Tlin12350-RA	GO:0005524
Tlin12350-RA	GO:0006468
Tlin12350-RA	GO:0004672
Tlin09049-RA	GO:0005515
Tlin09049-RA	GO:0005515
Tlin09049-RA	GO:0005515
Tlin02564-RA	GO:0005515
Tlin02564-RA	GO:0005515
Tlin07169-RA	GO:0006355
Tlin07169-RA	GO:0003700
Tlin07169-RA	GO:0005840
Tlin07169-RA	GO:0006412
Tlin07169-RA	GO:0019843
Tlin07169-RA	GO:0003735
Tlin07169-RA	GO:0016602
Tlin07169-RA	GO:0003677
Tlin07169-RA	GO:0006355
Tlin07169-RA	GO:0003700
Tlin07169-RA	GO:0005840
Tlin07169-RA	GO:0006412
Tlin07169-RA	GO:0019843
Tlin07169-RA	GO:0003735
Tlin04778-RA	GO:0005524
Tlin04778-RA	GO:0006090
Tlin04778-RA	GO:0006094
Tlin04778-RA	GO:0004736
Tlin00994-RA	GO:0005525
Tlin00594-RA	GO:0030976
Tlin00594-RA	GO:0030976
Tlin00594-RA	GO:0000287
Tlin00594-RA	GO:0030976
Tlin00594-RA	GO:0030976
Tlin00594-RA	GO:0003824
Tlin06005-RA	GO:0008134
Tlin06005-RA	GO:0003712
Tlin06005-RA	GO:0003723
Tlin06005-RA	GO:0003676
Tlin12764-RA	GO:0016787
Tlin04309-RA	GO:0016491
Tlin04309-RA	GO:0009226
Tlin00755-RA	GO:0005515
Tlin00755-RA	GO:0005515
Tlin00755-RA	GO:0006355
Tlin00755-RA	GO:0043565
Tlin00755-RA	GO:0003700
Tlin00755-RA	GO:0006355
Tlin00755-RA	GO:0043565
Tlin00755-RA	GO:0003700
Tlin00755-RA	GO:0006355
Tlin00755-RA	GO:0043565
Tlin00755-RA	GO:0003700
Tlin08935-RA	GO:0035735
Tlin07282-RA	GO:0016757
Tlin07282-RA	GO:0016020
Tlin07282-RA	GO:0030166
Tlin07282-RA	GO:0030158
Tlin09614-RA	GO:0005515
Tlin02159-RA	GO:0005524
Tlin02159-RA	GO:0005524
Tlin02159-RA	GO:0006468
Tlin02159-RA	GO:0004672
Tlin02159-RA	GO:0006468
Tlin02159-RA	GO:0004672
Tlin07370-RA	GO:0031122
Tlin07370-RA	GO:0008017
Tlin07370-RA	GO:0031122
Tlin07370-RA	GO:0008017
Tlin07370-RA	GO:0030705
Tlin08465-RA	GO:0008073
Tlin08465-RA	GO:0008073
Tlin05292-RA	GO:0006816
Tlin04424-RA	GO:0006468
Tlin04424-RA	GO:0004672
Tlin04424-RA	GO:0005524
Tlin04424-RA	GO:0006468
Tlin04424-RA	GO:0004672
Tlin04424-RA	GO:0005524
Tlin09064-RA	GO:0070286
Tlin09064-RA	GO:0005858
Tlin05387-RA	GO:0006979
Tlin05387-RA	GO:0020037
Tlin05387-RA	GO:0042744
Tlin05387-RA	GO:0004096
Tlin05387-RA	GO:0004096
Tlin05387-RA	GO:0020037
Tlin05387-RA	GO:0004096
Tlin05387-RA	GO:0020037
Tlin05387-RA	GO:0006979
Tlin05387-RA	GO:0020037
Tlin05387-RA	GO:0004096
Tlin05387-RA	GO:0020037
Tlin05358-RA	GO:0005515
Tlin05358-RA	GO:0005515
Tlin05358-RA	GO:0005515
Tlin05358-RA	GO:0005515
Tlin05358-RA	GO:0005515
Tlin02874-RA	GO:0006355
Tlin02874-RA	GO:0000981
Tlin02874-RA	GO:0003677
Tlin02874-RA	GO:0003677
Tlin03490-RA	GO:0016757
Tlin03490-RA	GO:0016757
Tlin01495-RA	GO:0005515
Tlin01495-RA	GO:0005515
Tlin01495-RA	GO:0005515
Tlin01495-RA	GO:0008270
Tlin01495-RA	GO:0008270
Tlin05019-RA	GO:0006644
Tlin05019-RA	GO:0050482
Tlin05019-RA	GO:0004623
Tlin05019-RA	GO:0006644
Tlin05019-RA	GO:0050482
Tlin05019-RA	GO:0004623
Tlin05019-RA	GO:0006644
Tlin05019-RA	GO:0050482
Tlin05019-RA	GO:0004623
Tlin08741-RA	GO:0003723
Tlin08741-RA	GO:0003723
Tlin08741-RA	GO:0003723
Tlin08741-RA	GO:0003676
Tlin08741-RA	GO:0003676
Tlin13311-RA	GO:0005515
Tlin07742-RA	GO:0005515
Tlin07742-RA	GO:0006099
Tlin07742-RA	GO:0030976
Tlin07742-RA	GO:0004591
Tlin07742-RA	GO:0016624
Tlin03569-RA	GO:0016491
Tlin07811-RA	GO:0015629
Tlin07811-RA	GO:0030833
Tlin07811-RA	GO:0034314
Tlin07811-RA	GO:0005885
Tlin07811-RA	GO:0015629
Tlin07811-RA	GO:0034314
Tlin07811-RA	GO:0005885
Tlin07811-RA	GO:0015629
Tlin07811-RA	GO:0030833
Tlin07811-RA	GO:0034314
Tlin07811-RA	GO:0005885
Tlin00554-RA	GO:0016020
Tlin00554-RA	GO:0006506
Tlin00554-RA	GO:0016020
Tlin00554-RA	GO:0006506
Tlin10369-RA	GO:0003677
Tlin10369-RA	GO:0003677
Tlin10369-RA	GO:0003677
Tlin10369-RA	GO:0003677
Tlin00880-RA	GO:0005549
Tlin00880-RA	GO:0007608
Tlin00880-RA	GO:0016020
Tlin00880-RA	GO:0004984
Tlin00880-RA	GO:0005549
Tlin00880-RA	GO:0007608
Tlin00880-RA	GO:0016020
Tlin00880-RA	GO:0004984
Tlin00880-RA	GO:0005549
Tlin00880-RA	GO:0007608
Tlin00880-RA	GO:0016020
Tlin00880-RA	GO:0004984
Tlin01956-RA	GO:0140658
Tlin01956-RA	GO:0005524
Tlin01956-RA	GO:0035556
Tlin08897-RA	GO:0005515
Tlin08897-RA	GO:0005515
Tlin08897-RA	GO:0005515
Tlin08897-RA	GO:0005515
Tlin08897-RA	GO:0005515
Tlin08897-RA	GO:0005515
Tlin08897-RA	GO:0006559
Tlin08897-RA	GO:0006570
Tlin08897-RA	GO:0004411
Tlin08897-RA	GO:0005515
Tlin08897-RA	GO:0005515
Tlin10903-RA	GO:0005840
Tlin10903-RA	GO:0006412
Tlin10903-RA	GO:0003735
Tlin10903-RA	GO:0006412
Tlin10903-RA	GO:0015935
Tlin10903-RA	GO:0003735
Tlin10903-RA	GO:0005840
Tlin10903-RA	GO:0006412
Tlin10903-RA	GO:0003735
Tlin10903-RA	GO:0005840
Tlin10903-RA	GO:0006412
Tlin10903-RA	GO:0003735
Tlin01120-RA	GO:0016575
Tlin01120-RA	GO:0004407
Tlin12819-RA	GO:0016638
Tlin12819-RA	GO:0008615
Tlin12819-RA	GO:0010181
Tlin12819-RA	GO:0004733
Tlin00029-RA	GO:0005515
Tlin00029-RA	GO:0005515
Tlin11747-RA	GO:0006355
Tlin11747-RA	GO:0043565
Tlin11747-RA	GO:0003700
Tlin11747-RA	GO:0006355
Tlin11747-RA	GO:0043565
Tlin11747-RA	GO:0003700
Tlin06605-RA	GO:0005524
Tlin06605-RA	GO:0005515
Tlin06605-RA	GO:0005515
Tlin06605-RA	GO:0006468
Tlin06605-RA	GO:0004672
Tlin06605-RA	GO:0005515
Tlin11920-RA	GO:0005515
Tlin11920-RA	GO:0005515
Tlin11920-RA	GO:0008270
Tlin11920-RA	GO:0006355
Tlin11920-RA	GO:0003712
Tlin11920-RA	GO:0006355
Tlin11920-RA	GO:0003712
Tlin11920-RA	GO:0006355
Tlin11920-RA	GO:0016573
Tlin11920-RA	GO:0004402
Tlin11920-RA	GO:0008270
Tlin11920-RA	GO:0006355
Tlin11920-RA	GO:0016573
Tlin11920-RA	GO:0004402
Tlin11920-RA	GO:0006355
Tlin11920-RA	GO:0003712
Tlin11920-RA	GO:0005515
Tlin11920-RA	GO:0003713
Tlin11920-RA	GO:0004402
Tlin11920-RA	GO:0005634
Tlin11920-RA	GO:0006355
Tlin11920-RA	GO:0016573
Tlin11920-RA	GO:0000123
Tlin07475-RA	GO:0005515
Tlin07475-RA	GO:0005515
Tlin07475-RA	GO:0005515
Tlin07475-RA	GO:0006508
Tlin07475-RA	GO:0004252
Tlin07475-RA	GO:0006508
Tlin07475-RA	GO:0004252
Tlin07475-RA	GO:0005515
Tlin07475-RA	GO:0005515
Tlin07475-RA	GO:0005515
Tlin07475-RA	GO:0005515
Tlin07475-RA	GO:0005515
Tlin07475-RA	GO:0005515
Tlin07475-RA	GO:0005515
Tlin07475-RA	GO:0005515
Tlin07475-RA	GO:0005515
Tlin07475-RA	GO:0005515
Tlin07475-RA	GO:0006508
Tlin07475-RA	GO:0004252
Tlin07932-RA	GO:0006529
Tlin07932-RA	GO:0004066
Tlin07932-RA	GO:0006529
Tlin07932-RA	GO:0004066
Tlin13033-RA	GO:0003918
Tlin13033-RA	GO:0005524
Tlin13033-RA	GO:0003677
Tlin13033-RA	GO:0005524
Tlin13033-RA	GO:0003918
Tlin06417-RA	GO:0016020
Tlin06417-RA	GO:0015276
Tlin06417-RA	GO:0016020
Tlin06417-RA	GO:0004970
Tlin06417-RA	GO:0016298
Tlin06417-RA	GO:0006629
Tlin06417-RA	GO:0016298
Tlin06417-RA	GO:0005975
Tlin06417-RA	GO:0004553
Tlin06417-RA	GO:0005975
Tlin04540-RA	GO:0016020
Tlin04540-RA	GO:0005524
Tlin04540-RA	GO:0016887
Tlin04540-RA	GO:0005524
Tlin04540-RA	GO:0016020
Tlin04540-RA	GO:0005524
Tlin04540-RA	GO:0016020
Tlin04540-RA	GO:0005524
Tlin04540-RA	GO:0005524
Tlin04540-RA	GO:0016887
Tlin04540-RA	GO:0005524
Tlin04540-RA	GO:0005524
Tlin04540-RA	GO:0016020
Tlin04540-RA	GO:0005524
Tlin04540-RA	GO:0016020
Tlin04540-RA	GO:0055085
Tlin04540-RA	GO:0140359
Tlin04540-RA	GO:0005524
Tlin04540-RA	GO:0016020
Tlin04540-RA	GO:0055085
Tlin04540-RA	GO:0140359
Tlin04540-RA	GO:0005524
Tlin06278-RA	GO:0003677
Tlin06278-RA	GO:0006355
Tlin06278-RA	GO:0000981
Tlin06278-RA	GO:0003677
Tlin13250-RA	GO:0005549
Tlin13250-RA	GO:0007608
Tlin13250-RA	GO:0016020
Tlin13250-RA	GO:0004984
Tlin13250-RA	GO:0005549
Tlin13250-RA	GO:0007608
Tlin13250-RA	GO:0016020
Tlin13250-RA	GO:0004984
Tlin13250-RA	GO:0005549
Tlin13250-RA	GO:0007608
Tlin13250-RA	GO:0016020
Tlin13250-RA	GO:0004984
Tlin06135-RA	GO:0007186
Tlin06135-RA	GO:0016020
Tlin06135-RA	GO:0004930
Tlin06135-RA	GO:0007186
Tlin06135-RA	GO:0016020
Tlin06135-RA	GO:0004930
Tlin12959-RA	GO:0022857
Tlin12959-RA	GO:0055085
Tlin12959-RA	GO:0016020
Tlin12959-RA	GO:0022857
Tlin12959-RA	GO:0055085
Tlin12959-RA	GO:0016020
Tlin12749-RA	GO:0022857
Tlin12749-RA	GO:0055085
Tlin12749-RA	GO:0016020
Tlin12749-RA	GO:0022857
Tlin12749-RA	GO:0055085
Tlin12749-RA	GO:0016020
Tlin11362-RA	GO:0004518
Tlin00145-RA	GO:0008270
Tlin00145-RA	GO:0003676
Tlin00145-RA	GO:0008270
Tlin00145-RA	GO:0003676
Tlin00145-RA	GO:0008270
Tlin00145-RA	GO:0016567
Tlin00145-RA	GO:0061630
Tlin00145-RA	GO:0006397
Tlin05043-RA	GO:0005524
Tlin05043-RA	GO:0006468
Tlin05043-RA	GO:0004672
Tlin05043-RA	GO:0006468
Tlin05043-RA	GO:0004672
Tlin05043-RA	GO:0004672
Tlin09356-RA	GO:0008270
Tlin09356-RA	GO:0004089
Tlin09356-RA	GO:0008270
Tlin09356-RA	GO:0004089
Tlin02425-RA	GO:0006979
Tlin02425-RA	GO:0020037
Tlin02425-RA	GO:0004601
Tlin01051-RA	GO:0016887
Tlin01051-RA	GO:0005524
Tlin01051-RA	GO:0005524
Tlin03025-RA	GO:0050909
Tlin03025-RA	GO:0016020
Tlin03709-RA	GO:0034998
Tlin03709-RA	GO:0006487
Tlin03709-RA	GO:0034998
Tlin03709-RA	GO:0006487
Tlin08871-RA	GO:0006508
Tlin08871-RA	GO:0004252
Tlin08871-RA	GO:0006508
Tlin08871-RA	GO:0004252
Tlin13987-RA	GO:0016614
Tlin13987-RA	GO:0050660
Tlin13987-RA	GO:0016614
Tlin13987-RA	GO:0050660
Tlin13987-RA	GO:0016614
Tlin13987-RA	GO:0050660
Tlin13987-RA	GO:0050660
Tlin13987-RA	GO:0016614
Tlin09392-RA	GO:0031419
Tlin09392-RA	GO:0015889
Tlin09454-RA	GO:0006355
Tlin09454-RA	GO:0000981
Tlin09454-RA	GO:0003677
Tlin09454-RA	GO:0003677
Tlin03869-RA	GO:0006508
Tlin03869-RA	GO:0004252
Tlin03869-RA	GO:0006508
Tlin03869-RA	GO:0004252
Tlin03869-RA	GO:0006508
Tlin03869-RA	GO:0004252
Tlin12688-RA	GO:0070006
Tlin12688-RA	GO:0006508
Tlin08172-RA	GO:0000398
Tlin08172-RA	GO:0046540
Tlin08172-RA	GO:0000244
Tlin00566-RA	GO:0055085
Tlin00566-RA	GO:0022857
Tlin05781-RA	GO:0006355
Tlin05781-RA	GO:0043565
Tlin05781-RA	GO:0003700
Tlin05781-RA	GO:0006357
Tlin05781-RA	GO:0003700
Tlin05781-RA	GO:0006355
Tlin05781-RA	GO:0043565
Tlin05781-RA	GO:0003700
Tlin05781-RA	GO:0006355
Tlin05781-RA	GO:0043565
Tlin05781-RA	GO:0003700
Tlin04110-RA	GO:0006413
Tlin04110-RA	GO:0003743
Tlin04110-RA	GO:0006413
Tlin04110-RA	GO:0003743
Tlin04110-RA	GO:0006413
Tlin04110-RA	GO:0003743
Tlin04110-RA	GO:0006413
Tlin04110-RA	GO:0003743
Tlin12536-RA	GO:0004445
Tlin12487-RA	GO:0050660
Tlin12487-RA	GO:0016614
Tlin12487-RA	GO:0050660
Tlin12487-RA	GO:0016614
Tlin12487-RA	GO:0050660
Tlin12487-RA	GO:0016614
Tlin12487-RA	GO:0050660
Tlin12487-RA	GO:0016614
Tlin01098-RA	GO:0050661
Tlin01098-RA	GO:0051287
Tlin01098-RA	GO:0016491
Tlin03827-RA	GO:0005737
Tlin03827-RA	GO:0019310
Tlin03827-RA	GO:0050113
Tlin03827-RA	GO:0005506
Tlin03827-RA	GO:0005737
Tlin03827-RA	GO:0019310
Tlin03827-RA	GO:0050113
Tlin03827-RA	GO:0005506
Tlin06810-RA	GO:0005549
Tlin06810-RA	GO:0007608
Tlin06810-RA	GO:0016020
Tlin06810-RA	GO:0004984
Tlin06810-RA	GO:0005549
Tlin06810-RA	GO:0007608
Tlin06810-RA	GO:0016020
Tlin06810-RA	GO:0004984
Tlin01990-RA	GO:0036055
Tlin01990-RA	GO:0070403
Tlin01990-RA	GO:0036054
Tlin01990-RA	GO:0070403
Tlin12540-RA	GO:0016020
Tlin12540-RA	GO:0071805
Tlin12540-RA	GO:0005267
Tlin10389-RA	GO:0003677
Tlin10389-RA	GO:0003677
Tlin03749-RA	GO:0006511
Tlin03749-RA	GO:0006511
Tlin11324-RA	GO:0005515
Tlin11324-RA	GO:0005515
Tlin00578-RA	GO:0005515
Tlin00578-RA	GO:0005515
Tlin00578-RA	GO:0005515
Tlin00578-RA	GO:0005515
Tlin00578-RA	GO:1904684
Tlin00578-RA	GO:0008191
Tlin00578-RA	GO:0005515
Tlin00578-RA	GO:0005515
Tlin10359-RA	GO:0006468
Tlin10359-RA	GO:0004672
Tlin10359-RA	GO:0006468
Tlin10359-RA	GO:0004672
Tlin01204-RA	GO:0006355
Tlin01204-RA	GO:0003713
Tlin09091-RA	GO:0031145
Tlin09091-RA	GO:0005680
Tlin09091-RA	GO:0031145
Tlin09091-RA	GO:0005680
Tlin06705-RA	GO:0008234
Tlin06705-RA	GO:0006508
Tlin06705-RA	GO:0008234
Tlin12669-RA	GO:0007186
Tlin12669-RA	GO:0016020
Tlin12669-RA	GO:0004930
Tlin00013-RA	GO:0005515
Tlin00013-RA	GO:0005515
Tlin00013-RA	GO:0006886
Tlin00013-RA	GO:0005515
Tlin00013-RA	GO:0005515
Tlin11650-RA	GO:0005549
Tlin11650-RA	GO:0005549
Tlin11650-RA	GO:0005549
Tlin05518-RA	GO:0005515
Tlin04544-RA	GO:0006468
Tlin04544-RA	GO:0004672
Tlin04544-RA	GO:0005524
Tlin04544-RA	GO:0005524
Tlin04544-RA	GO:0006468
Tlin04544-RA	GO:0004672
Tlin05098-RA	GO:0005515
Tlin05098-RA	GO:0005515
Tlin04193-RA	GO:0005524
Tlin04193-RA	GO:0005694
Tlin04193-RA	GO:0051276
Tlin04193-RA	GO:0005515
Tlin04193-RA	GO:0005524
Tlin04193-RA	GO:0005694
Tlin04193-RA	GO:0051276
Tlin04193-RA	GO:0005515
Tlin02144-RA	GO:0016020
Tlin02144-RA	GO:0004970
Tlin02144-RA	GO:0016020
Tlin02144-RA	GO:0004970
Tlin02144-RA	GO:0016020
Tlin02144-RA	GO:0015276
Tlin02144-RA	GO:0016020
Tlin02144-RA	GO:0015276
Tlin05977-RA	GO:0005794
Tlin05977-RA	GO:0005515
Tlin05977-RA	GO:0005515
Tlin05977-RA	GO:0005515
Tlin07198-RA	GO:0035091
Tlin07198-RA	GO:0035091
Tlin07198-RA	GO:0035091
Tlin07584-RA	GO:0005085
Tlin07584-RA	GO:0005085
Tlin07584-RA	GO:0005085
Tlin06965-RA	GO:0006325
Tlin06965-RA	GO:0005515
Tlin06965-RA	GO:0005515
Tlin06965-RA	GO:0005515
Tlin06965-RA	GO:0005515
Tlin03390-RA	GO:0005524
Tlin03390-RA	GO:0007018
Tlin03390-RA	GO:0008017
Tlin03390-RA	GO:0003777
Tlin03390-RA	GO:0005524
Tlin03390-RA	GO:0007018
Tlin03390-RA	GO:0003777
Tlin03390-RA	GO:0007018
Tlin03390-RA	GO:0003777
Tlin07836-RA	GO:0005515
Tlin07836-RA	GO:0005515
Tlin07836-RA	GO:0005515
Tlin07836-RA	GO:0005515
Tlin07836-RA	GO:0097027
Tlin07836-RA	GO:1904668
Tlin07836-RA	GO:0010997
Tlin12401-RA	GO:0015074
Tlin12401-RA	GO:0003676
Tlin03193-RA	GO:0006508
Tlin03193-RA	GO:0004252
Tlin03193-RA	GO:0006508
Tlin03193-RA	GO:0004252
Tlin03193-RA	GO:0006508
Tlin03193-RA	GO:0004252
Tlin05491-RA	GO:0005761
Tlin05491-RA	GO:0006412
Tlin05491-RA	GO:0003735
Tlin05491-RA	GO:0005761
Tlin05491-RA	GO:0006412
Tlin05491-RA	GO:0003735
Tlin03405-RA	GO:0005515
Tlin03405-RA	GO:0005515
Tlin03405-RA	GO:0005515
Tlin03405-RA	GO:0005515
Tlin03405-RA	GO:0005515
Tlin09068-RA	GO:0005975
Tlin09068-RA	GO:0005991
Tlin09068-RA	GO:0004555
Tlin09068-RA	GO:0005975
Tlin09068-RA	GO:0005991
Tlin09068-RA	GO:0004555
Tlin09068-RA	GO:0005991
Tlin09068-RA	GO:0004555
Tlin09068-RA	GO:0005991
Tlin09068-RA	GO:0004555
Tlin05129-RA	GO:0000030
Tlin05129-RA	GO:0016757
Tlin03933-RA	GO:0016620
Tlin03933-RA	GO:0051287
Tlin03933-RA	GO:0016620
Tlin02304-RA	GO:0003824
Tlin02304-RA	GO:0003824
Tlin03340-RA	GO:0015031
Tlin03340-RA	GO:0015031
Tlin11711-RA	GO:0046983
Tlin11711-RA	GO:0046983
Tlin11711-RA	GO:0005515
Tlin11711-RA	GO:0046983
Tlin11711-RA	GO:0005515
Tlin03883-RA	GO:0005515
Tlin03883-RA	GO:0005515
Tlin03883-RA	GO:0005515
Tlin08130-RA	GO:0016020
Tlin01390-RA	GO:0051568
Tlin01390-RA	GO:0048188
Tlin01390-RA	GO:0005515
Tlin02971-RA	GO:0005515
Tlin09871-RA	GO:0005515
Tlin09871-RA	GO:0005515
Tlin10687-RA	GO:0004146
Tlin10687-RA	GO:0006545
Tlin10687-RA	GO:0046654
Tlin10687-RA	GO:0050661
Tlin10687-RA	GO:0004146
Tlin10687-RA	GO:0046654
Tlin10687-RA	GO:0004146
Tlin10687-RA	GO:0046654
Tlin10687-RA	GO:0004146
Tlin07576-RA	GO:0006334
Tlin07576-RA	GO:0005634
Tlin07576-RA	GO:0006334
Tlin07576-RA	GO:0005634
Tlin06963-RA	GO:1901135
Tlin06963-RA	GO:0097367
Tlin06963-RA	GO:1901135
Tlin06963-RA	GO:0097367
Tlin06963-RA	GO:1901135
Tlin06963-RA	GO:0097367
Tlin10972-RA	GO:0055085
Tlin10972-RA	GO:0022857
Tlin04063-RA	GO:0016020
Tlin04063-RA	GO:0004190
Tlin04063-RA	GO:0016020
Tlin04063-RA	GO:0004190
Tlin11285-RA	GO:0016020
Tlin14842-RA	GO:0015074
Tlin14842-RA	GO:0003676
Tlin05736-RA	GO:0016020
Tlin05736-RA	GO:0016020
Tlin05736-RA	GO:0005740
Tlin05538-RA	GO:0006508
Tlin05538-RA	GO:0016920
Tlin05538-RA	GO:0005829
Tlin03904-RA	GO:0005515
Tlin03904-RA	GO:0005515
Tlin02963-RA	GO:0022857
Tlin02963-RA	GO:0055085
Tlin02963-RA	GO:0016020
Tlin02963-RA	GO:0022857
Tlin02963-RA	GO:0055085
Tlin02963-RA	GO:0016020
Tlin11566-RA	GO:0005515
Tlin11120-RA	GO:0051539
Tlin11120-RA	GO:0035596
Tlin11120-RA	GO:0051539
Tlin11120-RA	GO:0051536
Tlin11120-RA	GO:0003824
Tlin04894-RA	GO:0007186
Tlin04894-RA	GO:0016020
Tlin04894-RA	GO:0004930
Tlin04894-RA	GO:0007186
Tlin04894-RA	GO:0016020
Tlin04894-RA	GO:0004930
Tlin07036-RA	GO:0008168
Tlin07036-RA	GO:0006412
Tlin00371-RA	GO:0005515
Tlin05641-RA	GO:0008237
Tlin05641-RA	GO:0006508
Tlin05641-RA	GO:0004222
Tlin14228-RA	GO:0016020
Tlin14228-RA	GO:0016485
Tlin14228-RA	GO:0004190
Tlin14228-RA	GO:0016020
Tlin14228-RA	GO:0016485
Tlin14228-RA	GO:0004190
Tlin12767-RA	GO:0032366
Tlin12767-RA	GO:0005246
Tlin12767-RA	GO:0005515
Tlin01486-RA	GO:0007264
Tlin01486-RA	GO:0005085
Tlin01486-RA	GO:0007264
Tlin01486-RA	GO:0005085
Tlin01486-RA	GO:0007264
Tlin01486-RA	GO:0005085
Tlin01486-RA	GO:0007264
Tlin01486-RA	GO:0005085
Tlin01486-RA	GO:0007264
Tlin01486-RA	GO:0005085
Tlin05427-RA	GO:0003714
Tlin08036-RA	GO:0016192
Tlin08036-RA	GO:0045010
Tlin08036-RA	GO:0003779
Tlin11643-RA	GO:0009055
Tlin11643-RA	GO:0009055
Tlin10834-RA	GO:0006542
Tlin10834-RA	GO:0006807
Tlin10834-RA	GO:0004356
Tlin10834-RA	GO:0003824
Tlin10834-RA	GO:0006807
Tlin10834-RA	GO:0004356
Tlin10834-RA	GO:0006542
Tlin10834-RA	GO:0006807
Tlin10834-RA	GO:0004356
Tlin10834-RA	GO:0006542
Tlin10834-RA	GO:0006807
Tlin10834-RA	GO:0004356
Tlin00211-RA	GO:0045947
Tlin00211-RA	GO:0008190
Tlin00498-RA	GO:0006415
Tlin00498-RA	GO:0003747
Tlin07977-RA	GO:0051536
Tlin07977-RA	GO:0009055
Tlin07977-RA	GO:0051537
Tlin07977-RA	GO:0051536
Tlin07977-RA	GO:0051536
Tlin07977-RA	GO:0051536
Tlin08210-RA	GO:0005509
Tlin08210-RA	GO:0005509
Tlin08210-RA	GO:0005509
Tlin11195-RA	GO:0016887
Tlin11195-RA	GO:0005524
Tlin11195-RA	GO:0016887
Tlin11195-RA	GO:0005524
Tlin12971-RA	GO:0008569
Tlin12971-RA	GO:0030286
Tlin12971-RA	GO:0045505
Tlin12971-RA	GO:0051959
Tlin12971-RA	GO:0007018
Tlin12971-RA	GO:0008569
Tlin12971-RA	GO:0030286
Tlin12971-RA	GO:0007018
Tlin02834-RA	GO:0006508
Tlin02834-RA	GO:0005838
Tlin05554-RA	GO:0016787
Tlin05554-RA	GO:0005515
Tlin05554-RA	GO:0005515
Tlin01161-RA	GO:0006396
Tlin01161-RA	GO:0000178
Tlin11257-RA	GO:0006412
Tlin14329-RA	GO:0046872
Tlin14329-RA	GO:0006801
Tlin14329-RA	GO:0046872
Tlin14329-RA	GO:0006801
Tlin14329-RA	GO:0046872
Tlin14329-RA	GO:0006801
Tlin14329-RA	GO:0005507
Tlin14329-RA	GO:0046872
Tlin14329-RA	GO:0006801
Tlin02702-RA	GO:0008236
Tlin02702-RA	GO:0006508
Tlin07965-RA	GO:0005975
Tlin07965-RA	GO:0004553
Tlin07965-RA	GO:0005975
Tlin07965-RA	GO:0004553
Tlin01507-RA	GO:0003723
Tlin01507-RA	GO:0003676
Tlin00961-RA	GO:0035556
Tlin00961-RA	GO:0009190
Tlin00961-RA	GO:0035556
Tlin00961-RA	GO:0009190
Tlin00961-RA	GO:0006182
Tlin00961-RA	GO:0004383
Tlin01276-RA	GO:0050909
Tlin01276-RA	GO:0016020
Tlin01276-RA	GO:0050909
Tlin01276-RA	GO:0016020
Tlin05590-RA	GO:0005737
Tlin05590-RA	GO:0005737
Tlin07011-RA	GO:0016624
Tlin10358-RA	GO:0006468
Tlin10358-RA	GO:0004672
Tlin10358-RA	GO:0006468
Tlin10358-RA	GO:0004672
Tlin06645-RA	GO:0008283
Tlin06645-RA	GO:0006974
Tlin00979-RA	GO:0005524
Tlin00979-RA	GO:0003676
Tlin01366-RA	GO:0009982
Tlin01366-RA	GO:0003723
Tlin01366-RA	GO:0031119
Tlin01366-RA	GO:0009982
Tlin01366-RA	GO:0003723
Tlin01366-RA	GO:0009451
Tlin01366-RA	GO:0009982
Tlin01366-RA	GO:0001522
Tlin01366-RA	GO:0009982
Tlin01366-RA	GO:0003723
Tlin01366-RA	GO:0003723
Tlin01366-RA	GO:0009451
Tlin01366-RA	GO:0009982
Tlin01366-RA	GO:0001522
Tlin01366-RA	GO:0003723
Tlin01366-RA	GO:0009451
Tlin01366-RA	GO:0009982
Tlin01366-RA	GO:0001522
Tlin01020-RA	GO:0005515
Tlin01020-RA	GO:0005515
Tlin01020-RA	GO:0005515
Tlin01020-RA	GO:0005515
Tlin01020-RA	GO:0005515
Tlin02400-RA	GO:0008270
Tlin02400-RA	GO:0008237
Tlin02400-RA	GO:0005669
Tlin11250-RA	GO:0003700
Tlin11250-RA	GO:0006355
Tlin11250-RA	GO:0003677
Tlin02466-RA	GO:0008270
Tlin02466-RA	GO:0004089
Tlin07188-RA	GO:0007186
Tlin07188-RA	GO:0016020
Tlin07188-RA	GO:0004930
Tlin07188-RA	GO:0003677
Tlin07188-RA	GO:0007186
Tlin07188-RA	GO:0016020
Tlin07188-RA	GO:0004930
Tlin07188-RA	GO:0006355
Tlin07188-RA	GO:0000981
Tlin07188-RA	GO:0003677
Tlin12646-RA	GO:0006886
Tlin12646-RA	GO:0016192
Tlin12646-RA	GO:0030126
Tlin12646-RA	GO:0005198
Tlin12646-RA	GO:0006886
Tlin12646-RA	GO:0005737
Tlin12646-RA	GO:0016192
Tlin12646-RA	GO:0030117
Tlin12646-RA	GO:0006886
Tlin08631-RA	GO:0006813
Tlin08631-RA	GO:0006814
Tlin08631-RA	GO:0005890
Tlin08631-RA	GO:0006813
Tlin08631-RA	GO:0006814
Tlin08631-RA	GO:0005890
Tlin08631-RA	GO:0005549
Tlin08631-RA	GO:0007608
Tlin08631-RA	GO:0016020
Tlin08631-RA	GO:0004984
Tlin08631-RA	GO:0006813
Tlin08631-RA	GO:0006814
Tlin08631-RA	GO:0005890
Tlin00767-RA	GO:0003713
Tlin09623-RA	GO:0032222
Tlin09623-RA	GO:1903818
Tlin09623-RA	GO:0030431
Tlin02680-RA	GO:0006367
Tlin02680-RA	GO:0005672
Tlin02680-RA	GO:0006367
Tlin02680-RA	GO:0005672
Tlin02680-RA	GO:0006367
Tlin02680-RA	GO:0005672
Tlin02680-RA	GO:0006367
Tlin02680-RA	GO:0005672
Tlin00216-RA	GO:0006506
Tlin00216-RA	GO:0005789
Tlin00216-RA	GO:0006506
Tlin08391-RA	GO:0005515
Tlin04323-RA	GO:0005515
Tlin04323-RA	GO:0005515
Tlin04323-RA	GO:0005515
Tlin01582-RA	GO:0016020
Tlin01582-RA	GO:0005783
Tlin01582-RA	GO:0016020
Tlin01582-RA	GO:0005783
Tlin08499-RA	GO:0006260
Tlin08499-RA	GO:0003677
Tlin08499-RA	GO:0006261
Tlin08499-RA	GO:0008622
Tlin08499-RA	GO:0003677
Tlin02119-RA	GO:0043248
Tlin02119-RA	GO:0043248
Tlin06491-RA	GO:0006535
Tlin04941-RA	GO:0006259
Tlin04941-RA	GO:0004531
Tlin04355-RA	GO:0007018
Tlin04355-RA	GO:0005868
Tlin13714-RA	GO:0003677
Tlin13714-RA	GO:0046983
Tlin09394-RA	GO:0003677
Tlin09394-RA	GO:0005634
Tlin09394-RA	GO:0006260
Tlin09394-RA	GO:0000808
Tlin01989-RA	GO:0005515
Tlin01989-RA	GO:0005515
Tlin01947-RA	GO:0016020
Tlin01947-RA	GO:0015018
Tlin01947-RA	GO:0016020
Tlin01947-RA	GO:0015018
Tlin01947-RA	GO:0016020
Tlin01947-RA	GO:0015018
Tlin11157-RA	GO:0005515
Tlin05499-RA	GO:0061630
Tlin11211-RA	GO:0016491
Tlin00968-RA	GO:0051694
Tlin00968-RA	GO:0005523
Tlin00968-RA	GO:0005515
Tlin00968-RA	GO:0005515
Tlin00968-RA	GO:0051694
Tlin00968-RA	GO:0005523
Tlin13468-RA	GO:0005975
Tlin13468-RA	GO:0006282
Tlin13468-RA	GO:0004649
Tlin13468-RA	GO:0006282
Tlin13468-RA	GO:0004649
Tlin05105-RA	GO:0016020
Tlin12521-RA	GO:0003676
Tlin12521-RA	GO:0005515
Tlin12521-RA	GO:0005515
Tlin04299-RA	GO:0006869
Tlin04299-RA	GO:0008289
Tlin04299-RA	GO:0005576
Tlin02769-RA	GO:0004476
Tlin02769-RA	GO:0009298
Tlin02769-RA	GO:0004476
Tlin02769-RA	GO:0004476
Tlin02769-RA	GO:0008270
Tlin02769-RA	GO:0004476
Tlin06679-RA	GO:0003735
Tlin07087-RA	GO:0005515
Tlin07087-RA	GO:0005515
Tlin07087-RA	GO:0005515
Tlin07087-RA	GO:0006996
Tlin06292-RA	GO:0007186
Tlin06292-RA	GO:0016020
Tlin06292-RA	GO:0004930
Tlin06292-RA	GO:0007186
Tlin06292-RA	GO:0016020
Tlin06292-RA	GO:0004930
Tlin02833-RA	GO:0016020
Tlin02833-RA	GO:0005509
Tlin02833-RA	GO:0007155
Tlin02833-RA	GO:0005886
Tlin02833-RA	GO:0016020
Tlin02833-RA	GO:0005509
Tlin02833-RA	GO:0016020
Tlin02833-RA	GO:0005509
Tlin02833-RA	GO:0005515
Tlin02833-RA	GO:0005515
Tlin02833-RA	GO:0005515
Tlin02833-RA	GO:0005515
Tlin02833-RA	GO:0016020
Tlin02833-RA	GO:0005509
Tlin02833-RA	GO:0016020
Tlin02833-RA	GO:0005509
Tlin14555-RA	GO:0006313
Tlin14555-RA	GO:0004803
Tlin13429-RA	GO:0006508
Tlin13429-RA	GO:0004222
Tlin13429-RA	GO:0006508
Tlin13429-RA	GO:0004222
Tlin13429-RA	GO:0008237
Tlin13429-RA	GO:0006508
Tlin13429-RA	GO:0006508
Tlin13429-RA	GO:0004222
Tlin04576-RA	GO:0006357
Tlin04576-RA	GO:0016592
Tlin04576-RA	GO:0003712
Tlin04576-RA	GO:0006357
Tlin04576-RA	GO:0016592
Tlin04576-RA	GO:0003712
Tlin04658-RA	GO:0009235
Tlin04658-RA	GO:0009235
Tlin00062-RA	GO:0051260
Tlin00380-RA	GO:0016616
Tlin00380-RA	GO:0003824
Tlin00380-RA	GO:0016616
Tlin00380-RA	GO:0003824
Tlin12890-RA	GO:0003676
Tlin12890-RA	GO:0015074
Tlin13365-RA	GO:0032434
Tlin06796-RA	GO:0008270
Tlin06796-RA	GO:0005634
Tlin01725-RA	GO:0008236
Tlin01725-RA	GO:0006508
Tlin06851-RA	GO:0005789
Tlin10396-RA	GO:0019904
Tlin03866-RA	GO:0005576
Tlin03866-RA	GO:0005576
Tlin10945-RA	GO:0006120
Tlin10945-RA	GO:0005743
Tlin06529-RA	GO:0016887
Tlin06529-RA	GO:0005524
Tlin06529-RA	GO:0005524
Tlin03762-RA	GO:0016538
Tlin03762-RA	GO:0006357
Tlin01162-RA	GO:0008237
Tlin09126-RA	GO:0007165
Tlin09126-RA	GO:0007165
Tlin09126-RA	GO:0007264
Tlin09126-RA	GO:0005085
Tlin09126-RA	GO:0008081
Tlin09126-RA	GO:0006629
Tlin09126-RA	GO:0007264
Tlin09126-RA	GO:0005085
Tlin09126-RA	GO:0008081
Tlin09126-RA	GO:0006629
Tlin09126-RA	GO:0035556
Tlin09126-RA	GO:0006629
Tlin09126-RA	GO:0007165
Tlin09126-RA	GO:0035556
Tlin09126-RA	GO:0004435
Tlin06129-RA	GO:0005515
Tlin03682-RA	GO:0008270
Tlin03682-RA	GO:0005634
Tlin04613-RA	GO:0016491
Tlin04613-RA	GO:0016491
Tlin04256-RA	GO:0016614
Tlin04256-RA	GO:0050660
Tlin04256-RA	GO:0050660
Tlin04256-RA	GO:0016614
Tlin03018-RA	GO:0006355
Tlin03018-RA	GO:0000981
Tlin03018-RA	GO:0003677
Tlin03018-RA	GO:0006355
Tlin03018-RA	GO:0003677
Tlin03018-RA	GO:0003677
Tlin03018-RA	GO:0006355
Tlin03018-RA	GO:0003677
Tlin08981-RA	GO:0003676
Tlin08981-RA	GO:0003677
Tlin08981-RA	GO:0032968
Tlin08981-RA	GO:0006139
Tlin03678-RA	GO:0005509
Tlin03678-RA	GO:0005509
Tlin03678-RA	GO:0016020
Tlin03678-RA	GO:0004252
Tlin02263-RA	GO:0016020
Tlin02263-RA	GO:0009922
Tlin02263-RA	GO:0016020
Tlin02263-RA	GO:0009922
Tlin02263-RA	GO:0016020
Tlin02263-RA	GO:0009922
Tlin09877-RA	GO:0005515
Tlin09877-RA	GO:0005515
Tlin14613-RA	GO:0003779
Tlin06507-RA	GO:0005515
Tlin06507-RA	GO:0005515
Tlin06507-RA	GO:0005515
Tlin06507-RA	GO:0005515
Tlin06507-RA	GO:0005515
Tlin14571-RA	GO:0016020
Tlin14571-RA	GO:0016020
Tlin14571-RA	GO:0016020
Tlin14571-RA	GO:0016020
Tlin12180-RA	GO:0003676
Tlin12180-RA	GO:0015074
Tlin10801-RA	GO:0004867
Tlin10801-RA	GO:0004867
Tlin10801-RA	GO:0004867
Tlin12045-RA	GO:0005515
Tlin12045-RA	GO:0140658
Tlin12045-RA	GO:0005524
Tlin12045-RA	GO:0005515
Tlin12045-RA	GO:0016887
Tlin12344-RA	GO:0003824
Tlin12344-RA	GO:0030170
Tlin12344-RA	GO:0019346
Tlin12344-RA	GO:0030170
Tlin12344-RA	GO:0019346
Tlin12344-RA	GO:0003824
Tlin12344-RA	GO:0030170
Tlin12344-RA	GO:0019346
Tlin05082-RA	GO:0007098
Tlin05082-RA	GO:0005813
Tlin05082-RA	GO:0007098
Tlin05082-RA	GO:0005813
Tlin05082-RA	GO:0007098
Tlin05082-RA	GO:0005813
Tlin10501-RA	GO:0030001
Tlin10501-RA	GO:0046873
Tlin10501-RA	GO:0016020
Tlin10501-RA	GO:0030001
Tlin10501-RA	GO:0046873
Tlin10501-RA	GO:0016020
Tlin01130-RA	GO:0016020
Tlin01130-RA	GO:0006811
Tlin05205-RA	GO:0006364
Tlin05205-RA	GO:0005515
Tlin05205-RA	GO:0005515
Tlin03605-RA	GO:0042147
Tlin03605-RA	GO:1990745
Tlin03605-RA	GO:0032456
Tlin01324-RA	GO:0016020
Tlin01324-RA	GO:0016020
Tlin07242-RA	GO:0005515
Tlin07242-RA	GO:0005515
Tlin07242-RA	GO:0030686
Tlin07242-RA	GO:0000462
Tlin04006-RA	GO:0005524
Tlin04006-RA	GO:0006468
Tlin04006-RA	GO:0004672
Tlin04006-RA	GO:0005515
Tlin04006-RA	GO:0005515
Tlin04006-RA	GO:0005515
Tlin10293-RA	GO:0005525
Tlin10293-RA	GO:0003924
Tlin10293-RA	GO:0007264
Tlin10293-RA	GO:0005525
Tlin04550-RA	GO:0046961
Tlin04550-RA	GO:1902600
Tlin04550-RA	GO:0033179
Tlin04550-RA	GO:0046961
Tlin04550-RA	GO:1902600
Tlin04550-RA	GO:0033179
Tlin04887-RA	GO:0032039
Tlin04887-RA	GO:0016180
Tlin02515-RA	GO:0065003
Tlin02515-RA	GO:0005739
Tlin09268-RA	GO:0055085
Tlin09268-RA	GO:0022857
Tlin07713-RA	GO:0005515
Tlin07713-RA	GO:0005515
Tlin07713-RA	GO:0005515
Tlin07713-RA	GO:0005515
Tlin00976-RA	GO:0055085
Tlin00976-RA	GO:0022857
Tlin12441-RA	GO:0005515
Tlin12441-RA	GO:0005096
Tlin07838-RA	GO:0008233
Tlin07838-RA	GO:0008237
Tlin07838-RA	GO:0005515
Tlin07838-RA	GO:0005838
Tlin08051-RA	GO:0005524
Tlin01872-RA	GO:0003677
Tlin01872-RA	GO:0006355
Tlin01872-RA	GO:0000981
Tlin01872-RA	GO:0003677
Tlin11593-RA	GO:0005515
Tlin11593-RA	GO:0005515
Tlin11593-RA	GO:0005515
Tlin11738-RA	GO:0005524
Tlin11738-RA	GO:0006468
Tlin11738-RA	GO:0004672
Tlin11738-RA	GO:0005524
Tlin07192-RA	GO:0005515
Tlin07192-RA	GO:0005515
Tlin02774-RA	GO:0005085
Tlin01405-RA	GO:0004842
Tlin01405-RA	GO:0004842
Tlin01405-RA	GO:0061630
Tlin01405-RA	GO:0000209
Tlin01405-RA	GO:0004842
Tlin01405-RA	GO:0006629
Tlin08445-RA	GO:0000062
Tlin08445-RA	GO:0000062
Tlin09730-RA	GO:1902979
Tlin10596-RA	GO:0005977
Tlin10596-RA	GO:0005516
Tlin12297-RA	GO:0016020
Tlin12297-RA	GO:0016020
Tlin05366-RA	GO:0016020
Tlin05366-RA	GO:0016758
Tlin05366-RA	GO:0006486
Tlin05366-RA	GO:0016020
Tlin05366-RA	GO:0016758
Tlin05366-RA	GO:0006486
Tlin08395-RA	GO:0006364
Tlin08395-RA	GO:0034511
Tlin08395-RA	GO:0005730
Tlin08395-RA	GO:0006364
Tlin08395-RA	GO:0034511
Tlin08395-RA	GO:0005730
Tlin08395-RA	GO:0006364
Tlin08395-RA	GO:0034511
Tlin08395-RA	GO:0005730
Tlin07099-RA	GO:0006357
Tlin07099-RA	GO:0016592
Tlin07099-RA	GO:0003712
Tlin07099-RA	GO:0006357
Tlin07099-RA	GO:0016592
Tlin07099-RA	GO:0003712
Tlin05027-RA	GO:0035556
Tlin08910-RA	GO:0008270
Tlin08910-RA	GO:0008237
Tlin08910-RA	GO:0008237
Tlin08910-RA	GO:0006508
Tlin08910-RA	GO:0008270
Tlin08910-RA	GO:0031012
Tlin08910-RA	GO:0004222
Tlin08910-RA	GO:0006508
Tlin08910-RA	GO:0008270
Tlin08910-RA	GO:0031012
Tlin08910-RA	GO:0004222
Tlin05134-RA	GO:0005515
Tlin05134-RA	GO:0005515
Tlin05134-RA	GO:0005515
Tlin04434-RA	GO:0006807
Tlin02894-RA	GO:0006457
Tlin02894-RA	GO:0003755
Tlin02894-RA	GO:0003755
Tlin02894-RA	GO:0000413
Tlin13925-RA	GO:0005524
Tlin13925-RA	GO:0003676
Tlin13925-RA	GO:0005515
Tlin09969-RA	GO:0005515
Tlin09969-RA	GO:0005515
Tlin09969-RA	GO:0005515
Tlin00508-RA	GO:0020037
Tlin00508-RA	GO:0006629
Tlin05453-RA	GO:0003723
Tlin05453-RA	GO:0003723
Tlin05453-RA	GO:0003723
Tlin07846-RA	GO:0009443
Tlin07846-RA	GO:0008478
Tlin07846-RA	GO:0009443
Tlin07846-RA	GO:0008478
Tlin02332-RA	GO:0015293
Tlin02332-RA	GO:0016020
Tlin02332-RA	GO:0008643
Tlin04546-RA	GO:0016491
Tlin04546-RA	GO:0016491
Tlin04546-RA	GO:0016491
Tlin14358-RA	GO:0003824
Tlin06792-RA	GO:0007160
Tlin06792-RA	GO:0005509
Tlin06792-RA	GO:0005509
Tlin00652-RA	GO:0016787
Tlin02418-RA	GO:0016192
Tlin02418-RA	GO:0030117
Tlin02418-RA	GO:0006886
Tlin02418-RA	GO:0006886
Tlin02418-RA	GO:0016192
Tlin02418-RA	GO:0030126
Tlin02418-RA	GO:0005198
Tlin02418-RA	GO:0006886
Tlin02418-RA	GO:0016192
Tlin02418-RA	GO:0030126
Tlin02418-RA	GO:0005198
Tlin02418-RA	GO:0016192
Tlin02418-RA	GO:0030117
Tlin02418-RA	GO:0006886
Tlin01219-RA	GO:0016758
Tlin01219-RA	GO:0016758
Tlin11186-RA	GO:0005515
Tlin11186-RA	GO:0005515
Tlin12758-RA	GO:0004843
Tlin12758-RA	GO:0016579
Tlin12758-RA	GO:0004843
Tlin14536-RA	GO:0003676
Tlin14536-RA	GO:0015074
Tlin05468-RA	GO:0005975
Tlin05468-RA	GO:0004553
Tlin05468-RA	GO:0005975
Tlin05468-RA	GO:0004553
Tlin00565-RA	GO:0008569
Tlin00565-RA	GO:0030286
Tlin00565-RA	GO:0007018
Tlin00565-RA	GO:0005524
Tlin00565-RA	GO:0008569
Tlin00565-RA	GO:0030286
Tlin00565-RA	GO:0045505
Tlin00565-RA	GO:0051959
Tlin00565-RA	GO:0007018
Tlin09069-RA	GO:0003676
Tlin09069-RA	GO:0005737
Tlin09069-RA	GO:0006406
Tlin09069-RA	GO:0003723
Tlin09069-RA	GO:0051028
Tlin09069-RA	GO:0005634
Tlin09069-RA	GO:0005515
Tlin09069-RA	GO:0051028
Tlin09069-RA	GO:0005634
Tlin07406-RA	GO:0004823
Tlin07406-RA	GO:0005524
Tlin07406-RA	GO:0006429
Tlin07406-RA	GO:0000166
Tlin07406-RA	GO:0004812
Tlin07406-RA	GO:0005524
Tlin07406-RA	GO:0006418
Tlin07406-RA	GO:0000166
Tlin07406-RA	GO:0004812
Tlin07406-RA	GO:0005524
Tlin07406-RA	GO:0006418
Tlin07406-RA	GO:0000166
Tlin07406-RA	GO:0006418
Tlin07406-RA	GO:0004812
Tlin07406-RA	GO:0004812
Tlin07406-RA	GO:0005524
Tlin07406-RA	GO:0006418
Tlin07406-RA	GO:0000166
Tlin07406-RA	GO:0004812
Tlin07406-RA	GO:0005524
Tlin07406-RA	GO:0006418
Tlin07406-RA	GO:0000166
Tlin08698-RA	GO:0007186
Tlin08698-RA	GO:0016020
Tlin08698-RA	GO:0004930
Tlin06781-RA	GO:0005515
Tlin06781-RA	GO:0005515
Tlin00938-RA	GO:0005852
Tlin00938-RA	GO:0006446
Tlin00938-RA	GO:0043022
Tlin00938-RA	GO:0003743
Tlin00938-RA	GO:0005737
Tlin00938-RA	GO:0005852
Tlin00938-RA	GO:0003743
Tlin09922-RA	GO:0005524
Tlin10345-RA	GO:0050909
Tlin10345-RA	GO:0016020
Tlin10345-RA	GO:0050909
Tlin10345-RA	GO:0016020
Tlin02170-RA	GO:0005515
Tlin02170-RA	GO:0030215
Tlin02170-RA	GO:0005515
Tlin11602-RA	GO:0008080
Tlin11602-RA	GO:0016747
Tlin05842-RA	GO:0002098
Tlin05842-RA	GO:0034227
Tlin05842-RA	GO:0000049
Tlin05842-RA	GO:0002098
Tlin05842-RA	GO:0034227
Tlin05842-RA	GO:0000049
Tlin13969-RA	GO:0005975
Tlin13969-RA	GO:0004553
Tlin13969-RA	GO:0005975
Tlin13969-RA	GO:0004553
Tlin13969-RA	GO:0005975
Tlin13969-RA	GO:0004553
Tlin13969-RA	GO:0005975
Tlin13969-RA	GO:0004553
Tlin02178-RA	GO:0005524
Tlin02178-RA	GO:0003676
Tlin03067-RA	GO:0017119
Tlin03067-RA	GO:0006886
Tlin03067-RA	GO:0017119
Tlin03067-RA	GO:0006886
Tlin03067-RA	GO:0017119
Tlin03067-RA	GO:0006886
Tlin06209-RA	GO:0035518
Tlin06209-RA	GO:0000151
Tlin01866-RA	GO:0006468
Tlin01866-RA	GO:0004674
Tlin01866-RA	GO:0005524
Tlin01866-RA	GO:0006468
Tlin01866-RA	GO:0004672
Tlin01866-RA	GO:0006468
Tlin01866-RA	GO:0004672
Tlin01866-RA	GO:0006468
Tlin01866-RA	GO:0004674
Tlin01866-RA	GO:0005524
Tlin03233-RA	GO:0016616
Tlin03233-RA	GO:0016616
Tlin03233-RA	GO:0003824
Tlin03233-RA	GO:0016491
Tlin03233-RA	GO:0016615
Tlin03233-RA	GO:0006108
Tlin03233-RA	GO:0016616
Tlin03233-RA	GO:0003824
Tlin08279-RA	GO:0003824
Tlin08279-RA	GO:0005524
Tlin08279-RA	GO:0006003
Tlin08279-RA	GO:0003824
Tlin08279-RA	GO:0005524
Tlin08279-RA	GO:0006000
Tlin08279-RA	GO:0003873
Tlin05814-RA	GO:0005515
Tlin08848-RA	GO:0006355
Tlin08848-RA	GO:0007179
Tlin08848-RA	GO:0006355
Tlin08848-RA	GO:0007179
Tlin08848-RA	GO:0006355
Tlin08848-RA	GO:0005515
Tlin07696-RA	GO:0008061
Tlin07696-RA	GO:0005576
Tlin07696-RA	GO:0008061
Tlin07619-RA	GO:0051082
Tlin07619-RA	GO:0006457
Tlin07619-RA	GO:0051082
Tlin07619-RA	GO:0006457
Tlin09282-RA	GO:0006508
Tlin09282-RA	GO:0004252
Tlin09282-RA	GO:0006508
Tlin09282-RA	GO:0004252
Tlin09282-RA	GO:0006508
Tlin09282-RA	GO:0004252
Tlin04463-RA	GO:0035591
Tlin04463-RA	GO:0007165
Tlin12104-RA	GO:0022857
Tlin12104-RA	GO:0055085
Tlin12104-RA	GO:0016020
Tlin02015-RA	GO:0003676
Tlin12503-RA	GO:0046983
Tlin01649-RA	GO:0003700
Tlin01649-RA	GO:0006357
Tlin01649-RA	GO:0000978
Tlin01649-RA	GO:0006355
Tlin01649-RA	GO:0003677
Tlin01649-RA	GO:0006355
Tlin01649-RA	GO:0003700
Tlin01649-RA	GO:0006355
Tlin01649-RA	GO:0003677
Tlin11962-RA	GO:0003676
Tlin06402-RA	GO:0004830
Tlin06402-RA	GO:0005524
Tlin06402-RA	GO:0006436
Tlin06402-RA	GO:0000166
Tlin06402-RA	GO:0004812
Tlin06402-RA	GO:0005524
Tlin06402-RA	GO:0006418
Tlin06402-RA	GO:0000166
Tlin03814-RA	GO:0050660
Tlin03814-RA	GO:0016614
Tlin03814-RA	GO:0016614
Tlin03814-RA	GO:0050660
Tlin03814-RA	GO:0016614
Tlin03814-RA	GO:0050660
Tlin03814-RA	GO:0050660
Tlin03814-RA	GO:0016614
Tlin03499-RA	GO:0070176
Tlin03499-RA	GO:0006355
Tlin03499-RA	GO:0070176
Tlin03499-RA	GO:0006355
Tlin09940-RA	GO:0008237
Tlin09940-RA	GO:0008237
Tlin03377-RA	GO:0005515
Tlin03377-RA	GO:0005515
Tlin03377-RA	GO:0008270
Tlin03377-RA	GO:0008270
Tlin03377-RA	GO:0005515
Tlin03377-RA	GO:0005515
Tlin10672-RA	GO:0016747
Tlin12675-RA	GO:0006303
Tlin12675-RA	GO:0006303
Tlin12675-RA	GO:0005634
Tlin05164-RA	GO:0005524
Tlin05164-RA	GO:0003676
Tlin08208-RA	GO:0016491
Tlin08208-RA	GO:0005507
Tlin08208-RA	GO:0005507
Tlin08208-RA	GO:0005507
Tlin04656-RA	GO:0070475
Tlin04656-RA	GO:0070037
Tlin04656-RA	GO:0070475
Tlin04656-RA	GO:0070037
Tlin04656-RA	GO:0070475
Tlin04656-RA	GO:0070037
Tlin05004-RA	GO:0016020
Tlin05004-RA	GO:0015293
Tlin05004-RA	GO:0016020
Tlin05004-RA	GO:0015293
Tlin05004-RA	GO:0016020
Tlin05004-RA	GO:0015293
Tlin07399-RA	GO:0003676
Tlin07399-RA	GO:0006139
Tlin07399-RA	GO:0008408
Tlin07399-RA	GO:0003676
Tlin07399-RA	GO:0008408
Tlin13631-RA	GO:0016020
Tlin01221-RA	GO:0007275
Tlin01221-RA	GO:0006511
Tlin01221-RA	GO:0006511
Tlin01221-RA	GO:0007275
Tlin01221-RA	GO:0005737
Tlin01221-RA	GO:0006511
Tlin01221-RA	GO:0007275
Tlin01221-RA	GO:0005737
Tlin08840-RA	GO:0005515
Tlin08840-RA	GO:0005515
Tlin08840-RA	GO:0005515
Tlin08840-RA	GO:0005515
Tlin08840-RA	GO:0005515
Tlin08840-RA	GO:0005515
Tlin08840-RA	GO:0005515
Tlin14957-RA	GO:0004386
Tlin14957-RA	GO:0005524
Tlin14957-RA	GO:0006139
Tlin14957-RA	GO:0016818
Tlin14957-RA	GO:0003676
Tlin14957-RA	GO:0003678
Tlin14957-RA	GO:0005524
Tlin14957-RA	GO:0003677
Tlin08884-RA	GO:0005786
Tlin08884-RA	GO:0006614
Tlin08884-RA	GO:0008312
Tlin08884-RA	GO:0030942
Tlin08884-RA	GO:0005047
Tlin08884-RA	GO:0003723
Tlin08884-RA	GO:0005786
Tlin08884-RA	GO:0006614
Tlin08884-RA	GO:0008312
Tlin08884-RA	GO:0030942
Tlin08884-RA	GO:0005047
Tlin13379-RA	GO:0140662
Tlin13379-RA	GO:0005524
Tlin13379-RA	GO:0140662
Tlin13379-RA	GO:0005524
Tlin10260-RA	GO:0016301
Tlin10260-RA	GO:0016301
Tlin10260-RA	GO:0048015
Tlin10260-RA	GO:0046854
Tlin03819-RA	GO:0006457
Tlin03819-RA	GO:0005524
Tlin03819-RA	GO:0006457
Tlin03819-RA	GO:0006457
Tlin03819-RA	GO:0044183
Tlin03819-RA	GO:0005524
Tlin03819-RA	GO:0006457
Tlin03819-RA	GO:0044183
Tlin03819-RA	GO:0005524
Tlin03819-RA	GO:0006457
Tlin03819-RA	GO:0044183
Tlin03819-RA	GO:0005524
Tlin07505-RA	GO:0090149
Tlin07505-RA	GO:0005741
Tlin10965-RA	GO:0006508
Tlin10965-RA	GO:0004252
Tlin10965-RA	GO:0006508
Tlin10965-RA	GO:0004252
Tlin10965-RA	GO:0006508
Tlin10965-RA	GO:0004252
Tlin10639-RA	GO:0016614
Tlin10639-RA	GO:0050660
Tlin10639-RA	GO:0016614
Tlin10639-RA	GO:0050660
Tlin10639-RA	GO:0050660
Tlin10639-RA	GO:0016614
Tlin13027-RA	GO:0003676
Tlin06734-RA	GO:0006644
Tlin08987-RA	GO:0007165
Tlin08987-RA	GO:0005515
Tlin08987-RA	GO:0005515
Tlin08987-RA	GO:0005515
Tlin13500-RA	GO:0009058
Tlin13500-RA	GO:0009113
Tlin13500-RA	GO:0004637
Tlin13500-RA	GO:0009113
Tlin13500-RA	GO:0004637
Tlin13500-RA	GO:0009058
Tlin13500-RA	GO:0005524
Tlin13500-RA	GO:0006189
Tlin13500-RA	GO:0004641
Tlin13500-RA	GO:0009113
Tlin13500-RA	GO:0004637
Tlin13500-RA	GO:0009113
Tlin13500-RA	GO:0004637
Tlin13500-RA	GO:0006189
Tlin13500-RA	GO:0004644
Tlin13500-RA	GO:0006189
Tlin13500-RA	GO:0004641
Tlin00435-RA	GO:0045017
Tlin00435-RA	GO:0008374
Tlin09206-RA	GO:0003924
Tlin09206-RA	GO:0005525
Tlin09206-RA	GO:0003924
Tlin06468-RA	GO:0006364
Tlin13649-RA	GO:0003676
Tlin01978-RA	GO:0005515
Tlin01978-RA	GO:0005515
Tlin01978-RA	GO:0005515
Tlin01978-RA	GO:0005515
Tlin01978-RA	GO:0005515
Tlin01978-RA	GO:0005515
Tlin01978-RA	GO:0005515
Tlin01978-RA	GO:0005515
Tlin01978-RA	GO:0005515
Tlin01978-RA	GO:0005515
Tlin01978-RA	GO:0005515
Tlin01978-RA	GO:0005515
Tlin01978-RA	GO:0005515
Tlin01978-RA	GO:0005515
Tlin01978-RA	GO:0005515
Tlin01978-RA	GO:0005515
Tlin14671-RA	GO:0006886
Tlin14671-RA	GO:0016020
Tlin14671-RA	GO:0005484
Tlin14671-RA	GO:0016192
Tlin14671-RA	GO:0016020
Tlin02520-RA	GO:0016192
Tlin02520-RA	GO:0030131
Tlin02520-RA	GO:0006886
Tlin02520-RA	GO:0016192
Tlin02520-RA	GO:0030131
Tlin02520-RA	GO:0006886
Tlin06626-RA	GO:0005515
Tlin06626-RA	GO:0005515
Tlin06626-RA	GO:0005515
Tlin06626-RA	GO:0005515
Tlin06626-RA	GO:0005515
Tlin06626-RA	GO:0005515
Tlin06626-RA	GO:0005515
Tlin06626-RA	GO:0005515
Tlin06626-RA	GO:0005515
Tlin00622-RA	GO:0009298
Tlin00622-RA	GO:0004615
Tlin00622-RA	GO:0009298
Tlin00622-RA	GO:0004615
Tlin00622-RA	GO:0009298
Tlin00622-RA	GO:0004615
Tlin14292-RA	GO:0003676
Tlin03751-RA	GO:0005515
Tlin03751-RA	GO:0008270
Tlin03751-RA	GO:0003676
Tlin03751-RA	GO:0008270
Tlin03751-RA	GO:0003676
Tlin03751-RA	GO:0005515
Tlin08470-RA	GO:0051377
Tlin08470-RA	GO:0006506
Tlin08470-RA	GO:0016772
Tlin08470-RA	GO:0006506
Tlin03577-RA	GO:0005509
Tlin03577-RA	GO:0005509
Tlin03577-RA	GO:0005509
Tlin12685-RA	GO:0016491
Tlin02131-RA	GO:0016192
Tlin02131-RA	GO:0016192
Tlin02131-RA	GO:0016192
Tlin09870-RA	GO:0005525
Tlin09870-RA	GO:0003924
Tlin03363-RA	GO:0016020
Tlin03363-RA	GO:0072488
Tlin03363-RA	GO:0008519
Tlin04586-RA	GO:0008270
Tlin04586-RA	GO:0006355
Tlin04586-RA	GO:0006355
Tlin04586-RA	GO:0008270
Tlin04586-RA	GO:0043565
Tlin04586-RA	GO:0003700
Tlin06536-RA	GO:0005515
Tlin03877-RA	GO:0006511
Tlin03877-RA	GO:0004843
Tlin03877-RA	GO:0006511
Tlin03877-RA	GO:0004843
Tlin03877-RA	GO:0016579
Tlin03877-RA	GO:0004843
Tlin12998-RA	GO:0016020
Tlin12998-RA	GO:0016020
Tlin11706-RA	GO:0003676
Tlin02974-RA	GO:0003677
Tlin02974-RA	GO:0003677
Tlin04482-RA	GO:0008168
Tlin04482-RA	GO:0008168
Tlin01719-RA	GO:0090162
Tlin10821-RA	GO:0005975
Tlin10821-RA	GO:0006282
Tlin10821-RA	GO:0004649
Tlin10821-RA	GO:0006282
Tlin10821-RA	GO:0004649
Tlin10821-RA	GO:0006282
Tlin10821-RA	GO:0004649
Tlin11269-RA	GO:0016020
Tlin11269-RA	GO:0006811
Tlin11269-RA	GO:0005216
Tlin11269-RA	GO:0016020
Tlin11269-RA	GO:0034220
Tlin11269-RA	GO:0004888
Tlin11269-RA	GO:0006811
Tlin11269-RA	GO:0016020
Tlin11269-RA	GO:0005230
Tlin11269-RA	GO:0016020
Tlin11269-RA	GO:0006811
Tlin11269-RA	GO:0016020
Tlin11269-RA	GO:0006811
Tlin11269-RA	GO:0006811
Tlin11269-RA	GO:0016020
Tlin11269-RA	GO:0005230
Tlin11269-RA	GO:0006811
Tlin11269-RA	GO:0016020
Tlin11269-RA	GO:0005230
Tlin11269-RA	GO:0016020
Tlin11269-RA	GO:0006811
Tlin11216-RA	GO:0003700
Tlin11216-RA	GO:0006355
Tlin11216-RA	GO:0003677
Tlin11216-RA	GO:0006355
Tlin11216-RA	GO:0003700
Tlin11216-RA	GO:0003700
Tlin11216-RA	GO:0006355
Tlin11216-RA	GO:0003677
Tlin11216-RA	GO:0006355
Tlin11216-RA	GO:0003700
Tlin07389-RA	GO:0008083
Tlin07389-RA	GO:0008083
Tlin11193-RA	GO:0016887
Tlin11193-RA	GO:0005524
Tlin11193-RA	GO:0016887
Tlin11193-RA	GO:0005524
Tlin01969-RA	GO:0005515
Tlin01969-RA	GO:0005198
Tlin01969-RA	GO:0005515
Tlin01969-RA	GO:0005515
Tlin03218-RA	GO:0055085
Tlin03218-RA	GO:0022857
Tlin11624-RA	GO:0005576
Tlin11624-RA	GO:0007275
Tlin11624-RA	GO:0016055
Tlin11624-RA	GO:0005102
Tlin11624-RA	GO:0005576
Tlin11624-RA	GO:0007275
Tlin11624-RA	GO:0016055
Tlin11624-RA	GO:0005102
Tlin11624-RA	GO:0005576
Tlin11624-RA	GO:0007275
Tlin11624-RA	GO:0016055
Tlin11624-RA	GO:0005102
Tlin12148-RA	GO:0070286
Tlin12148-RA	GO:0005858
Tlin08310-RA	GO:0016020
Tlin08310-RA	GO:0016020
Tlin03905-RA	GO:0005524
Tlin03905-RA	GO:0016459
Tlin03905-RA	GO:0003774
Tlin07239-RA	GO:0006605
Tlin07239-RA	GO:0006886
Tlin07239-RA	GO:0005742
Tlin07239-RA	GO:0006605
Tlin07239-RA	GO:0006886
Tlin07239-RA	GO:0005742
Tlin05266-RA	GO:0005515
Tlin05266-RA	GO:0006886
Tlin05266-RA	GO:0005515
Tlin10143-RA	GO:0030126
Tlin10143-RA	GO:0006890
Tlin04889-RA	GO:0006470
Tlin04889-RA	GO:0004725
Tlin04889-RA	GO:0016791
Tlin04889-RA	GO:0016311
Tlin10397-RA	GO:0005515
Tlin10397-RA	GO:0005515
Tlin10397-RA	GO:0005515
Tlin00646-RA	GO:0005515
Tlin03283-RA	GO:0006508
Tlin03283-RA	GO:0004252
Tlin03283-RA	GO:0006508
Tlin03283-RA	GO:0004252
Tlin03283-RA	GO:0006508
Tlin03283-RA	GO:0004252
Tlin04022-RA	GO:0030688
Tlin04022-RA	GO:0006364
Tlin04022-RA	GO:0030688
Tlin04022-RA	GO:0006364
Tlin14630-RA	GO:0003676
Tlin03090-RA	GO:0003723
Tlin03090-RA	GO:0003723
Tlin03090-RA	GO:0003723
Tlin03090-RA	GO:0003723
Tlin03090-RA	GO:0003723
Tlin03090-RA	GO:0003723
Tlin03090-RA	GO:0003723
Tlin03090-RA	GO:0003723
Tlin03090-RA	GO:0003723
Tlin14425-RA	GO:0016887
Tlin14425-RA	GO:0005524
Tlin14425-RA	GO:0016887
Tlin14425-RA	GO:0005524
Tlin14425-RA	GO:0016887
Tlin14425-RA	GO:0005524
Tlin14425-RA	GO:0035494
Tlin14425-RA	GO:0016887
Tlin14888-RA	GO:0032299
Tlin14888-RA	GO:0006401
Tlin14888-RA	GO:0032299
Tlin14888-RA	GO:0006401
Tlin02797-RA	GO:0005515
Tlin02797-RA	GO:0005515
Tlin02797-RA	GO:0005515
Tlin01183-RA	GO:0008810
Tlin01183-RA	GO:0005975
Tlin01183-RA	GO:0008810
Tlin01183-RA	GO:0005975
Tlin06381-RA	GO:0005509
Tlin06381-RA	GO:0016491
Tlin06381-RA	GO:0016491
Tlin06381-RA	GO:0005509
Tlin07523-RA	GO:0016757
Tlin07523-RA	GO:0016020
Tlin07523-RA	GO:0016757
Tlin07523-RA	GO:0006486
Tlin13157-RA	GO:0046983
Tlin03204-RA	GO:0050909
Tlin03204-RA	GO:0016020
Tlin10414-RA	GO:0005524
Tlin10414-RA	GO:0006468
Tlin10414-RA	GO:0004672
Tlin10414-RA	GO:0006468
Tlin10414-RA	GO:0004672
Tlin10414-RA	GO:0005524
Tlin06349-RA	GO:0008270
Tlin06349-RA	GO:0008237
Tlin12200-RA	GO:0006313
Tlin12200-RA	GO:0004803
Tlin09002-RA	GO:0005515
Tlin09002-RA	GO:0005515
Tlin09002-RA	GO:0006468
Tlin09002-RA	GO:0004672
Tlin09002-RA	GO:0005524
Tlin09002-RA	GO:0006468
Tlin09002-RA	GO:0004672
Tlin05871-RA	GO:0005515
Tlin05871-RA	GO:0005515
Tlin05871-RA	GO:0005515
Tlin05871-RA	GO:0005515
Tlin05871-RA	GO:0046872
Tlin05871-RA	GO:0005515
Tlin04078-RA	GO:0005524
Tlin04078-RA	GO:0004674
Tlin04078-RA	GO:0006468
Tlin04078-RA	GO:0004672
Tlin04078-RA	GO:0005524
Tlin04078-RA	GO:0006468
Tlin04078-RA	GO:0004672
Tlin13490-RA	GO:0006508
Tlin13490-RA	GO:0004252
Tlin13490-RA	GO:0006508
Tlin13490-RA	GO:0004252
Tlin13490-RA	GO:0006508
Tlin13490-RA	GO:0004252
Tlin05400-RA	GO:0005515
Tlin05400-RA	GO:0005515
Tlin05400-RA	GO:0048188
Tlin08625-RA	GO:0006629
Tlin08625-RA	GO:0006629
Tlin11657-RA	GO:0005549
Tlin11657-RA	GO:0005549
Tlin11657-RA	GO:0005549
Tlin11911-RA	GO:0005634
Tlin11911-RA	GO:0051726
Tlin11911-RA	GO:0004861
Tlin08206-RA	GO:0016491
Tlin08206-RA	GO:0005507
Tlin08206-RA	GO:0005507
Tlin02953-RA	GO:0019187
Tlin01150-RA	GO:0008234
Tlin01150-RA	GO:0006508
Tlin01150-RA	GO:0008234
Tlin01150-RA	GO:0050790
Tlin01150-RA	GO:0004197
Tlin14309-RA	GO:0003677
Tlin14309-RA	GO:0006334
Tlin14309-RA	GO:0000786
Tlin14309-RA	GO:0003677
Tlin14309-RA	GO:0006334
Tlin14309-RA	GO:0000786
Tlin07940-RA	GO:0022857
Tlin07940-RA	GO:0055085
Tlin07940-RA	GO:0016020
Tlin07940-RA	GO:0022857
Tlin07940-RA	GO:0055085
Tlin07940-RA	GO:0016020
Tlin00402-RA	GO:0005515
Tlin05651-RA	GO:0070897
Tlin05651-RA	GO:0006352
Tlin05651-RA	GO:0017025
Tlin09474-RA	GO:0016887
Tlin09474-RA	GO:0005524
Tlin09474-RA	GO:0006260
Tlin09474-RA	GO:0003677
Tlin00101-RA	GO:0004014
Tlin00101-RA	GO:0006597
Tlin00101-RA	GO:0008295
Tlin00101-RA	GO:0004014
Tlin00101-RA	GO:0008295
Tlin00101-RA	GO:0004014
Tlin00101-RA	GO:0006597
Tlin00101-RA	GO:0008295
Tlin00101-RA	GO:0004014
Tlin01005-RA	GO:0016624
Tlin14099-RA	GO:0003677
Tlin14099-RA	GO:0046982
Tlin14099-RA	GO:0046982
Tlin14099-RA	GO:0003677
Tlin14099-RA	GO:0030527
Tlin14099-RA	GO:0000786
Tlin01022-RA	GO:0016747
Tlin09137-RA	GO:0008270
Tlin09137-RA	GO:0003676
Tlin09137-RA	GO:0003723
Tlin09137-RA	GO:0008270
Tlin09137-RA	GO:0003676
Tlin09137-RA	GO:0003723
Tlin09137-RA	GO:0003723
Tlin06404-RA	GO:0007018
Tlin06404-RA	GO:0003777
Tlin06404-RA	GO:0005524
Tlin06404-RA	GO:0007018
Tlin06404-RA	GO:0008017
Tlin06404-RA	GO:0003777
Tlin08759-RA	GO:0006355
Tlin08759-RA	GO:0003677
Tlin08759-RA	GO:0003677
Tlin00429-RA	GO:0042254
Tlin08867-RA	GO:0005515
Tlin08867-RA	GO:0006355
Tlin03345-RA	GO:0008053
Tlin07089-RA	GO:0033177
Tlin07089-RA	GO:1902600
Tlin07089-RA	GO:0015078
Tlin07089-RA	GO:0033177
Tlin07089-RA	GO:1902600
Tlin07089-RA	GO:0015078
Tlin13063-RA	GO:0006313
Tlin13063-RA	GO:0004803
Tlin12370-RA	GO:0006313
Tlin12370-RA	GO:0004803
Tlin10520-RA	GO:0005524
Tlin10520-RA	GO:0003676
Tlin14135-RA	GO:0003677
Tlin02239-RA	GO:0008061
Tlin02239-RA	GO:0008061
Tlin02239-RA	GO:0005576
Tlin12281-RA	GO:0006352
Tlin12281-RA	GO:0006351
Tlin04609-RA	GO:0031932
Tlin03170-RA	GO:0003700
Tlin03170-RA	GO:0005634
Tlin03170-RA	GO:0006355
Tlin03170-RA	GO:0006915
Tlin03170-RA	GO:0003677
Tlin03170-RA	GO:0000976
Tlin03170-RA	GO:0000976
Tlin03170-RA	GO:0003700
Tlin03170-RA	GO:0005634
Tlin03170-RA	GO:0006355
Tlin03170-RA	GO:0003677
Tlin03170-RA	GO:0006355
Tlin03170-RA	GO:0003700
Tlin14020-RA	GO:0016192
Tlin14020-RA	GO:0006886
Tlin00648-RA	GO:0008017
Tlin00648-RA	GO:0034453
Tlin00648-RA	GO:0005813
Tlin03887-RA	GO:0008017
Tlin03887-RA	GO:0008017
Tlin03887-RA	GO:0005515
Tlin03887-RA	GO:0008017
Tlin06226-RA	GO:0016491
Tlin00683-RA	GO:0007186
Tlin00683-RA	GO:0016020
Tlin00683-RA	GO:0004930
Tlin00683-RA	GO:0007186
Tlin00683-RA	GO:0016020
Tlin00683-RA	GO:0004930
Tlin03491-RA	GO:0008234
Tlin03491-RA	GO:0006508
Tlin03491-RA	GO:0008234
Tlin04526-RA	GO:0005634
Tlin14294-RA	GO:0005975
Tlin14294-RA	GO:0004553
Tlin14294-RA	GO:0005975
Tlin14294-RA	GO:0004553
Tlin08282-RA	GO:0016020
Tlin08282-RA	GO:0005509
Tlin08282-RA	GO:0007155
Tlin08282-RA	GO:0005886
Tlin08282-RA	GO:0016020
Tlin08282-RA	GO:0005509
Tlin08282-RA	GO:0016020
Tlin08282-RA	GO:0005509
Tlin08282-RA	GO:0016020
Tlin08282-RA	GO:0005509
Tlin08282-RA	GO:0016020
Tlin08282-RA	GO:0005509
Tlin08282-RA	GO:0007155
Tlin08282-RA	GO:0005886
Tlin08282-RA	GO:0016020
Tlin08282-RA	GO:0005509
Tlin08282-RA	GO:0007155
Tlin08282-RA	GO:0005886
Tlin08282-RA	GO:0007156
Tlin08282-RA	GO:0016020
Tlin08282-RA	GO:0005509
Tlin08282-RA	GO:0007156
Tlin08282-RA	GO:0016020
Tlin08282-RA	GO:0005509
Tlin08282-RA	GO:0007156
Tlin08282-RA	GO:0016020
Tlin08282-RA	GO:0005509
Tlin08282-RA	GO:0007156
Tlin08282-RA	GO:0016020
Tlin08282-RA	GO:0005509
Tlin08282-RA	GO:0007156
Tlin08282-RA	GO:0016020
Tlin08282-RA	GO:0005509
Tlin08282-RA	GO:0007156
Tlin08282-RA	GO:0016020
Tlin08282-RA	GO:0005509
Tlin08282-RA	GO:0007156
Tlin08282-RA	GO:0016020
Tlin08282-RA	GO:0005509
Tlin08282-RA	GO:0007156
Tlin08282-RA	GO:0016020
Tlin08282-RA	GO:0005509
Tlin08282-RA	GO:0007155
Tlin08282-RA	GO:0005886
Tlin08282-RA	GO:0016020
Tlin08282-RA	GO:0004930
Tlin08282-RA	GO:0007155
Tlin08282-RA	GO:0005886
Tlin08282-RA	GO:0016020
Tlin08282-RA	GO:0005509
Tlin08282-RA	GO:0016020
Tlin08282-RA	GO:0005509
Tlin08282-RA	GO:0016020
Tlin08282-RA	GO:0005509
Tlin08282-RA	GO:0007186
Tlin08282-RA	GO:0016020
Tlin08282-RA	GO:0004930
Tlin07471-RA	GO:0051723
Tlin07471-RA	GO:0006482
Tlin08920-RA	GO:0006813
Tlin08920-RA	GO:0016020
Tlin08920-RA	GO:0005242
Tlin10890-RA	GO:0006457
Tlin10890-RA	GO:0044183
Tlin10890-RA	GO:0005524
Tlin10890-RA	GO:0006457
Tlin10890-RA	GO:0006457
Tlin10890-RA	GO:0005524
Tlin10890-RA	GO:0006457
Tlin10890-RA	GO:0044183
Tlin10890-RA	GO:0005524
Tlin10890-RA	GO:0006457
Tlin10890-RA	GO:0044183
Tlin10890-RA	GO:0005524
Tlin05879-RA	GO:0006481
Tlin05879-RA	GO:0016020
Tlin05879-RA	GO:0004671
Tlin14520-RA	GO:0005515
Tlin14520-RA	GO:0005515
Tlin06445-RA	GO:0016298
Tlin06445-RA	GO:0016298
Tlin00428-RA	GO:0005515
Tlin00428-RA	GO:0005515
Tlin05368-RA	GO:0019538
Tlin05368-RA	GO:0030145
Tlin05368-RA	GO:0070006
Tlin05368-RA	GO:0005737
Tlin05368-RA	GO:0046872
Tlin05368-RA	GO:0070006
Tlin05368-RA	GO:0006508
Tlin05368-RA	GO:0019538
Tlin05368-RA	GO:0030145
Tlin05368-RA	GO:0070006
Tlin05368-RA	GO:0005737
Tlin05368-RA	GO:0070006
Tlin05368-RA	GO:0006508
Tlin04808-RA	GO:0005549
Tlin04808-RA	GO:0007608
Tlin04808-RA	GO:0016020
Tlin04808-RA	GO:0004984
Tlin04808-RA	GO:0005549
Tlin04808-RA	GO:0007608
Tlin04808-RA	GO:0016020
Tlin04808-RA	GO:0004984
Tlin02360-RA	GO:0007165
Tlin02360-RA	GO:0005515
Tlin02360-RA	GO:0043123
Tlin02360-RA	GO:0070976
Tlin02360-RA	GO:0002755
Tlin02360-RA	GO:0007165
Tlin10835-RA	GO:0003756
Tlin10835-RA	GO:0003756
Tlin10835-RA	GO:0003756
Tlin11541-RA	GO:0016020
Tlin05718-RA	GO:0005634
Tlin05718-RA	GO:0005634
Tlin02273-RA	GO:0016298
Tlin02273-RA	GO:0016298
Tlin11777-RA	GO:0042393
Tlin03918-RA	GO:0016020
Tlin03918-RA	GO:1901642
Tlin03918-RA	GO:0005337
Tlin02202-RA	GO:0005634
Tlin02202-RA	GO:0005634
Tlin12330-RA	GO:0016616
Tlin02698-RA	GO:0005524
Tlin02698-RA	GO:0006468
Tlin02698-RA	GO:0004674
Tlin02698-RA	GO:0006468
Tlin02698-RA	GO:0004672
Tlin02698-RA	GO:0005524
Tlin02698-RA	GO:0006468
Tlin02698-RA	GO:0004672
Tlin03349-RA	GO:0005515
Tlin03349-RA	GO:0005515
Tlin03349-RA	GO:0005515
Tlin03349-RA	GO:0005515
Tlin03349-RA	GO:0005515
Tlin03349-RA	GO:0005515
Tlin11597-RA	GO:0046961
Tlin11597-RA	GO:1902600
Tlin11597-RA	GO:0016471
Tlin11597-RA	GO:0046961
Tlin11597-RA	GO:1902600
Tlin11597-RA	GO:0016471
Tlin01281-RA	GO:0035091
Tlin01281-RA	GO:0035091
Tlin01281-RA	GO:0003824
Tlin01281-RA	GO:0035091
Tlin13866-RA	GO:0008569
Tlin13866-RA	GO:0030286
Tlin13866-RA	GO:0045505
Tlin13866-RA	GO:0051959
Tlin13866-RA	GO:0007018
Tlin02016-RA	GO:0046983
Tlin02016-RA	GO:0046983
Tlin02016-RA	GO:0046983
Tlin13610-RA	GO:0006313
Tlin13610-RA	GO:0004803
Tlin13610-RA	GO:0006313
Tlin13610-RA	GO:0004803
Tlin13610-RA	GO:0005515
Tlin14749-RA	GO:0005515
Tlin14749-RA	GO:0005515
Tlin05636-RA	GO:0006508
Tlin05636-RA	GO:0004252
Tlin05636-RA	GO:0006508
Tlin05636-RA	GO:0004252
Tlin05636-RA	GO:0006508
Tlin05636-RA	GO:0004252
Tlin06408-RA	GO:0008236
Tlin06408-RA	GO:0006508
Tlin03120-RA	GO:0046872
Tlin03120-RA	GO:0005515
Tlin03120-RA	GO:0005515
Tlin03120-RA	GO:0005515
Tlin09048-RA	GO:0043565
Tlin09048-RA	GO:0006355
Tlin09048-RA	GO:0043565
Tlin09048-RA	GO:0006355
Tlin09048-RA	GO:0006357
Tlin09048-RA	GO:0003700
Tlin09048-RA	GO:0043565
Tlin09048-RA	GO:0006355
Tlin09048-RA	GO:0008270
Tlin09048-RA	GO:0005634
Tlin09048-RA	GO:0008270
Tlin09048-RA	GO:0006355
Tlin02062-RA	GO:0006313
Tlin02062-RA	GO:0004803
Tlin07834-RA	GO:0004643
Tlin07834-RA	GO:0006164
Tlin07834-RA	GO:0003937
Tlin07834-RA	GO:0004643
Tlin07834-RA	GO:0006164
Tlin07834-RA	GO:0003937
Tlin05273-RA	GO:0005747
Tlin03099-RA	GO:0016491
Tlin03099-RA	GO:0016491
Tlin03099-RA	GO:0016491
Tlin03099-RA	GO:0016491
Tlin10620-RA	GO:0016020
Tlin10620-RA	GO:0008250
Tlin10620-RA	GO:0016020
Tlin10620-RA	GO:0008250
Tlin04581-RA	GO:0004386
Tlin03688-RA	GO:0005515
Tlin11376-RA	GO:0005525
Tlin11376-RA	GO:0003924
Tlin06310-RA	GO:0005549
Tlin06310-RA	GO:0007608
Tlin06310-RA	GO:0016020
Tlin06310-RA	GO:0004984
Tlin06310-RA	GO:0005549
Tlin06310-RA	GO:0007608
Tlin06310-RA	GO:0016020
Tlin06310-RA	GO:0004984
Tlin10683-RA	GO:0005840
Tlin10683-RA	GO:0006412
Tlin10683-RA	GO:0003735
Tlin10683-RA	GO:0005840
Tlin10683-RA	GO:0006412
Tlin10683-RA	GO:0003735
Tlin10683-RA	GO:0005840
Tlin10683-RA	GO:0006412
Tlin10683-RA	GO:0003735
Tlin04788-RA	GO:0016020
Tlin04788-RA	GO:0004930
Tlin04788-RA	GO:0005524
Tlin04788-RA	GO:0032508
Tlin04788-RA	GO:0003677
Tlin04788-RA	GO:0007186
Tlin04788-RA	GO:0004930
Tlin04788-RA	GO:0016020
Tlin04788-RA	GO:0004930
Tlin04788-RA	GO:0007186
Tlin04788-RA	GO:0016020
Tlin04788-RA	GO:0004930
Tlin04788-RA	GO:0005524
Tlin04788-RA	GO:0032508
Tlin04788-RA	GO:0003677
Tlin04788-RA	GO:0005524
Tlin04788-RA	GO:0006260
Tlin04788-RA	GO:0003677
Tlin04788-RA	GO:0016020
Tlin04788-RA	GO:0004930
Tlin08197-RA	GO:0022857
Tlin08197-RA	GO:0055085
Tlin08197-RA	GO:0016020
Tlin08635-RA	GO:0003677
Tlin08635-RA	GO:0003677
Tlin08635-RA	GO:0006355
Tlin08635-RA	GO:0000981
Tlin08635-RA	GO:0003677
Tlin08635-RA	GO:0003677
Tlin08635-RA	GO:0006355
Tlin08635-RA	GO:0003700
Tlin08635-RA	GO:0006355
Tlin08635-RA	GO:0003700
Tlin08635-RA	GO:0006355
Tlin08635-RA	GO:0003700
Tlin02627-RA	GO:0008270
Tlin02627-RA	GO:0005634
Tlin02859-RA	GO:0001682
Tlin02859-RA	GO:0005655
Tlin02859-RA	GO:0000172
Tlin02859-RA	GO:0005515
Tlin10104-RA	GO:0050660
Tlin10104-RA	GO:0050661
Tlin10104-RA	GO:0004499
Tlin10104-RA	GO:0050660
Tlin10104-RA	GO:0050661
Tlin10104-RA	GO:0004499
Tlin10104-RA	GO:0006506
Tlin10104-RA	GO:0051377
Tlin10104-RA	GO:0005789
Tlin10104-RA	GO:0006506
Tlin10104-RA	GO:0016740
Tlin10104-RA	GO:0005789
Tlin10104-RA	GO:0016020
Tlin10104-RA	GO:0051377
Tlin10104-RA	GO:0006506
Tlin03761-RA	GO:0016538
Tlin03761-RA	GO:0006357
Tlin02201-RA	GO:0005525
Tlin02201-RA	GO:0003924
Tlin04030-RA	GO:0005515
Tlin14800-RA	GO:0005515
Tlin14800-RA	GO:0005524
Tlin14800-RA	GO:0003676
Tlin09037-RA	GO:0043547
Tlin09037-RA	GO:0005085
Tlin11820-RA	GO:0016811
Tlin11820-RA	GO:0006807
Tlin06429-RA	GO:0005515
Tlin06429-RA	GO:0007264
Tlin06429-RA	GO:0005085
Tlin04780-RA	GO:0016409
Tlin02185-RA	GO:0005549
Tlin02185-RA	GO:0005549
Tlin02185-RA	GO:0005549
Tlin10234-RA	GO:0006355
Tlin10234-RA	GO:0016573
Tlin10234-RA	GO:0004402
Tlin06398-RA	GO:0003677
Tlin06398-RA	GO:0006355
Tlin06398-RA	GO:0000981
Tlin06398-RA	GO:0003677
Tlin10625-RA	GO:0016226
Tlin13790-RA	GO:0006508
Tlin13790-RA	GO:0004252
Tlin13790-RA	GO:0006508
Tlin13790-RA	GO:0004252
Tlin13790-RA	GO:0006508
Tlin13790-RA	GO:0004252
Tlin02758-RA	GO:0008081
Tlin02758-RA	GO:0006629
Tlin02758-RA	GO:0006629
Tlin02758-RA	GO:0007165
Tlin02758-RA	GO:0035556
Tlin02758-RA	GO:0004435
Tlin02758-RA	GO:0008081
Tlin02758-RA	GO:0006629
Tlin02758-RA	GO:0035556
Tlin13190-RA	GO:0019991
Tlin12084-RA	GO:0050660
Tlin12084-RA	GO:0050660
Tlin02602-RA	GO:0005524
Tlin02602-RA	GO:0006468
Tlin02602-RA	GO:0004672
Tlin02602-RA	GO:0006468
Tlin02602-RA	GO:0004672
Tlin02602-RA	GO:0005524
Tlin04200-RA	GO:0005515
Tlin04200-RA	GO:0005515
Tlin04200-RA	GO:0005515
Tlin04200-RA	GO:0005515
Tlin04200-RA	GO:0005515
Tlin04200-RA	GO:0046872
Tlin04200-RA	GO:0005515
Tlin12538-RA	GO:0005509
Tlin12538-RA	GO:0005509
Tlin04933-RA	GO:0008887
Tlin12295-RA	GO:0016020
Tlin12295-RA	GO:0016020
Tlin12111-RA	GO:0006418
Tlin12111-RA	GO:0002161
Tlin12111-RA	GO:0004812
Tlin12111-RA	GO:0005524
Tlin12111-RA	GO:0006418
Tlin12111-RA	GO:0000166
Tlin12111-RA	GO:0000049
Tlin12111-RA	GO:0006418
Tlin12111-RA	GO:0002161
Tlin12111-RA	GO:0006418
Tlin12111-RA	GO:0004812
Tlin12111-RA	GO:0004812
Tlin12111-RA	GO:0005524
Tlin12111-RA	GO:0006418
Tlin12111-RA	GO:0000166
Tlin12111-RA	GO:0004812
Tlin12111-RA	GO:0005524
Tlin12111-RA	GO:0006418
Tlin12111-RA	GO:0000166
Tlin14242-RA	GO:0003676
Tlin09542-RA	GO:0006879
Tlin09542-RA	GO:0008199
Tlin09542-RA	GO:0006826
Tlin04093-RA	GO:0008234
Tlin04093-RA	GO:0006508
Tlin04093-RA	GO:0008234
Tlin04093-RA	GO:0006508
Tlin04093-RA	GO:0008234
Tlin04093-RA	GO:0006508
Tlin04457-RA	GO:0035556
Tlin04457-RA	GO:0055085
Tlin04457-RA	GO:0016020
Tlin02731-RA	GO:0005525
Tlin02731-RA	GO:0003924
Tlin02731-RA	GO:0005525
Tlin01343-RA	GO:0007041
Tlin01343-RA	GO:0038023
Tlin01343-RA	GO:0005537
Tlin01343-RA	GO:0007041
Tlin01343-RA	GO:0038023
Tlin01343-RA	GO:0005537
Tlin06506-RA	GO:0005200
Tlin06506-RA	GO:0005925
Tlin06506-RA	GO:0001726
Tlin06506-RA	GO:0051015
Tlin06506-RA	GO:0007155
Tlin06506-RA	GO:0003779
Tlin06506-RA	GO:0003779
Tlin06506-RA	GO:0003779
Tlin06506-RA	GO:0051015
Tlin06506-RA	GO:0007155
Tlin06506-RA	GO:0051015
Tlin06506-RA	GO:0007155
Tlin06506-RA	GO:0003779
Tlin06506-RA	GO:0003779
Tlin06506-RA	GO:0051015
Tlin06506-RA	GO:0007155
Tlin06506-RA	GO:0051015
Tlin06506-RA	GO:0007155
Tlin08234-RA	GO:0005515
Tlin08234-RA	GO:0005515
Tlin08234-RA	GO:0005515
Tlin01818-RA	GO:0006367
Tlin01818-RA	GO:0005672
Tlin12340-RA	GO:0016757
Tlin12340-RA	GO:0016020
Tlin12340-RA	GO:0016757
Tlin12340-RA	GO:0016020
Tlin10161-RA	GO:0005515
Tlin10161-RA	GO:0005524
Tlin10161-RA	GO:0007018
Tlin10161-RA	GO:0003777
Tlin10161-RA	GO:0007018
Tlin10161-RA	GO:0003777
Tlin10161-RA	GO:0005515
Tlin10161-RA	GO:0005524
Tlin10161-RA	GO:0007018
Tlin10161-RA	GO:0008017
Tlin10161-RA	GO:0003777
Tlin09713-RA	GO:0016301
Tlin09713-RA	GO:0048015
Tlin09713-RA	GO:0046854
Tlin09713-RA	GO:0016301
Tlin14956-RA	GO:0003352
Tlin14956-RA	GO:0003352
Tlin04602-RA	GO:0005515
Tlin04602-RA	GO:0005515
Tlin04602-RA	GO:0005515
Tlin04602-RA	GO:0005515
Tlin04602-RA	GO:0005515
Tlin04602-RA	GO:0006335
Tlin07507-RA	GO:0016020
Tlin10037-RA	GO:0005515
Tlin10037-RA	GO:0005515
Tlin10037-RA	GO:0003676
Tlin10037-RA	GO:0003676
Tlin04726-RA	GO:0008270
Tlin04726-RA	GO:0005634
Tlin07594-RA	GO:0043087
Tlin04068-RA	GO:0004386
Tlin04068-RA	GO:0005524
Tlin04068-RA	GO:0003676
Tlin00130-RA	GO:0022604
Tlin00130-RA	GO:0007010
Tlin00130-RA	GO:0016043
Tlin00130-RA	GO:0003779
Tlin05260-RA	GO:0003676
Tlin05260-RA	GO:0003676
Tlin05260-RA	GO:0003676
Tlin03637-RA	GO:0005549
Tlin03637-RA	GO:0007608
Tlin03637-RA	GO:0016020
Tlin03637-RA	GO:0004984
Tlin03637-RA	GO:0005549
Tlin03637-RA	GO:0007608
Tlin03637-RA	GO:0016020
Tlin03637-RA	GO:0004984
Tlin09891-RA	GO:0016746
Tlin09891-RA	GO:0016746
Tlin09891-RA	GO:0016746
Tlin09891-RA	GO:0016746
Tlin13630-RA	GO:0035494
Tlin13630-RA	GO:0016887
Tlin13630-RA	GO:0016887
Tlin13630-RA	GO:0005524
Tlin13630-RA	GO:0016887
Tlin13630-RA	GO:0005524
Tlin08021-RA	GO:0003723
Tlin08021-RA	GO:0003723
Tlin08021-RA	GO:0003676
Tlin11372-RA	GO:0005515
Tlin11309-RA	GO:0005515
Tlin11309-RA	GO:0005515
Tlin02921-RA	GO:0005509
Tlin02921-RA	GO:0005509
Tlin01926-RA	GO:0007155
Tlin01926-RA	GO:0005886
Tlin01926-RA	GO:0007155
Tlin01926-RA	GO:0005886
Tlin01926-RA	GO:0007156
Tlin01926-RA	GO:0005509
Tlin01926-RA	GO:0016020
Tlin01926-RA	GO:0005509
Tlin01926-RA	GO:0016020
Tlin01926-RA	GO:0005509
Tlin01926-RA	GO:0016020
Tlin01926-RA	GO:0005509
Tlin01926-RA	GO:0016020
Tlin01926-RA	GO:0005509
Tlin01926-RA	GO:0098609
Tlin01926-RA	GO:0007156
Tlin01926-RA	GO:0016020
Tlin01926-RA	GO:0005509
Tlin01926-RA	GO:0007156
Tlin01926-RA	GO:0016020
Tlin01926-RA	GO:0005509
Tlin01926-RA	GO:0007156
Tlin01926-RA	GO:0016020
Tlin01926-RA	GO:0005509
Tlin01926-RA	GO:0007156
Tlin01926-RA	GO:0016020
Tlin01926-RA	GO:0005509
Tlin01926-RA	GO:0016020
Tlin01926-RA	GO:0005509
Tlin01926-RA	GO:0007155
Tlin01926-RA	GO:0005886
Tlin01926-RA	GO:0016020
Tlin01926-RA	GO:0005509
Tlin01926-RA	GO:0016020
Tlin01926-RA	GO:0005509
Tlin12254-RA	GO:0005856
Tlin08970-RA	GO:0005515
Tlin08970-RA	GO:0005515
Tlin08970-RA	GO:0005515
Tlin08970-RA	GO:0005515
Tlin08970-RA	GO:0005515
Tlin08970-RA	GO:0005515
Tlin00950-RA	GO:0016020
Tlin00950-RA	GO:0008381
Tlin06874-RA	GO:0005765
Tlin06874-RA	GO:0005765
Tlin11870-RA	GO:0043547
Tlin11870-RA	GO:0005096
Tlin11870-RA	GO:0007165
Tlin11870-RA	GO:0005737
Tlin11870-RA	GO:0005515
Tlin10688-RA	GO:0016491
Tlin11776-RA	GO:0005634
Tlin11776-RA	GO:0006357
Tlin11776-RA	GO:0000977
Tlin07395-RA	GO:0016192
Tlin04891-RA	GO:0016020
Tlin04891-RA	GO:0016020
Tlin04891-RA	GO:0016020
Tlin04891-RA	GO:0016020
Tlin11603-RA	GO:0005515
Tlin11603-RA	GO:0005515
Tlin11603-RA	GO:0005515
Tlin11603-RA	GO:0005515
Tlin11603-RA	GO:0005515
Tlin11603-RA	GO:0005515
Tlin11603-RA	GO:0005515
Tlin11603-RA	GO:0005515
Tlin11603-RA	GO:0005515
Tlin11603-RA	GO:0005515
Tlin11603-RA	GO:0005515
Tlin03672-RA	GO:0006508
Tlin03672-RA	GO:0004252
Tlin03672-RA	GO:0006508
Tlin03672-RA	GO:0004252
Tlin14517-RA	GO:0035494
Tlin14517-RA	GO:0016887
Tlin14467-RA	GO:0016717
Tlin14467-RA	GO:0006629
Tlin13153-RA	GO:0003968
Tlin13153-RA	GO:0039694
Tlin13153-RA	GO:0003723
Tlin13153-RA	GO:0003968
Tlin13153-RA	GO:0039694
Tlin13153-RA	GO:0003723
Tlin11118-RA	GO:0005524
Tlin11118-RA	GO:0006468
Tlin11118-RA	GO:0004672
Tlin11118-RA	GO:0006468
Tlin11118-RA	GO:0004672
Tlin08582-RA	GO:0005515
Tlin08582-RA	GO:0005515
Tlin08582-RA	GO:0005515
Tlin08582-RA	GO:0005515
Tlin08582-RA	GO:0005515
Tlin08582-RA	GO:0005515
Tlin08757-RA	GO:0022857
Tlin08757-RA	GO:0055085
Tlin08757-RA	GO:0016020
Tlin07741-RA	GO:0005261
Tlin07741-RA	GO:0006811
Tlin07741-RA	GO:0016020
Tlin07741-RA	GO:0055085
Tlin07741-RA	GO:0005216
Tlin07741-RA	GO:0006811
Tlin07741-RA	GO:0016020
Tlin07741-RA	GO:0055085
Tlin07741-RA	GO:0005216
Tlin07741-RA	GO:0006811
Tlin07741-RA	GO:0016020
Tlin07741-RA	GO:0055085
Tlin07741-RA	GO:0005216
Tlin07741-RA	GO:0006811
Tlin07741-RA	GO:0016020
Tlin07741-RA	GO:0055085
Tlin07741-RA	GO:0005216
Tlin11104-RA	GO:0046982
Tlin11104-RA	GO:0006367
Tlin11104-RA	GO:0051123
Tlin11104-RA	GO:0005669
Tlin11104-RA	GO:0006367
Tlin11104-RA	GO:0005634
Tlin11104-RA	GO:0046982
Tlin11104-RA	GO:0006367
Tlin11104-RA	GO:0005634
Tlin03881-RA	GO:0055085
Tlin03881-RA	GO:0022857
Tlin09982-RA	GO:0050909
Tlin09982-RA	GO:0016020
Tlin11590-RA	GO:0005515
Tlin11590-RA	GO:0005515
Tlin11590-RA	GO:0005515
Tlin11590-RA	GO:0005515
Tlin11590-RA	GO:0005515
Tlin11590-RA	GO:0005515
Tlin11590-RA	GO:0005515
Tlin11590-RA	GO:0005515
Tlin11590-RA	GO:0005515
Tlin11590-RA	GO:0005515
Tlin07458-RA	GO:0006979
Tlin07458-RA	GO:0020037
Tlin07458-RA	GO:0004601
Tlin10510-RA	GO:0005085
Tlin10224-RA	GO:0016020
Tlin10224-RA	GO:0005509
Tlin10224-RA	GO:0016020
Tlin10224-RA	GO:0005509
Tlin10224-RA	GO:0016020
Tlin10224-RA	GO:0005509
Tlin10224-RA	GO:0007155
Tlin10224-RA	GO:0005886
Tlin10224-RA	GO:0016020
Tlin10224-RA	GO:0005509
Tlin10224-RA	GO:0007155
Tlin10224-RA	GO:0005886
Tlin10224-RA	GO:0007155
Tlin10224-RA	GO:0005886
Tlin10224-RA	GO:0016020
Tlin10224-RA	GO:0005509
Tlin10224-RA	GO:0007155
Tlin10224-RA	GO:0005886
Tlin10224-RA	GO:0016020
Tlin10224-RA	GO:0005509
Tlin10224-RA	GO:0016020
Tlin10224-RA	GO:0005509
Tlin10224-RA	GO:0016020
Tlin10224-RA	GO:0005509
Tlin10224-RA	GO:0007155
Tlin10224-RA	GO:0005886
Tlin10224-RA	GO:0016020
Tlin10224-RA	GO:0005509
Tlin10224-RA	GO:0016020
Tlin10224-RA	GO:0005509
Tlin10224-RA	GO:0016020
Tlin10224-RA	GO:0005509
Tlin10224-RA	GO:0016020
Tlin10224-RA	GO:0005509
Tlin10224-RA	GO:0016020
Tlin10224-RA	GO:0005509
Tlin10224-RA	GO:0007155
Tlin10224-RA	GO:0005886
Tlin10224-RA	GO:0016020
Tlin10224-RA	GO:0005509
Tlin10224-RA	GO:0016020
Tlin10224-RA	GO:0005509
Tlin10224-RA	GO:0016020
Tlin10224-RA	GO:0005509
Tlin10224-RA	GO:0016020
Tlin10224-RA	GO:0005509
Tlin10224-RA	GO:0016020
Tlin10224-RA	GO:0005509
Tlin10224-RA	GO:0016020
Tlin10224-RA	GO:0005509
Tlin10224-RA	GO:0016020
Tlin10224-RA	GO:0005509
Tlin10224-RA	GO:0007155
Tlin10224-RA	GO:0005886
Tlin10224-RA	GO:0016020
Tlin10224-RA	GO:0005509
Tlin10224-RA	GO:0007155
Tlin10224-RA	GO:0005886
Tlin10224-RA	GO:0016020
Tlin10224-RA	GO:0005509
Tlin10224-RA	GO:0007155
Tlin10224-RA	GO:0005886
Tlin10224-RA	GO:0007155
Tlin10224-RA	GO:0005886
Tlin10224-RA	GO:0007155
Tlin10224-RA	GO:0005886
Tlin10224-RA	GO:0016020
Tlin10224-RA	GO:0005509
Tlin10224-RA	GO:0007155
Tlin10224-RA	GO:0005886
Tlin10224-RA	GO:0016020
Tlin10224-RA	GO:0005509
Tlin10224-RA	GO:0007156
Tlin10224-RA	GO:0016020
Tlin10224-RA	GO:0005509
Tlin10224-RA	GO:0007156
Tlin10224-RA	GO:0016020
Tlin10224-RA	GO:0005509
Tlin10224-RA	GO:0007156
Tlin10224-RA	GO:0016020
Tlin10224-RA	GO:0005509
Tlin10224-RA	GO:0007156
Tlin10224-RA	GO:0016020
Tlin10224-RA	GO:0005509
Tlin10224-RA	GO:0007156
Tlin10224-RA	GO:0016020
Tlin10224-RA	GO:0005509
Tlin10224-RA	GO:0007156
Tlin10224-RA	GO:0016020
Tlin10224-RA	GO:0005509
Tlin10224-RA	GO:0007156
Tlin10224-RA	GO:0016020
Tlin10224-RA	GO:0005509
Tlin10224-RA	GO:0007156
Tlin10224-RA	GO:0016020
Tlin10224-RA	GO:0005509
Tlin10224-RA	GO:0007156
Tlin10224-RA	GO:0016020
Tlin10224-RA	GO:0005509
Tlin10224-RA	GO:0007156
Tlin10224-RA	GO:0016020
Tlin10224-RA	GO:0005509
Tlin10224-RA	GO:0007156
Tlin10224-RA	GO:0016020
Tlin10224-RA	GO:0005509
Tlin10224-RA	GO:0007156
Tlin10224-RA	GO:0016020
Tlin10224-RA	GO:0005509
Tlin10224-RA	GO:0007156
Tlin10224-RA	GO:0016020
Tlin10224-RA	GO:0005509
Tlin10224-RA	GO:0007156
Tlin10224-RA	GO:0016020
Tlin10224-RA	GO:0005509
Tlin10224-RA	GO:0007156
Tlin10224-RA	GO:0016020
Tlin10224-RA	GO:0005509
Tlin10224-RA	GO:0007156
Tlin10224-RA	GO:0016020
Tlin10224-RA	GO:0005509
Tlin10224-RA	GO:0007156
Tlin10224-RA	GO:0016020
Tlin10224-RA	GO:0005509
Tlin10224-RA	GO:0007156
Tlin10224-RA	GO:0016020
Tlin10224-RA	GO:0005509
Tlin10224-RA	GO:0007156
Tlin10224-RA	GO:0016020
Tlin10224-RA	GO:0005509
Tlin10224-RA	GO:0007156
Tlin10224-RA	GO:0016020
Tlin10224-RA	GO:0005509
Tlin10224-RA	GO:0007156
Tlin10224-RA	GO:0016020
Tlin10224-RA	GO:0005509
Tlin10224-RA	GO:0007156
Tlin10224-RA	GO:0016020
Tlin10224-RA	GO:0005509
Tlin10224-RA	GO:0007156
Tlin10224-RA	GO:0016020
Tlin10224-RA	GO:0005509
Tlin10224-RA	GO:0007156
Tlin10224-RA	GO:0016020
Tlin10224-RA	GO:0005509
Tlin10224-RA	GO:0007156
Tlin10224-RA	GO:0016020
Tlin10224-RA	GO:0005509
Tlin10224-RA	GO:0007156
Tlin10224-RA	GO:0016020
Tlin10224-RA	GO:0005509
Tlin10224-RA	GO:0007156
Tlin10224-RA	GO:0016020
Tlin10224-RA	GO:0005509
Tlin10224-RA	GO:0007156
Tlin10224-RA	GO:0016020
Tlin10224-RA	GO:0005509
Tlin10224-RA	GO:0007156
Tlin10224-RA	GO:0016020
Tlin10224-RA	GO:0005509
Tlin10224-RA	GO:0007156
Tlin10224-RA	GO:0016020
Tlin10224-RA	GO:0005509
Tlin10224-RA	GO:0007156
Tlin10224-RA	GO:0016020
Tlin10224-RA	GO:0005509
Tlin10224-RA	GO:0007156
Tlin10224-RA	GO:0016020
Tlin10224-RA	GO:0005509
Tlin10224-RA	GO:0007156
Tlin10224-RA	GO:0016020
Tlin10224-RA	GO:0005509
Tlin10224-RA	GO:0016020
Tlin10224-RA	GO:0005509
Tlin10224-RA	GO:0016020
Tlin10224-RA	GO:0005509
Tlin10224-RA	GO:0016020
Tlin10224-RA	GO:0005509
Tlin10224-RA	GO:0016020
Tlin10224-RA	GO:0005509
Tlin10224-RA	GO:0007155
Tlin10224-RA	GO:0005886
Tlin10224-RA	GO:0016020
Tlin10224-RA	GO:0005509
Tlin10224-RA	GO:0016020
Tlin10224-RA	GO:0005509
Tlin10224-RA	GO:0007155
Tlin10224-RA	GO:0005886
Tlin10224-RA	GO:0016020
Tlin10224-RA	GO:0005509
Tlin10224-RA	GO:0007155
Tlin10224-RA	GO:0005886
Tlin10224-RA	GO:0016020
Tlin10224-RA	GO:0005509
Tlin10224-RA	GO:0016020
Tlin10224-RA	GO:0005509
Tlin10224-RA	GO:0016020
Tlin10224-RA	GO:0005509
Tlin10224-RA	GO:0007155
Tlin10224-RA	GO:0005886
Tlin08830-RA	GO:0006412
Tlin08830-RA	GO:0015934
Tlin08830-RA	GO:0003735
Tlin08830-RA	GO:0003723
Tlin08830-RA	GO:0005840
Tlin08830-RA	GO:0006412
Tlin08830-RA	GO:0003735
Tlin08830-RA	GO:0006412
Tlin08830-RA	GO:0015934
Tlin08830-RA	GO:0003735
Tlin04154-RA	GO:0001682
Tlin04154-RA	GO:0006396
Tlin04154-RA	GO:0030677
Tlin04154-RA	GO:0033204
Tlin04154-RA	GO:0000172
Tlin04154-RA	GO:0008033
Tlin04154-RA	GO:0030677
Tlin04154-RA	GO:0003723
Tlin04154-RA	GO:0003723
Tlin04154-RA	GO:0006396
Tlin04154-RA	GO:0030677
Tlin04154-RA	GO:0001682
Tlin12397-RA	GO:0008270
Tlin12397-RA	GO:0003676
Tlin07537-RA	GO:0005777
Tlin07537-RA	GO:0006631
Tlin07537-RA	GO:0071949
Tlin07537-RA	GO:0003997
Tlin07537-RA	GO:0016627
Tlin07537-RA	GO:0016627
Tlin07537-RA	GO:0016627
Tlin07537-RA	GO:0016627
Tlin07537-RA	GO:0016627
Tlin07537-RA	GO:0005777
Tlin07537-RA	GO:0006635
Tlin07537-RA	GO:0003997
Tlin07537-RA	GO:0050660
Tlin07537-RA	GO:0016627
Tlin01325-RA	GO:0016020
Tlin01325-RA	GO:0016020
Tlin01325-RA	GO:0016020
Tlin01325-RA	GO:0016020
Tlin05293-RA	GO:0008270
Tlin05293-RA	GO:0005634
Tlin11606-RA	GO:0005509
Tlin11606-RA	GO:0005509
Tlin11606-RA	GO:0005515
Tlin11606-RA	GO:0005515
Tlin11606-RA	GO:0005509
Tlin11606-RA	GO:0005515
Tlin11606-RA	GO:0005509
Tlin11606-RA	GO:0005515
Tlin11606-RA	GO:0005515
Tlin11606-RA	GO:0005515
Tlin11606-RA	GO:0005515
Tlin11606-RA	GO:0005515
Tlin11606-RA	GO:0005515
Tlin11606-RA	GO:0005515
Tlin11606-RA	GO:0005515
Tlin11606-RA	GO:0005515
Tlin11606-RA	GO:0005515
Tlin11606-RA	GO:0005515
Tlin11606-RA	GO:0005515
Tlin11606-RA	GO:0005515
Tlin11606-RA	GO:0005515
Tlin00794-RA	GO:0005515
Tlin00794-RA	GO:0006888
Tlin00794-RA	GO:0005515
Tlin03407-RA	GO:0018342
Tlin03407-RA	GO:0008318
Tlin03407-RA	GO:0018342
Tlin03407-RA	GO:0008318
Tlin03407-RA	GO:0018342
Tlin03407-RA	GO:0008318
Tlin03407-RA	GO:0018342
Tlin03407-RA	GO:0008318
Tlin03407-RA	GO:0018342
Tlin03407-RA	GO:0008318
Tlin05970-RA	GO:0003824
Tlin05970-RA	GO:0016772
Tlin05970-RA	GO:0016301
Tlin05970-RA	GO:0005515
Tlin05970-RA	GO:0005515
Tlin05970-RA	GO:0016772
Tlin05970-RA	GO:0016301
Tlin05970-RA	GO:0016772
Tlin05970-RA	GO:0016301
Tlin05970-RA	GO:0016772
Tlin05970-RA	GO:0016301
Tlin06105-RA	GO:0006355
Tlin06105-RA	GO:0043565
Tlin06105-RA	GO:0003700
Tlin06105-RA	GO:0006355
Tlin06105-RA	GO:0043565
Tlin06105-RA	GO:0003700
Tlin06105-RA	GO:0006355
Tlin06105-RA	GO:0043565
Tlin06105-RA	GO:0003700
Tlin10087-RA	GO:0000829
Tlin07725-RA	GO:0120009
Tlin07725-RA	GO:0120013
Tlin07725-RA	GO:0005737
Tlin07725-RA	GO:0120009
Tlin07725-RA	GO:0120013
Tlin07725-RA	GO:0005737
Tlin02436-RA	GO:0016020
Tlin02436-RA	GO:0016020
Tlin02436-RA	GO:0016020
Tlin02436-RA	GO:0016020
Tlin11370-RA	GO:0009058
Tlin11330-RA	GO:0008380
Tlin11330-RA	GO:0008380
Tlin11330-RA	GO:0005681
Tlin02366-RA	GO:0005524
Tlin02366-RA	GO:1902600
Tlin02366-RA	GO:0046034
Tlin02366-RA	GO:0005524
Tlin02883-RA	GO:0006355
Tlin02883-RA	GO:0000981
Tlin02883-RA	GO:0003677
Tlin02883-RA	GO:0003677
Tlin02883-RA	GO:0003700
Tlin02883-RA	GO:0006355
Tlin02883-RA	GO:0003677
Tlin10261-RA	GO:0004518
Tlin10261-RA	GO:0003677
Tlin10261-RA	GO:0006281
Tlin10261-RA	GO:0048476
Tlin10261-RA	GO:0005634
Tlin06229-RA	GO:0005515
Tlin01691-RA	GO:0005509
Tlin01691-RA	GO:0005509
Tlin14245-RA	GO:0003676
Tlin14245-RA	GO:0015074
Tlin14245-RA	GO:0008270
Tlin14245-RA	GO:0003676
Tlin11115-RA	GO:0005509
Tlin11115-RA	GO:0003755
Tlin11115-RA	GO:0003755
Tlin11115-RA	GO:0005509
Tlin10488-RA	GO:0005515
Tlin10488-RA	GO:0005515
Tlin10488-RA	GO:0005515
Tlin09997-RA	GO:0004430
Tlin01506-RA	GO:0016705
Tlin01506-RA	GO:0005506
Tlin01506-RA	GO:0005506
Tlin01506-RA	GO:0016705
Tlin01506-RA	GO:0020037
Tlin01506-RA	GO:0004497
Tlin01506-RA	GO:0005506
Tlin01506-RA	GO:0016705
Tlin01506-RA	GO:0020037
Tlin01506-RA	GO:0004497
Tlin01506-RA	GO:0005506
Tlin01506-RA	GO:0016705
Tlin01506-RA	GO:0020037
Tlin01506-RA	GO:0004497
Tlin03443-RA	GO:0009116
Tlin03443-RA	GO:0003824
Tlin03443-RA	GO:0009116
Tlin03443-RA	GO:0003824
Tlin00096-RA	GO:0019991
Tlin05914-RA	GO:0006355
Tlin05914-RA	GO:0006355
Tlin10181-RA	GO:0006397
Tlin10181-RA	GO:0000445
Tlin02687-RA	GO:0016020
Tlin02687-RA	GO:0016020
Tlin13378-RA	GO:0070840
Tlin13378-RA	GO:0008093
Tlin13378-RA	GO:0070840
Tlin13378-RA	GO:0008093
Tlin01878-RA	GO:0005515
Tlin01878-RA	GO:0007275
Tlin01878-RA	GO:0006511
Tlin01878-RA	GO:0006511
Tlin01878-RA	GO:0007275
Tlin01878-RA	GO:0005737
Tlin10600-RA	GO:0005524
Tlin10600-RA	GO:0006468
Tlin10600-RA	GO:0004672
Tlin10600-RA	GO:0005524
Tlin10600-RA	GO:0004674
Tlin10600-RA	GO:0005524
Tlin08525-RA	GO:0006298
Tlin08525-RA	GO:0005524
Tlin08525-RA	GO:0016887
Tlin08525-RA	GO:0032300
Tlin08525-RA	GO:0140664
Tlin08525-RA	GO:0006298
Tlin06494-RA	GO:0004674
Tlin11387-RA	GO:0006629
Tlin11387-RA	GO:0016298
Tlin02501-RA	GO:0016746
Tlin02501-RA	GO:0016747
Tlin02501-RA	GO:0016747
Tlin02501-RA	GO:0016747
Tlin02501-RA	GO:0016747
Tlin02501-RA	GO:0016747
Tlin02501-RA	GO:0016746
Tlin02501-RA	GO:0016746
Tlin02501-RA	GO:0016747
Tlin08513-RA	GO:0016747
Tlin14426-RA	GO:0005524
Tlin14426-RA	GO:0006260
Tlin14426-RA	GO:0004748
Tlin14000-RA	GO:0006508
Tlin14000-RA	GO:0004252
Tlin00113-RA	GO:0005524
Tlin00113-RA	GO:0005524
Tlin08403-RA	GO:0016311
Tlin08403-RA	GO:0008138
Tlin08403-RA	GO:0016791
Tlin08403-RA	GO:0016311
Tlin06726-RA	GO:0005634
Tlin06726-RA	GO:0003677
Tlin06726-RA	GO:0006355
Tlin06726-RA	GO:0005634
Tlin06726-RA	GO:0006355
Tlin06726-RA	GO:0005634
Tlin06726-RA	GO:0005515
Tlin13174-RA	GO:0003676
Tlin14359-RA	GO:0004643
Tlin14359-RA	GO:0006164
Tlin14359-RA	GO:0003937
Tlin14359-RA	GO:0004643
Tlin14359-RA	GO:0006164
Tlin14359-RA	GO:0003937
Tlin11666-RA	GO:0030123
Tlin11666-RA	GO:0006896
Tlin11666-RA	GO:0015031
Tlin11666-RA	GO:0016192
Tlin11666-RA	GO:0030117
Tlin11666-RA	GO:0006886
Tlin01369-RA	GO:0005515
Tlin01369-RA	GO:0005515
Tlin08528-RA	GO:0008168
Tlin08528-RA	GO:0008168
Tlin08528-RA	GO:0008168
Tlin08528-RA	GO:0008168
Tlin08528-RA	GO:0034551
Tlin12152-RA	GO:0005509
Tlin12152-RA	GO:0005509
Tlin12152-RA	GO:0005509
Tlin12152-RA	GO:0005509
Tlin01897-RA	GO:0006811
Tlin01897-RA	GO:0016020
Tlin01897-RA	GO:0055085
Tlin01897-RA	GO:0005216
Tlin01897-RA	GO:0006811
Tlin01897-RA	GO:0016020
Tlin01897-RA	GO:0055085
Tlin01897-RA	GO:0005216
Tlin01897-RA	GO:0006811
Tlin01897-RA	GO:0016020
Tlin01897-RA	GO:0055085
Tlin01897-RA	GO:0005216
Tlin01897-RA	GO:0006811
Tlin01897-RA	GO:0016020
Tlin01897-RA	GO:0055085
Tlin01897-RA	GO:0005216
Tlin01897-RA	GO:0006811
Tlin01897-RA	GO:0016020
Tlin01897-RA	GO:0055085
Tlin01897-RA	GO:0005216
Tlin02714-RA	GO:0007131
Tlin02714-RA	GO:0019789
Tlin02714-RA	GO:0000795
Tlin10325-RA	GO:0017053
Tlin10325-RA	GO:0006351
Tlin11233-RA	GO:0008270
Tlin11233-RA	GO:0005634
Tlin08826-RA	GO:0007155
Tlin08826-RA	GO:0005886
Tlin08826-RA	GO:0016020
Tlin08826-RA	GO:0005509
Tlin08826-RA	GO:0016020
Tlin08826-RA	GO:0005509
Tlin08826-RA	GO:0007155
Tlin08826-RA	GO:0005886
Tlin08826-RA	GO:0007155
Tlin08826-RA	GO:0005886
Tlin08826-RA	GO:0007156
Tlin08826-RA	GO:0016020
Tlin08826-RA	GO:0005509
Tlin08826-RA	GO:0007156
Tlin08826-RA	GO:0016020
Tlin08826-RA	GO:0005509
Tlin08826-RA	GO:0007156
Tlin08826-RA	GO:0016020
Tlin08826-RA	GO:0005509
Tlin08826-RA	GO:0007156
Tlin08826-RA	GO:0016020
Tlin08826-RA	GO:0005509
Tlin08826-RA	GO:0007156
Tlin08826-RA	GO:0016020
Tlin08826-RA	GO:0005509
Tlin08826-RA	GO:0007156
Tlin08826-RA	GO:0016020
Tlin08826-RA	GO:0005509
Tlin08826-RA	GO:0007156
Tlin08826-RA	GO:0016020
Tlin08826-RA	GO:0005509
Tlin08826-RA	GO:0007156
Tlin08826-RA	GO:0016020
Tlin08826-RA	GO:0005509
Tlin08826-RA	GO:0016020
Tlin08826-RA	GO:0005509
Tlin08826-RA	GO:0016020
Tlin08826-RA	GO:0005509
Tlin08826-RA	GO:0098609
Tlin08826-RA	GO:0016020
Tlin08826-RA	GO:0005509
Tlin08826-RA	GO:0016020
Tlin08826-RA	GO:0005509
Tlin08826-RA	GO:0007155
Tlin08826-RA	GO:0005886
Tlin08826-RA	GO:0016020
Tlin08826-RA	GO:0005509
Tlin08826-RA	GO:0016020
Tlin08826-RA	GO:0005509
Tlin08826-RA	GO:0007155
Tlin08826-RA	GO:0005886
Tlin08826-RA	GO:0016020
Tlin08826-RA	GO:0005509
Tlin08826-RA	GO:0016020
Tlin08826-RA	GO:0005509
Tlin10901-RA	GO:0033743
Tlin10901-RA	GO:0016671
Tlin10901-RA	GO:0030091
Tlin10901-RA	GO:0006979
Tlin09716-RA	GO:0004471
Tlin09716-RA	GO:0004471
Tlin09716-RA	GO:0004471
Tlin09716-RA	GO:0051287
Tlin05628-RA	GO:0005840
Tlin05628-RA	GO:0006412
Tlin05628-RA	GO:0003735
Tlin04939-RA	GO:0016992
Tlin04939-RA	GO:0051539
Tlin04939-RA	GO:0009107
Tlin04939-RA	GO:0051536
Tlin04939-RA	GO:0003824
Tlin08008-RA	GO:0016579
Tlin08008-RA	GO:0004843
Tlin08008-RA	GO:0006511
Tlin08008-RA	GO:0004843
Tlin05990-RA	GO:0007186
Tlin05990-RA	GO:0004930
Tlin05990-RA	GO:0007186
Tlin05990-RA	GO:0016020
Tlin05990-RA	GO:0004930
Tlin10145-RA	GO:0005524
Tlin10145-RA	GO:0006260
Tlin10145-RA	GO:0003677
Tlin10145-RA	GO:0005524
Tlin10145-RA	GO:0032508
Tlin10145-RA	GO:0003677
Tlin10145-RA	GO:0005524
Tlin10145-RA	GO:0032508
Tlin10145-RA	GO:0003677
Tlin01938-RA	GO:0016791
Tlin01938-RA	GO:0016311
Tlin01938-RA	GO:0004438
Tlin07368-RA	GO:0006468
Tlin07368-RA	GO:0004672
Tlin07368-RA	GO:0005524
Tlin07368-RA	GO:0007178
Tlin07368-RA	GO:0016020
Tlin07368-RA	GO:0004675
Tlin07368-RA	GO:0005524
Tlin07368-RA	GO:0006468
Tlin07368-RA	GO:0004672
Tlin07368-RA	GO:0005524
Tlin07368-RA	GO:0005524
Tlin07368-RA	GO:0006468
Tlin07368-RA	GO:0016020
Tlin07368-RA	GO:0004675
Tlin11248-RA	GO:0005739
Tlin11248-RA	GO:0004408
Tlin11248-RA	GO:0005739
Tlin11248-RA	GO:0004408
Tlin11248-RA	GO:0005739
Tlin11248-RA	GO:0004408
Tlin11248-RA	GO:0005739
Tlin11248-RA	GO:0004408
Tlin03372-RA	GO:0016491
Tlin03370-RA	GO:0071933
Tlin03370-RA	GO:0071846
Tlin03370-RA	GO:0003779
Tlin03370-RA	GO:0071933
Tlin03370-RA	GO:0071846
Tlin06744-RA	GO:0005515
Tlin06744-RA	GO:0005515
Tlin06744-RA	GO:0005515
Tlin07465-RA	GO:0051260
Tlin07465-RA	GO:0006811
Tlin07465-RA	GO:0016020
Tlin07465-RA	GO:0055085
Tlin07465-RA	GO:0005216
Tlin02446-RA	GO:0003723
Tlin02446-RA	GO:0009451
Tlin02446-RA	GO:0009982
Tlin02446-RA	GO:0001522
Tlin04762-RA	GO:0016020
Tlin04762-RA	GO:0016020
Tlin14814-RA	GO:0016020
Tlin14814-RA	GO:0016020
Tlin14814-RA	GO:0016020
Tlin14814-RA	GO:0016020
Tlin14814-RA	GO:0016020
Tlin12673-RA	GO:0050909
Tlin12673-RA	GO:0016020
Tlin08738-RA	GO:0051879
Tlin02091-RA	GO:0006508
Tlin02091-RA	GO:0004252
Tlin02091-RA	GO:0016491
Tlin02091-RA	GO:0005515
Tlin02091-RA	GO:0006508
Tlin02091-RA	GO:0004252
Tlin08663-RA	GO:0030507
Tlin08663-RA	GO:0031175
Tlin08663-RA	GO:0005516
Tlin08663-RA	GO:0008017
Tlin08663-RA	GO:0005516
Tlin08663-RA	GO:0008017
Tlin00003-RA	GO:0005515
Tlin01904-RA	GO:0003723
Tlin01904-RA	GO:0003723
Tlin01904-RA	GO:0003723
Tlin01904-RA	GO:0003723
Tlin01904-RA	GO:0003723
Tlin01904-RA	GO:0003676
Tlin01904-RA	GO:0003676
Tlin09185-RA	GO:0022857
Tlin09185-RA	GO:0055085
Tlin09185-RA	GO:0016020
Tlin09185-RA	GO:0055085
Tlin09185-RA	GO:0022857
Tlin05942-RA	GO:0007186
Tlin05942-RA	GO:0016020
Tlin05942-RA	GO:0004930
Tlin05942-RA	GO:0007186
Tlin05942-RA	GO:0016020
Tlin05942-RA	GO:0004930
Tlin00636-RA	GO:0005524
Tlin00636-RA	GO:0003676
Tlin00636-RA	GO:0016020
Tlin00636-RA	GO:0004386
Tlin06281-RA	GO:0023052
Tlin06281-RA	GO:0023052
Tlin00706-RA	GO:0031931
Tlin00706-RA	GO:0031932
Tlin00706-RA	GO:0031929
Tlin00706-RA	GO:0005515
Tlin00706-RA	GO:0005515
Tlin00706-RA	GO:0005515
Tlin00706-RA	GO:0005515
Tlin00706-RA	GO:0005515
Tlin00706-RA	GO:0005515
Tlin00897-RA	GO:0005515
Tlin03535-RA	GO:0003824
Tlin06455-RA	GO:0003677
Tlin06455-RA	GO:0003677
Tlin11863-RA	GO:0015078
Tlin11863-RA	GO:0015986
Tlin11863-RA	GO:0000276
Tlin11863-RA	GO:0015078
Tlin11863-RA	GO:0015986
Tlin11863-RA	GO:0000276
Tlin11863-RA	GO:0015078
Tlin11863-RA	GO:0015986
Tlin11863-RA	GO:0000276
Tlin11863-RA	GO:0015078
Tlin11863-RA	GO:0015986
Tlin11863-RA	GO:0000276
Tlin12575-RA	GO:0043066
Tlin12575-RA	GO:0043154
Tlin12575-RA	GO:0071986
Tlin12575-RA	GO:0005737
Tlin12575-RA	GO:0043066
Tlin12575-RA	GO:0043154
Tlin12575-RA	GO:0071986
Tlin12575-RA	GO:0005737
Tlin01004-RA	GO:0016020
Tlin01004-RA	GO:0015276
Tlin00353-RA	GO:0005515
Tlin01180-RA	GO:0016491
Tlin02098-RA	GO:0006470
Tlin02098-RA	GO:0004722
Tlin06280-RA	GO:0006457
Tlin06280-RA	GO:0006457
Tlin05738-RA	GO:0005669
Tlin05738-RA	GO:0046982
Tlin05738-RA	GO:0046982
Tlin06360-RA	GO:0019239
Tlin06360-RA	GO:0019239
Tlin09672-RA	GO:0003723
Tlin07032-RA	GO:0008108
Tlin07032-RA	GO:0006012
Tlin07032-RA	GO:0008108
Tlin07032-RA	GO:0006012
Tlin07032-RA	GO:0008108
Tlin07032-RA	GO:0006012
Tlin07032-RA	GO:0008270
Tlin07032-RA	GO:0033499
Tlin07032-RA	GO:0008108
Tlin07032-RA	GO:0008270
Tlin07032-RA	GO:0033499
Tlin07032-RA	GO:0008108
Tlin04577-RA	GO:0005515
Tlin04577-RA	GO:0005515
Tlin01642-RA	GO:0016772
Tlin01642-RA	GO:0016301
Tlin01642-RA	GO:0016772
Tlin01642-RA	GO:0016301
Tlin01642-RA	GO:0016772
Tlin01642-RA	GO:0016301
Tlin01642-RA	GO:0003824
Tlin01642-RA	GO:0016772
Tlin01642-RA	GO:0016301
Tlin01642-RA	GO:0046314
Tlin01642-RA	GO:0004111
Tlin01642-RA	GO:0016772
Tlin01642-RA	GO:0016301
Tlin00257-RA	GO:0006081
Tlin00257-RA	GO:0016491
Tlin00257-RA	GO:0016620
Tlin00257-RA	GO:0016491
Tlin00257-RA	GO:0016491
Tlin00257-RA	GO:0016491
Tlin00257-RA	GO:0016491
Tlin04102-RA	GO:0005515
Tlin04102-RA	GO:0005515
Tlin04102-RA	GO:0051879
Tlin04102-RA	GO:0005515
Tlin04828-RA	GO:0016020
Tlin04828-RA	GO:0016020
Tlin14723-RA	GO:0005515
Tlin10509-RA	GO:0043130
Tlin10509-RA	GO:0003723
Tlin10509-RA	GO:0004842
Tlin10509-RA	GO:0004842
Tlin10509-RA	GO:0043130
Tlin10509-RA	GO:0003723
Tlin02476-RA	GO:0007275
Tlin02476-RA	GO:0006511
Tlin02476-RA	GO:0006511
Tlin02476-RA	GO:0007275
Tlin02476-RA	GO:0005737
Tlin07572-RA	GO:0016020
Tlin07572-RA	GO:0015031
Tlin07572-RA	GO:0016020
Tlin07572-RA	GO:0015031
Tlin07862-RA	GO:0005515
Tlin07862-RA	GO:0006364
Tlin07862-RA	GO:0005515
Tlin07862-RA	GO:0006396
Tlin07862-RA	GO:0005634
Tlin07862-RA	GO:0003676
Tlin07862-RA	GO:0003676
Tlin07862-RA	GO:0005515
Tlin07862-RA	GO:0005515
Tlin05120-RA	GO:0060271
Tlin05120-RA	GO:0005515
Tlin05120-RA	GO:0005515
Tlin05120-RA	GO:0005515
Tlin05120-RA	GO:0005515
Tlin01816-RA	GO:0006508
Tlin01816-RA	GO:0006508
Tlin01816-RA	GO:0004222
Tlin01816-RA	GO:0006508
Tlin01816-RA	GO:0004222
Tlin01816-RA	GO:0008237
Tlin01816-RA	GO:0006508
Tlin01816-RA	GO:0004222
Tlin05670-RA	GO:0005525
Tlin05670-RA	GO:0003924
Tlin12878-RA	GO:0030705
Tlin01983-RA	GO:0005515
Tlin01983-RA	GO:0005515
Tlin09956-RA	GO:0004252
Tlin09956-RA	GO:0006508
Tlin09956-RA	GO:0004176
Tlin00351-RA	GO:0007034
Tlin00351-RA	GO:0007034
Tlin04423-RA	GO:0006325
Tlin04423-RA	GO:0005634
Tlin04423-RA	GO:0006325
Tlin04423-RA	GO:0005634
Tlin04423-RA	GO:0006325
Tlin04423-RA	GO:0005634
Tlin04423-RA	GO:0006325
Tlin04423-RA	GO:0005634
Tlin12534-RA	GO:0016020
Tlin04530-RA	GO:0019236
Tlin04530-RA	GO:0007186
Tlin00086-RA	GO:0005576
Tlin00086-RA	GO:0008083
Tlin00086-RA	GO:0008083
Tlin11983-RA	GO:0051315
Tlin11983-RA	GO:0031262
Tlin11983-RA	GO:0051315
Tlin11983-RA	GO:0031262
Tlin04365-RA	GO:0006508
Tlin04365-RA	GO:0004222
Tlin04365-RA	GO:0008237
Tlin04365-RA	GO:0006508
Tlin04365-RA	GO:0004222
Tlin10782-RA	GO:0060964
Tlin00776-RA	GO:0005515
Tlin00776-RA	GO:0005515
Tlin00776-RA	GO:0005515
Tlin00776-RA	GO:0005515
Tlin00776-RA	GO:0005515
Tlin00776-RA	GO:0005515
Tlin00776-RA	GO:0005515
Tlin00776-RA	GO:0005515
Tlin00776-RA	GO:0005515
Tlin04798-RA	GO:0008569
Tlin04798-RA	GO:0030286
Tlin04798-RA	GO:0045505
Tlin04798-RA	GO:0051959
Tlin04798-RA	GO:0007018
Tlin04798-RA	GO:0008569
Tlin04798-RA	GO:0030286
Tlin04798-RA	GO:0007018
Tlin04798-RA	GO:0005524
Tlin07597-RA	GO:0007165
Tlin07597-RA	GO:0008289
Tlin00064-RA	GO:0006508
Tlin00064-RA	GO:0008270
Tlin00064-RA	GO:0004181
Tlin00064-RA	GO:0006508
Tlin00064-RA	GO:0008270
Tlin00064-RA	GO:0004181
Tlin05236-RA	GO:0030001
Tlin05236-RA	GO:0046873
Tlin05236-RA	GO:0055085
Tlin05236-RA	GO:0016020
Tlin07119-RA	GO:0006468
Tlin07119-RA	GO:0045292
Tlin07119-RA	GO:0004674
Tlin07119-RA	GO:0006468
Tlin07119-RA	GO:0004672
Tlin07119-RA	GO:0005524
Tlin07119-RA	GO:0006468
Tlin07119-RA	GO:0004672
Tlin11200-RA	GO:0008289
Tlin11200-RA	GO:0008289
Tlin11200-RA	GO:0008289
Tlin08971-RA	GO:0035556
Tlin08517-RA	GO:0031625
Tlin08517-RA	GO:0006511
Tlin06176-RA	GO:0008270
Tlin01703-RA	GO:0007264
Tlin01703-RA	GO:0031267
Tlin01703-RA	GO:0005096
Tlin01703-RA	GO:0007165
Tlin00027-RA	GO:0060261
Tlin00027-RA	GO:0003713
Tlin00027-RA	GO:0006355
Tlin00027-RA	GO:0003677
Tlin00027-RA	GO:0006355
Tlin00027-RA	GO:0003677
Tlin00027-RA	GO:0006355
Tlin00027-RA	GO:0003677
Tlin14705-RA	GO:0008270
Tlin14705-RA	GO:0003676
Tlin00674-RA	GO:0020037
Tlin00674-RA	GO:0019825
Tlin00674-RA	GO:0020037
Tlin05030-RA	GO:0008270
Tlin05030-RA	GO:0004089
Tlin00738-RA	GO:0051539
Tlin00738-RA	GO:0051536
Tlin00738-RA	GO:0003824
Tlin00738-RA	GO:0051539
Tlin00738-RA	GO:0035596
Tlin02422-RA	GO:0046983
Tlin02422-RA	GO:0046983
Tlin02422-RA	GO:0046983
Tlin09448-RA	GO:0000290
Tlin00495-RA	GO:0006355
Tlin00495-RA	GO:0008270
Tlin00495-RA	GO:0032786
Tlin00495-RA	GO:0005634
Tlin10984-RA	GO:0008061
Tlin10984-RA	GO:0005576
Tlin10984-RA	GO:0008061
Tlin00272-RA	GO:0005737
Tlin00272-RA	GO:0006886
Tlin00272-RA	GO:0048280
Tlin00272-RA	GO:0000139
Tlin06959-RA	GO:0005085
Tlin06959-RA	GO:0005085
Tlin08312-RA	GO:0008233
Tlin08312-RA	GO:0008237
Tlin08312-RA	GO:0005515
Tlin01821-RA	GO:0015031
Tlin01821-RA	GO:0016020
Tlin01821-RA	GO:0007030
Tlin01111-RA	GO:0090522
Tlin01111-RA	GO:0000145
Tlin01111-RA	GO:0006904
Tlin01111-RA	GO:0000145
Tlin01578-RA	GO:0005515
Tlin01578-RA	GO:0005515
Tlin01578-RA	GO:0005515
Tlin01578-RA	GO:0005515
Tlin04853-RA	GO:0003824
Tlin04853-RA	GO:0003824
Tlin04853-RA	GO:0003824
Tlin02659-RA	GO:0005840
Tlin02659-RA	GO:0006412
Tlin02659-RA	GO:0003735
Tlin08685-RA	GO:0051015
Tlin08685-RA	GO:0030036
Tlin08685-RA	GO:0005515
Tlin08685-RA	GO:0005515
Tlin08685-RA	GO:0005515
Tlin09317-RA	GO:0008312
Tlin09317-RA	GO:0048500
Tlin09317-RA	GO:0006614
Tlin09317-RA	GO:0008312
Tlin09317-RA	GO:0048500
Tlin09317-RA	GO:0006614
Tlin09317-RA	GO:0008312
Tlin09317-RA	GO:0048500
Tlin09317-RA	GO:0006614
Tlin09317-RA	GO:0008312
Tlin09317-RA	GO:0048500
Tlin09317-RA	GO:0006614
Tlin07855-RA	GO:0000166
Tlin07855-RA	GO:0000166
Tlin02492-RA	GO:0055085
Tlin02492-RA	GO:0022857
Tlin02492-RA	GO:0055085
Tlin02492-RA	GO:0022857
Tlin01628-RA	GO:0005515
Tlin01628-RA	GO:0005515
Tlin01628-RA	GO:0005515
Tlin08564-RA	GO:0005524
Tlin08564-RA	GO:0006468
Tlin08564-RA	GO:0004672
Tlin11723-RA	GO:0008270
Tlin11723-RA	GO:0004089
Tlin03267-RA	GO:0016301
Tlin03267-RA	GO:0005975
Tlin08822-RA	GO:0016747
Tlin11167-RA	GO:0005524
Tlin11167-RA	GO:0016887
Tlin11167-RA	GO:0005524
Tlin11167-RA	GO:0016887
Tlin11167-RA	GO:0005524
Tlin11167-RA	GO:0140359
Tlin11167-RA	GO:0016020
Tlin11167-RA	GO:0140359
Tlin11167-RA	GO:0016020
Tlin11167-RA	GO:0055085
Tlin11167-RA	GO:0140359
Tlin11167-RA	GO:0016020
Tlin11167-RA	GO:0005524
Tlin07215-RA	GO:0043565
Tlin07215-RA	GO:0006355
Tlin07215-RA	GO:0043565
Tlin07215-RA	GO:0006355
Tlin07215-RA	GO:0006355
Tlin07215-RA	GO:0005634
Tlin07215-RA	GO:0043565
Tlin07215-RA	GO:0006355
Tlin07215-RA	GO:0043565
Tlin07215-RA	GO:0006355
Tlin03351-RA	GO:0003779
Tlin03351-RA	GO:0003779
Tlin03351-RA	GO:0003779
Tlin03351-RA	GO:0003779
Tlin10073-RA	GO:0055085
Tlin10073-RA	GO:0022857
Tlin10830-RA	GO:0047429
Tlin10830-RA	GO:0009143
Tlin10830-RA	GO:0047429
Tlin10830-RA	GO:0009143
Tlin10830-RA	GO:0047429
Tlin10830-RA	GO:0009143
Tlin10830-RA	GO:0047429
Tlin10830-RA	GO:0009143
Tlin04543-RA	GO:0003899
Tlin04543-RA	GO:0006351
Tlin04543-RA	GO:0003677
Tlin04543-RA	GO:0046983
Tlin04543-RA	GO:0006351
Tlin04543-RA	GO:0046983
Tlin04543-RA	GO:0006351
Tlin04543-RA	GO:0046983
Tlin04543-RA	GO:0006351
Tlin08995-RA	GO:0043565
Tlin08995-RA	GO:0043565
Tlin08995-RA	GO:0003723
Tlin08995-RA	GO:0016070
Tlin08995-RA	GO:0003697
Tlin08995-RA	GO:0043565
Tlin08995-RA	GO:0043565
Tlin08995-RA	GO:0043565
Tlin12041-RA	GO:0005524
Tlin12041-RA	GO:0005524
Tlin01127-RA	GO:0005506
Tlin01127-RA	GO:0016705
Tlin01127-RA	GO:0020037
Tlin01127-RA	GO:0004497
Tlin01127-RA	GO:0005506
Tlin01127-RA	GO:0016705
Tlin01127-RA	GO:0020037
Tlin01127-RA	GO:0004497
Tlin01127-RA	GO:0005506
Tlin01127-RA	GO:0016705
Tlin01127-RA	GO:0020037
Tlin01127-RA	GO:0004497
Tlin01127-RA	GO:0005506
Tlin01127-RA	GO:0016705
Tlin01127-RA	GO:0020037
Tlin01127-RA	GO:0004497
Tlin01127-RA	GO:0005506
Tlin01127-RA	GO:0016705
Tlin01127-RA	GO:0020037
Tlin01127-RA	GO:0004497
Tlin01127-RA	GO:0005506
Tlin01127-RA	GO:0016705
Tlin01127-RA	GO:0020037
Tlin01127-RA	GO:0004497
Tlin01127-RA	GO:0005506
Tlin01127-RA	GO:0016705
Tlin01127-RA	GO:0020037
Tlin01127-RA	GO:0004497
Tlin01127-RA	GO:0005506
Tlin01127-RA	GO:0016705
Tlin01127-RA	GO:0020037
Tlin01127-RA	GO:0004497
Tlin01127-RA	GO:0005506
Tlin01127-RA	GO:0016705
Tlin01127-RA	GO:0020037
Tlin01127-RA	GO:0004497
Tlin01127-RA	GO:0005506
Tlin01127-RA	GO:0016705
Tlin01127-RA	GO:0020037
Tlin01127-RA	GO:0004497
Tlin01127-RA	GO:0005506
Tlin01127-RA	GO:0016705
Tlin01127-RA	GO:0020037
Tlin01127-RA	GO:0004497
Tlin01127-RA	GO:0005506
Tlin01127-RA	GO:0016705
Tlin01127-RA	GO:0020037
Tlin01127-RA	GO:0004497
Tlin01127-RA	GO:0005506
Tlin01127-RA	GO:0016705
Tlin01127-RA	GO:0020037
Tlin01127-RA	GO:0004497
Tlin01127-RA	GO:0016705
Tlin01127-RA	GO:0005506
Tlin01127-RA	GO:0005506
Tlin01127-RA	GO:0016705
Tlin01127-RA	GO:0020037
Tlin01127-RA	GO:0004497
Tlin01127-RA	GO:0005506
Tlin01127-RA	GO:0016705
Tlin01127-RA	GO:0020037
Tlin01127-RA	GO:0004497
Tlin01127-RA	GO:0016705
Tlin01127-RA	GO:0005506
Tlin14912-RA	GO:0007275
Tlin14912-RA	GO:0006511
Tlin14912-RA	GO:0006511
Tlin14912-RA	GO:0007275
Tlin14912-RA	GO:0005737
Tlin05023-RA	GO:0006506
Tlin05023-RA	GO:0016020
Tlin05023-RA	GO:0051751
Tlin05023-RA	GO:0004376
Tlin05023-RA	GO:0006506
Tlin05023-RA	GO:0016020
Tlin05023-RA	GO:0051751
Tlin05023-RA	GO:0004376
Tlin10084-RA	GO:0007017
Tlin10084-RA	GO:0005874
Tlin10084-RA	GO:0005525
Tlin10084-RA	GO:0005874
Tlin10084-RA	GO:0007017
Tlin10084-RA	GO:0005525
Tlin04986-RA	GO:1990904
Tlin04986-RA	GO:0042254
Tlin02686-RA	GO:0008061
Tlin02686-RA	GO:0008061
Tlin02686-RA	GO:0008061
Tlin02686-RA	GO:0008061
Tlin02686-RA	GO:0005576
Tlin02686-RA	GO:0008061
Tlin02686-RA	GO:0005576
Tlin02686-RA	GO:0008061
Tlin02686-RA	GO:0005576
Tlin02686-RA	GO:0008061
Tlin02686-RA	GO:0005576
Tlin02686-RA	GO:0008061
Tlin02686-RA	GO:0005975
Tlin02686-RA	GO:0008061
Tlin02686-RA	GO:0005975
Tlin02686-RA	GO:0005975
Tlin02686-RA	GO:0005975
Tlin02686-RA	GO:0005975
Tlin02686-RA	GO:0004553
Tlin02686-RA	GO:0005975
Tlin02686-RA	GO:0004553
Tlin02686-RA	GO:0005975
Tlin08415-RA	GO:0046872
Tlin06847-RA	GO:0007165
Tlin01589-RA	GO:0005666
Tlin01589-RA	GO:0006383
Tlin01589-RA	GO:0003677
Tlin01589-RA	GO:0005666
Tlin01589-RA	GO:0006383
Tlin01589-RA	GO:0003677
Tlin03606-RA	GO:0031515
Tlin03606-RA	GO:0030488
Tlin03606-RA	GO:0031515
Tlin03606-RA	GO:0030488
Tlin14740-RA	GO:0008270
Tlin14740-RA	GO:0005634
Tlin01817-RA	GO:0006355
Tlin01817-RA	GO:0043565
Tlin01817-RA	GO:0003700
Tlin01817-RA	GO:0006355
Tlin01817-RA	GO:0043565
Tlin01817-RA	GO:0003700
Tlin01817-RA	GO:0006355
Tlin01817-RA	GO:0043565
Tlin01817-RA	GO:0003700
Tlin13944-RA	GO:0016301
Tlin13944-RA	GO:0005975
Tlin09734-RA	GO:0006979
Tlin09734-RA	GO:0020037
Tlin09734-RA	GO:0004601
Tlin09734-RA	GO:0005515
Tlin01538-RA	GO:0005524
Tlin01538-RA	GO:0140359
Tlin01538-RA	GO:0016020
Tlin01538-RA	GO:0005524
Tlin01538-RA	GO:0016020
Tlin01538-RA	GO:0005524
Tlin01538-RA	GO:0016020
Tlin01538-RA	GO:0005524
Tlin01538-RA	GO:0140359
Tlin01538-RA	GO:0016020
Tlin01538-RA	GO:0055085
Tlin01538-RA	GO:0140359
Tlin01538-RA	GO:0005524
Tlin01538-RA	GO:0016020
Tlin01538-RA	GO:0055085
Tlin01538-RA	GO:0140359
Tlin01538-RA	GO:0005524
Tlin01538-RA	GO:0016887
Tlin01538-RA	GO:0005524
Tlin01538-RA	GO:0005524
Tlin01538-RA	GO:0016020
Tlin01538-RA	GO:0005524
Tlin07571-RA	GO:0005515
Tlin07571-RA	GO:0005515
Tlin07571-RA	GO:0005515
Tlin07571-RA	GO:0005515
Tlin07571-RA	GO:0005515
Tlin07571-RA	GO:0005515
Tlin01827-RA	GO:0005524
Tlin01827-RA	GO:0006468
Tlin01827-RA	GO:0004672
Tlin01827-RA	GO:0006468
Tlin01827-RA	GO:0004672
Tlin01827-RA	GO:0005524
Tlin07574-RA	GO:0005524
Tlin07574-RA	GO:0006468
Tlin07574-RA	GO:0004672
Tlin07574-RA	GO:0006468
Tlin07574-RA	GO:0004672
Tlin07574-RA	GO:0005524
Tlin10108-RA	GO:0005509
Tlin10108-RA	GO:0005509
Tlin10108-RA	GO:0005509
Tlin10108-RA	GO:0005509
Tlin10108-RA	GO:0005509
Tlin10108-RA	GO:0005509
Tlin10108-RA	GO:0016020
Tlin10108-RA	GO:0007154
Tlin09055-RA	GO:0006511
Tlin09055-RA	GO:0007275
Tlin09055-RA	GO:0005737
Tlin05170-RA	GO:0017150
Tlin05170-RA	GO:0050660
Tlin05170-RA	GO:0008033
Tlin02412-RA	GO:0006468
Tlin02412-RA	GO:0004672
Tlin02412-RA	GO:0005524
Tlin02412-RA	GO:0006468
Tlin02412-RA	GO:0004672
Tlin09818-RA	GO:0035091
Tlin09818-RA	GO:0035091
Tlin09818-RA	GO:0035091
Tlin08549-RA	GO:0001188
Tlin08549-RA	GO:0006360
Tlin08549-RA	GO:0070860
Tlin08549-RA	GO:0001164
Tlin14652-RA	GO:0003677
Tlin14652-RA	GO:0006310
Tlin14652-RA	GO:0015074
Tlin14652-RA	GO:0003677
Tlin06816-RA	GO:0016301
Tlin00703-RA	GO:0140359
Tlin00703-RA	GO:0016020
Tlin00703-RA	GO:0016887
Tlin00703-RA	GO:0005524
Tlin00703-RA	GO:0005524
Tlin03244-RA	GO:0008013
Tlin03244-RA	GO:0008013
Tlin03244-RA	GO:0008013
Tlin06019-RA	GO:0016491
Tlin00962-RA	GO:0016747
Tlin02747-RA	GO:0016717
Tlin02747-RA	GO:0006629
Tlin02747-RA	GO:0016717
Tlin14433-RA	GO:0015914
Tlin14433-RA	GO:0005548
Tlin14433-RA	GO:0015914
Tlin14433-RA	GO:0005548
Tlin01573-RA	GO:0006869
Tlin01573-RA	GO:0005319
Tlin01573-RA	GO:0006869
Tlin01573-RA	GO:0005319
Tlin01573-RA	GO:0006869
Tlin01573-RA	GO:0005319
Tlin01573-RA	GO:0005319
Tlin01573-RA	GO:0006869
Tlin01573-RA	GO:0005319
Tlin01573-RA	GO:0006869
Tlin01573-RA	GO:0005319
Tlin02414-RA	GO:0007165
Tlin02414-RA	GO:0005515
Tlin02414-RA	GO:0005515
Tlin02414-RA	GO:0034128
Tlin02414-RA	GO:0035591
Tlin02414-RA	GO:0048678
Tlin02414-RA	GO:0003953
Tlin02591-RA	GO:0008237
Tlin02591-RA	GO:0006508
Tlin02591-RA	GO:0004222
Tlin03219-RA	GO:0055085
Tlin03219-RA	GO:0022857
Tlin09081-RA	GO:0016791
Tlin09081-RA	GO:0006470
Tlin09081-RA	GO:0004725
Tlin09081-RA	GO:0016791
Tlin09081-RA	GO:0016311
Tlin10507-RA	GO:0032981
Tlin10507-RA	GO:0032981
Tlin08134-RA	GO:0016020
Tlin08134-RA	GO:0016020
Tlin08134-RA	GO:0005515
Tlin08134-RA	GO:0005515
Tlin08134-RA	GO:0016020
Tlin11579-RA	GO:0005515
Tlin11579-RA	GO:0005515
Tlin11579-RA	GO:0005515
Tlin11579-RA	GO:0005515
Tlin07870-RA	GO:0006412
Tlin01846-RA	GO:0005515
Tlin01846-RA	GO:0005515
Tlin01846-RA	GO:0005096
Tlin01846-RA	GO:0043547
Tlin01846-RA	GO:0005096
Tlin01846-RA	GO:0043547
Tlin01846-RA	GO:0005096
Tlin01846-RA	GO:0005515
Tlin01846-RA	GO:0005737
Tlin01846-RA	GO:0005515
Tlin11107-RA	GO:0000184
Tlin11107-RA	GO:0005515
Tlin11107-RA	GO:0003723
Tlin11107-RA	GO:0005515
Tlin11107-RA	GO:0003723
Tlin11107-RA	GO:0005515
Tlin11107-RA	GO:0003723
Tlin13221-RA	GO:0016020
Tlin13221-RA	GO:0008521
Tlin13221-RA	GO:0016020
Tlin08075-RA	GO:0005525
Tlin02796-RA	GO:0008023
Tlin02796-RA	GO:0006368
Tlin06142-RA	GO:0006260
Tlin06142-RA	GO:0003677
Tlin06142-RA	GO:0016887
Tlin06142-RA	GO:0005524
Tlin06142-RA	GO:0005524
Tlin06142-RA	GO:0005663
Tlin06142-RA	GO:0006260
Tlin06142-RA	GO:0003689
Tlin03513-RA	GO:0016491
Tlin03513-RA	GO:0016491
Tlin03513-RA	GO:0016491
Tlin08411-RA	GO:0006629
Tlin01881-RA	GO:0003723
Tlin01881-RA	GO:0003723
Tlin01881-RA	GO:0003676
Tlin06652-RA	GO:0030151
Tlin06652-RA	GO:0030170
Tlin06652-RA	GO:0003824
Tlin00169-RA	GO:0009968
Tlin00169-RA	GO:0005737
Tlin00169-RA	GO:0009968
Tlin00169-RA	GO:0005737
Tlin06815-RA	GO:0005515
Tlin06815-RA	GO:0005515
Tlin06815-RA	GO:0016409
Tlin06815-RA	GO:0005515
Tlin14026-RA	GO:0031390
Tlin14026-RA	GO:0007064
Tlin09727-RA	GO:0006355
Tlin09727-RA	GO:0008270
Tlin09727-RA	GO:0043565
Tlin09727-RA	GO:0003700
Tlin09727-RA	GO:0008270
Tlin09727-RA	GO:0006355
Tlin09727-RA	GO:0006355
Tlin09727-RA	GO:0008270
Tlin09727-RA	GO:0043565
Tlin09727-RA	GO:0003700
Tlin07878-RA	GO:0006357
Tlin07878-RA	GO:0001228
Tlin07878-RA	GO:0006355
Tlin07878-RA	GO:0003700
Tlin07878-RA	GO:0006357
Tlin07878-RA	GO:0000978
Tlin07878-RA	GO:0003700
Tlin07878-RA	GO:0005634
Tlin07878-RA	GO:0006355
Tlin07878-RA	GO:0003677
Tlin07878-RA	GO:0003700
Tlin07878-RA	GO:0005634
Tlin07878-RA	GO:0006355
Tlin07878-RA	GO:0003677
Tlin07878-RA	GO:0006355
Tlin07878-RA	GO:0003677
Tlin07878-RA	GO:0006355
Tlin07878-RA	GO:0003677
Tlin04727-RA	GO:0005515
Tlin03623-RA	GO:0003677
Tlin03623-RA	GO:0000166
Tlin03623-RA	GO:0003676
Tlin03623-RA	GO:0000166
Tlin03623-RA	GO:0016035
Tlin03623-RA	GO:0019985
Tlin03623-RA	GO:0006281
Tlin03623-RA	GO:0003676
Tlin02314-RA	GO:0016020
Tlin02314-RA	GO:0009922
Tlin02314-RA	GO:0016020
Tlin02314-RA	GO:0009922
Tlin10315-RA	GO:0005515
Tlin10315-RA	GO:0005515
Tlin10315-RA	GO:0005515
Tlin10315-RA	GO:0005515
Tlin12735-RA	GO:0005506
Tlin12735-RA	GO:0016705
Tlin12735-RA	GO:0020037
Tlin12735-RA	GO:0004497
Tlin12735-RA	GO:0005506
Tlin12735-RA	GO:0016705
Tlin12735-RA	GO:0020037
Tlin12735-RA	GO:0004497
Tlin12735-RA	GO:0005506
Tlin12735-RA	GO:0016705
Tlin12735-RA	GO:0020037
Tlin12735-RA	GO:0004497
Tlin12735-RA	GO:0016705
Tlin12735-RA	GO:0005506
Tlin07625-RA	GO:0005515
Tlin07625-RA	GO:0005515
Tlin07625-RA	GO:0005515
Tlin08845-RA	GO:0005085
Tlin08845-RA	GO:0005085
Tlin08845-RA	GO:0005515
Tlin08845-RA	GO:0005515
Tlin08845-RA	GO:0005515
Tlin11092-RA	GO:0006474
Tlin11092-RA	GO:0031415
Tlin11092-RA	GO:0004596
Tlin11092-RA	GO:0016747
Tlin11622-RA	GO:1990071
Tlin11622-RA	GO:0048193
Tlin08148-RA	GO:0007186
Tlin08148-RA	GO:0016020
Tlin08148-RA	GO:0004930
Tlin08148-RA	GO:0007186
Tlin08148-RA	GO:0016020
Tlin08148-RA	GO:0004930
Tlin04525-RA	GO:0005515
Tlin04525-RA	GO:0045892
Tlin04525-RA	GO:0003714
Tlin13847-RA	GO:0007264
Tlin13847-RA	GO:0005085
Tlin13847-RA	GO:0007264
Tlin13847-RA	GO:0005085
Tlin12455-RA	GO:0016791
Tlin12455-RA	GO:0005975
Tlin12455-RA	GO:0042578
Tlin12455-RA	GO:0005975
Tlin12455-RA	GO:0016791
Tlin12455-RA	GO:0005975
Tlin04336-RA	GO:0006468
Tlin04336-RA	GO:0004672
Tlin04336-RA	GO:0005524
Tlin04336-RA	GO:0006468
Tlin04336-RA	GO:0004672
Tlin09316-RA	GO:0008270
Tlin09316-RA	GO:0004089
Tlin09316-RA	GO:0008270
Tlin09316-RA	GO:0004089
Tlin10832-RA	GO:0050660
Tlin10832-RA	GO:0016627
Tlin10832-RA	GO:0016627
Tlin10832-RA	GO:0016627
Tlin10832-RA	GO:0016627
Tlin10832-RA	GO:0016627
Tlin04815-RA	GO:0003682
Tlin04815-RA	GO:0005515
Tlin04815-RA	GO:0042054
Tlin04815-RA	GO:0005634
Tlin04815-RA	GO:0005515
Tlin04815-RA	GO:0005515
Tlin04815-RA	GO:0005515
Tlin00365-RA	GO:0016887
Tlin00365-RA	GO:0005524
Tlin06624-RA	GO:0016491
Tlin08325-RA	GO:0003677
Tlin08325-RA	GO:0003677
Tlin08325-RA	GO:0006355
Tlin08325-RA	GO:0000981
Tlin01716-RA	GO:0005515
Tlin01716-RA	GO:0005515
Tlin01716-RA	GO:0005515
Tlin01716-RA	GO:0005515
Tlin01716-RA	GO:0005515
Tlin01716-RA	GO:0005515
Tlin01716-RA	GO:0005515
Tlin08758-RA	GO:0005515
Tlin08758-RA	GO:0005515
Tlin08758-RA	GO:0005515
Tlin08758-RA	GO:0005515
Tlin08758-RA	GO:0005515
Tlin08758-RA	GO:0005515
Tlin08758-RA	GO:0005515
Tlin07025-RA	GO:0005515
Tlin07025-RA	GO:0005515
Tlin07025-RA	GO:0005515
Tlin02756-RA	GO:0008234
Tlin02756-RA	GO:0006508
Tlin02877-RA	GO:0003700
Tlin02877-RA	GO:0006355
Tlin02877-RA	GO:0003677
Tlin02221-RA	GO:0007165
Tlin02221-RA	GO:0005515
Tlin02221-RA	GO:0005515
Tlin02221-RA	GO:0005515
Tlin02221-RA	GO:0005515
Tlin02221-RA	GO:0005515
Tlin06187-RA	GO:0004842
Tlin06187-RA	GO:0004842
Tlin06187-RA	GO:0004842
Tlin06187-RA	GO:0061630
Tlin06187-RA	GO:0000209
Tlin10848-RA	GO:0005840
Tlin10848-RA	GO:0006412
Tlin10848-RA	GO:0003735
Tlin02341-RA	GO:0046983
Tlin02341-RA	GO:0046983
Tlin02341-RA	GO:0046983
Tlin10696-RA	GO:0006468
Tlin10696-RA	GO:0004672
Tlin10696-RA	GO:0016849
Tlin10696-RA	GO:0035556
Tlin10696-RA	GO:0009190
Tlin10696-RA	GO:0035556
Tlin10696-RA	GO:0009190
Tlin10696-RA	GO:0035556
Tlin10696-RA	GO:0009190
Tlin06205-RA	GO:0005524
Tlin06205-RA	GO:0006233
Tlin06205-RA	GO:0004798
Tlin09833-RA	GO:0009253
Tlin09833-RA	GO:0008745
Tlin09833-RA	GO:0009253
Tlin09833-RA	GO:0008745
Tlin09833-RA	GO:0009253
Tlin09833-RA	GO:0008745
Tlin09833-RA	GO:0009253
Tlin09833-RA	GO:0008745
Tlin09833-RA	GO:0009253
Tlin09833-RA	GO:0008745
Tlin09833-RA	GO:0009253
Tlin09833-RA	GO:0008745
Tlin09833-RA	GO:0009253
Tlin09833-RA	GO:0008745
Tlin05785-RA	GO:0005515
Tlin05785-RA	GO:0007165
Tlin05785-RA	GO:0005085
Tlin05785-RA	GO:0005085
Tlin05785-RA	GO:0007264
Tlin05785-RA	GO:0090630
Tlin05785-RA	GO:0005085
Tlin05785-RA	GO:0035556
Tlin05785-RA	GO:0005085
Tlin05785-RA	GO:0005515
Tlin10420-RA	GO:0006355
Tlin10420-RA	GO:0008270
Tlin10420-RA	GO:0043565
Tlin10420-RA	GO:0003700
Tlin10420-RA	GO:0008270
Tlin10420-RA	GO:0006355
Tlin10420-RA	GO:0006355
Tlin10420-RA	GO:0008270
Tlin10420-RA	GO:0043565
Tlin10420-RA	GO:0003700
Tlin00757-RA	GO:0008569
Tlin00757-RA	GO:0030286
Tlin00757-RA	GO:0007018
Tlin00757-RA	GO:0008569
Tlin00757-RA	GO:0030286
Tlin00757-RA	GO:0045505
Tlin00757-RA	GO:0051959
Tlin00757-RA	GO:0007018
Tlin00757-RA	GO:0005524
Tlin14495-RA	GO:0003677
Tlin14495-RA	GO:0006384
Tlin14495-RA	GO:0000127
Tlin11222-RA	GO:0005524
Tlin11222-RA	GO:0006468
Tlin11222-RA	GO:0004672
Tlin11222-RA	GO:0006468
Tlin11222-RA	GO:0004672
Tlin11222-RA	GO:0005524
Tlin11222-RA	GO:0006468
Tlin11222-RA	GO:0004707
Tlin02599-RA	GO:0106245
Tlin02599-RA	GO:0006659
Tlin00624-RA	GO:0032012
Tlin00624-RA	GO:0005085
Tlin00624-RA	GO:0032012
Tlin00624-RA	GO:0005085
Tlin00624-RA	GO:0032012
Tlin00624-RA	GO:0005085
Tlin00331-RA	GO:0005524
Tlin00331-RA	GO:0004674
Tlin05557-RA	GO:0005524
Tlin05557-RA	GO:0007018
Tlin05557-RA	GO:0008017
Tlin05557-RA	GO:0003777
Tlin05557-RA	GO:0005515
Tlin05557-RA	GO:0035091
Tlin05557-RA	GO:0035091
Tlin05557-RA	GO:0005524
Tlin05557-RA	GO:0007018
Tlin05557-RA	GO:0003777
Tlin05557-RA	GO:0035091
Tlin10048-RA	GO:0036211
Tlin05867-RA	GO:0070836
Tlin05867-RA	GO:0070836
Tlin00868-RA	GO:0016853
Tlin00868-RA	GO:0030246
Tlin00868-RA	GO:0005975
Tlin00868-RA	GO:0030246
Tlin00868-RA	GO:0003824
Tlin00868-RA	GO:0030246
Tlin00868-RA	GO:0016853
Tlin00868-RA	GO:0005975
Tlin00868-RA	GO:0005975
Tlin00868-RA	GO:0030246
Tlin00868-RA	GO:0003824
Tlin00765-RA	GO:0005634
Tlin00765-RA	GO:0006302
Tlin00765-RA	GO:0030145
Tlin00765-RA	GO:0004519
Tlin00765-RA	GO:0016787
Tlin00585-RA	GO:0005515
Tlin00585-RA	GO:0005515
Tlin00585-RA	GO:0005515
Tlin00585-RA	GO:0005515
Tlin00585-RA	GO:0005515
Tlin00585-RA	GO:0003676
Tlin00084-RA	GO:0008081
Tlin00084-RA	GO:0006629
Tlin00084-RA	GO:0008081
Tlin00084-RA	GO:0006629
Tlin12313-RA	GO:0051536
Tlin12313-RA	GO:0051537
Tlin12313-RA	GO:0051536
Tlin12313-RA	GO:0051536
Tlin12313-RA	GO:0009055
Tlin00191-RA	GO:0016192
Tlin00191-RA	GO:0016020
Tlin00191-RA	GO:0016020
Tlin00191-RA	GO:0006886
Tlin07335-RA	GO:0008430
Tlin07335-RA	GO:0008430
Tlin06059-RA	GO:0055085
Tlin06059-RA	GO:0022857
Tlin06059-RA	GO:0055085
Tlin06059-RA	GO:0022857
Tlin12826-RA	GO:0006357
Tlin12826-RA	GO:0016592
Tlin12826-RA	GO:0003712
Tlin11623-RA	GO:0015078
Tlin11623-RA	GO:0015986
Tlin11623-RA	GO:0000276
Tlin11623-RA	GO:0015078
Tlin11623-RA	GO:0015986
Tlin11623-RA	GO:0000276
Tlin07668-RA	GO:0005515
Tlin07668-RA	GO:0005515
Tlin04866-RA	GO:0006508
Tlin04866-RA	GO:0004222
Tlin04866-RA	GO:0008237
Tlin09707-RA	GO:0048015
Tlin09707-RA	GO:0046854
Tlin09707-RA	GO:0016301
Tlin09707-RA	GO:0035091
Tlin09707-RA	GO:0035091
Tlin09707-RA	GO:0035091
Tlin01488-RA	GO:0003824
Tlin01488-RA	GO:0009081
Tlin01488-RA	GO:0004084
Tlin01488-RA	GO:0003824
Tlin01488-RA	GO:0009081
Tlin01488-RA	GO:0004084
Tlin00831-RA	GO:0016491
Tlin00831-RA	GO:0016209
Tlin00831-RA	GO:0051920
Tlin00414-RA	GO:0031145
Tlin00414-RA	GO:0005680
Tlin08040-RA	GO:0005737
Tlin08040-RA	GO:0009264
Tlin08040-RA	GO:0004139
Tlin08040-RA	GO:0005737
Tlin08040-RA	GO:0009264
Tlin08040-RA	GO:0004139
Tlin08040-RA	GO:0016829
Tlin02633-RA	GO:0016020
Tlin02633-RA	GO:0005509
Tlin02633-RA	GO:0016020
Tlin02633-RA	GO:0005509
Tlin02633-RA	GO:0016020
Tlin02633-RA	GO:0005509
Tlin02633-RA	GO:0016020
Tlin02633-RA	GO:0005509
Tlin02633-RA	GO:0007155
Tlin02633-RA	GO:0005886
Tlin02633-RA	GO:0007155
Tlin02633-RA	GO:0005886
Tlin02633-RA	GO:0016020
Tlin02633-RA	GO:0005509
Tlin02633-RA	GO:0016020
Tlin02633-RA	GO:0005509
Tlin02633-RA	GO:0016020
Tlin02633-RA	GO:0005509
Tlin02633-RA	GO:0016020
Tlin02633-RA	GO:0005509
Tlin02633-RA	GO:0016020
Tlin02633-RA	GO:0005509
Tlin02633-RA	GO:0016020
Tlin02633-RA	GO:0005509
Tlin02633-RA	GO:0007155
Tlin02633-RA	GO:0005886
Tlin02633-RA	GO:0007155
Tlin02633-RA	GO:0005886
Tlin02633-RA	GO:0007155
Tlin02633-RA	GO:0005886
Tlin02633-RA	GO:0016020
Tlin02633-RA	GO:0005509
Tlin02633-RA	GO:0007155
Tlin02633-RA	GO:0005886
Tlin02633-RA	GO:0016020
Tlin02633-RA	GO:0005509
Tlin02633-RA	GO:0007155
Tlin02633-RA	GO:0005886
Tlin02633-RA	GO:0016020
Tlin02633-RA	GO:0005509
Tlin02633-RA	GO:0007156
Tlin02633-RA	GO:0016020
Tlin02633-RA	GO:0005509
Tlin02633-RA	GO:0007156
Tlin02633-RA	GO:0016020
Tlin02633-RA	GO:0005509
Tlin02633-RA	GO:0007156
Tlin02633-RA	GO:0016020
Tlin02633-RA	GO:0005509
Tlin02633-RA	GO:0007156
Tlin02633-RA	GO:0016020
Tlin02633-RA	GO:0005509
Tlin02633-RA	GO:0007156
Tlin02633-RA	GO:0016020
Tlin02633-RA	GO:0005509
Tlin02633-RA	GO:0007156
Tlin02633-RA	GO:0016020
Tlin02633-RA	GO:0005509
Tlin02633-RA	GO:0007156
Tlin02633-RA	GO:0016020
Tlin02633-RA	GO:0005509
Tlin02633-RA	GO:0007156
Tlin02633-RA	GO:0016020
Tlin02633-RA	GO:0005509
Tlin02633-RA	GO:0007156
Tlin02633-RA	GO:0016020
Tlin02633-RA	GO:0005509
Tlin02633-RA	GO:0007155
Tlin02633-RA	GO:0005886
Tlin02633-RA	GO:0016020
Tlin02633-RA	GO:0005509
Tlin11205-RA	GO:0005515
Tlin11205-RA	GO:0005515
Tlin11205-RA	GO:0005515
Tlin11205-RA	GO:0005515
Tlin12871-RA	GO:0003723
Tlin12871-RA	GO:0003676
Tlin12871-RA	GO:0003676
Tlin12871-RA	GO:0003723
Tlin12871-RA	GO:0003723
Tlin04285-RA	GO:0016020
Tlin04285-RA	GO:0016020
Tlin07354-RA	GO:0016020
Tlin07354-RA	GO:0015276
Tlin08591-RA	GO:0016747
Tlin09391-RA	GO:0005515
Tlin10354-RA	GO:0008017
Tlin10354-RA	GO:0008017
Tlin10354-RA	GO:0008017
Tlin10354-RA	GO:0005515
Tlin02565-RA	GO:0016627
Tlin02565-RA	GO:0005777
Tlin02565-RA	GO:0006635
Tlin02565-RA	GO:0003997
Tlin02565-RA	GO:0016627
Tlin02565-RA	GO:0016627
Tlin02565-RA	GO:0016627
Tlin02565-RA	GO:0016627
Tlin02565-RA	GO:0005777
Tlin02565-RA	GO:0006631
Tlin02565-RA	GO:0071949
Tlin02565-RA	GO:0003997
Tlin09423-RA	GO:0016020
Tlin09423-RA	GO:0016020
Tlin11879-RA	GO:0006508
Tlin11879-RA	GO:0004198
Tlin11879-RA	GO:0006508
Tlin11879-RA	GO:0004198
Tlin06932-RA	GO:0006508
Tlin06932-RA	GO:0004197
Tlin08991-RA	GO:0005506
Tlin08991-RA	GO:0016705
Tlin08991-RA	GO:0020037
Tlin08991-RA	GO:0004497
Tlin08991-RA	GO:0005506
Tlin08991-RA	GO:0016705
Tlin08991-RA	GO:0020037
Tlin08991-RA	GO:0004497
Tlin08991-RA	GO:0005506
Tlin08991-RA	GO:0016705
Tlin08991-RA	GO:0020037
Tlin08991-RA	GO:0004497
Tlin08991-RA	GO:0016705
Tlin08991-RA	GO:0005506
Tlin07645-RA	GO:0030246
Tlin00756-RA	GO:0016020
Tlin00756-RA	GO:0005886
Tlin05042-RA	GO:0006468
Tlin05042-RA	GO:0004672
Tlin14918-RA	GO:0006357
Tlin14918-RA	GO:0016592
Tlin14918-RA	GO:0003712
Tlin14918-RA	GO:0006357
Tlin14918-RA	GO:0016592
Tlin14918-RA	GO:0003712
Tlin05890-RA	GO:0006606
Tlin05890-RA	GO:0043169
Tlin05890-RA	GO:0031267
Tlin05890-RA	GO:0006886
Tlin07835-RA	GO:0004643
Tlin07835-RA	GO:0006164
Tlin07835-RA	GO:0003937
Tlin07835-RA	GO:0003824
Tlin07835-RA	GO:0004643
Tlin07835-RA	GO:0006164
Tlin07835-RA	GO:0003937
Tlin14360-RA	GO:0004643
Tlin14360-RA	GO:0006164
Tlin14360-RA	GO:0003937
Tlin14360-RA	GO:0003824
Tlin14360-RA	GO:0004643
Tlin14360-RA	GO:0006164
Tlin14360-RA	GO:0003937
Tlin09193-RA	GO:0019441
Tlin09193-RA	GO:0020037
Tlin09193-RA	GO:0004833
Tlin09193-RA	GO:0020037
Tlin09193-RA	GO:0046872
Tlin09193-RA	GO:0019441
Tlin09193-RA	GO:0019441
Tlin09193-RA	GO:0020037
Tlin09193-RA	GO:0004833
Tlin10914-RA	GO:0019441
Tlin10914-RA	GO:0020037
Tlin10914-RA	GO:0004833
Tlin10914-RA	GO:0020037
Tlin10914-RA	GO:0046872
Tlin10914-RA	GO:0019441
Tlin10914-RA	GO:0019441
Tlin10914-RA	GO:0020037
Tlin10914-RA	GO:0004833
Tlin12156-RA	GO:0006629
Tlin01067-RA	GO:0009966
Tlin01067-RA	GO:0016020
Tlin01067-RA	GO:0007275
Tlin07620-RA	GO:0006468
Tlin07620-RA	GO:0004672
Tlin07620-RA	GO:0005524
Tlin07620-RA	GO:0006468
Tlin07620-RA	GO:0004672
Tlin01311-RA	GO:0005515
Tlin01311-RA	GO:0005515
Tlin01311-RA	GO:0005515
Tlin01311-RA	GO:0005886
Tlin01311-RA	GO:0007155
Tlin01311-RA	GO:0007411
Tlin01311-RA	GO:0005515
Tlin01311-RA	GO:0005515
Tlin01311-RA	GO:0005515
Tlin14295-RA	GO:0055085
Tlin14295-RA	GO:0016020
Tlin01709-RA	GO:0005515
Tlin01709-RA	GO:0046983
Tlin01709-RA	GO:0006355
Tlin01709-RA	GO:0046983
Tlin11271-RA	GO:0006811
Tlin11271-RA	GO:0016020
Tlin11271-RA	GO:0005230
Tlin11271-RA	GO:0006811
Tlin11271-RA	GO:0016020
Tlin11271-RA	GO:0005230
Tlin11271-RA	GO:0006811
Tlin11271-RA	GO:0016020
Tlin11271-RA	GO:0005230
Tlin11271-RA	GO:0004540
Tlin11271-RA	GO:0003723
Tlin03583-RA	GO:0003723
Tlin03583-RA	GO:0003723
Tlin03583-RA	GO:0003723
Tlin03583-RA	GO:0003676
Tlin03583-RA	GO:0003723
Tlin03583-RA	GO:0003723
Tlin03583-RA	GO:0003723
Tlin03583-RA	GO:0003723
Tlin03583-RA	GO:0003723
Tlin03583-RA	GO:0003723
Tlin03583-RA	GO:0003723
Tlin03583-RA	GO:0003723
Tlin10628-RA	GO:0008318
Tlin10628-RA	GO:0003824
Tlin10628-RA	GO:0003824
Tlin10628-RA	GO:0003824
Tlin10628-RA	GO:0003824
Tlin10628-RA	GO:0003824
Tlin10628-RA	GO:0018343
Tlin10628-RA	GO:0005965
Tlin04372-RA	GO:0046912
Tlin04372-RA	GO:0006099
Tlin04372-RA	GO:0003824
Tlin04372-RA	GO:0046912
Tlin04372-RA	GO:0046912
Tlin04372-RA	GO:0006099
Tlin13237-RA	GO:0006508
Tlin13237-RA	GO:0004252
Tlin10737-RA	GO:0042981
Tlin10737-RA	GO:0002039
Tlin03716-RA	GO:0003676
Tlin03716-RA	GO:0003676
Tlin00050-RA	GO:0003824
Tlin00050-RA	GO:0030170
Tlin00050-RA	GO:0019264
Tlin00050-RA	GO:0030170
Tlin00050-RA	GO:0035999
Tlin00050-RA	GO:0004372
Tlin00050-RA	GO:0003824
Tlin00050-RA	GO:0019264
Tlin00050-RA	GO:0030170
Tlin00050-RA	GO:0035999
Tlin00050-RA	GO:0004372
Tlin04340-RA	GO:0016012
Tlin04340-RA	GO:0016012
Tlin04340-RA	GO:0016020
Tlin04340-RA	GO:0005509
Tlin06237-RA	GO:0007179
Tlin06237-RA	GO:0005515
Tlin06237-RA	GO:0006355
Tlin06237-RA	GO:0007179
Tlin06237-RA	GO:0006355
Tlin06237-RA	GO:0006355
Tlin10138-RA	GO:0008270
Tlin02812-RA	GO:0035556
Tlin02812-RA	GO:0009190
Tlin02812-RA	GO:0016849
Tlin02812-RA	GO:0035556
Tlin02812-RA	GO:0009190
Tlin02812-RA	GO:0020037
Tlin02812-RA	GO:0020037
Tlin02812-RA	GO:0035556
Tlin02812-RA	GO:0009190
Tlin02812-RA	GO:0006182
Tlin02812-RA	GO:0004383
Tlin02733-RA	GO:0007249
Tlin02733-RA	GO:0005525
Tlin02733-RA	GO:0003924
Tlin14988-RA	GO:0004523
Tlin14988-RA	GO:0003676
Tlin14988-RA	GO:0003824
Tlin14988-RA	GO:0003676
Tlin04057-RA	GO:0016705
Tlin04057-RA	GO:0005506
Tlin04057-RA	GO:0005506
Tlin04057-RA	GO:0016705
Tlin04057-RA	GO:0020037
Tlin04057-RA	GO:0004497
Tlin04057-RA	GO:0005506
Tlin04057-RA	GO:0016705
Tlin04057-RA	GO:0020037
Tlin04057-RA	GO:0004497
Tlin04057-RA	GO:0005506
Tlin04057-RA	GO:0016705
Tlin04057-RA	GO:0020037
Tlin04057-RA	GO:0004497
Tlin02935-RA	GO:0008324
Tlin02935-RA	GO:0016020
Tlin02935-RA	GO:0055085
Tlin02935-RA	GO:0006812
Tlin04980-RA	GO:0022900
Tlin04980-RA	GO:0022900
Tlin03064-RA	GO:0007034
Tlin03064-RA	GO:0007034
Tlin06437-RA	GO:0007076
Tlin06437-RA	GO:0000796
Tlin00928-RA	GO:0030246
Tlin00928-RA	GO:0030246
Tlin07766-RA	GO:0005634
Tlin07766-RA	GO:0006397
Tlin07766-RA	GO:0004721
Tlin07766-RA	GO:0005634
Tlin07766-RA	GO:0006397
Tlin07766-RA	GO:0004721
Tlin11153-RA	GO:0016020
Tlin11153-RA	GO:0015293
Tlin11153-RA	GO:0016020
Tlin11153-RA	GO:0015293
Tlin11153-RA	GO:0016020
Tlin11153-RA	GO:0015293
Tlin08923-RA	GO:0006813
Tlin08923-RA	GO:0016020
Tlin08923-RA	GO:0005242
Tlin02060-RA	GO:0030276
Tlin02060-RA	GO:0006897
Tlin01739-RA	GO:0005524
Tlin01739-RA	GO:0004674
Tlin01739-RA	GO:0005524
Tlin01739-RA	GO:0006468
Tlin01739-RA	GO:0004672
Tlin01739-RA	GO:0051262
Tlin02061-RA	GO:0005543
Tlin02061-RA	GO:0030276
Tlin02061-RA	GO:0006897
Tlin07731-RA	GO:0005634
Tlin07731-RA	GO:0006355
Tlin07731-RA	GO:0003700
Tlin07731-RA	GO:0006355
Tlin07731-RA	GO:0003700
Tlin07731-RA	GO:0003700
Tlin07731-RA	GO:0006355
Tlin07731-RA	GO:0000978
Tlin07731-RA	GO:0005634
Tlin07731-RA	GO:0006355
Tlin07731-RA	GO:0003700
Tlin07731-RA	GO:0045893
Tlin07731-RA	GO:0003700
Tlin14379-RA	GO:0005515
Tlin14379-RA	GO:0005515
Tlin14379-RA	GO:0005515
Tlin14379-RA	GO:0005515
Tlin14379-RA	GO:0005515
Tlin12861-RA	GO:0003676
Tlin12861-RA	GO:0015074
Tlin11430-RA	GO:0032049
Tlin11430-RA	GO:0004605
Tlin11430-RA	GO:0005515
Tlin11430-RA	GO:0006508
Tlin11430-RA	GO:0004190
Tlin11430-RA	GO:0006508
Tlin11430-RA	GO:0004190
Tlin00709-RA	GO:0003723
Tlin00709-RA	GO:0006412
Tlin00709-RA	GO:0003735
Tlin00709-RA	GO:0003723
Tlin09645-RA	GO:0016616
Tlin09645-RA	GO:0016491
Tlin09645-RA	GO:0008270
Tlin06615-RA	GO:0055085
Tlin06615-RA	GO:0022857
Tlin06615-RA	GO:0055085
Tlin06615-RA	GO:0022857
Tlin13105-RA	GO:0016298
Tlin13105-RA	GO:0016298
Tlin13408-RA	GO:0008569
Tlin13408-RA	GO:0030286
Tlin13408-RA	GO:0045505
Tlin13408-RA	GO:0051959
Tlin13408-RA	GO:0007018
Tlin13408-RA	GO:0005524
Tlin10731-RA	GO:0000184
Tlin10731-RA	GO:0000184
Tlin07951-RA	GO:0008250
Tlin07951-RA	GO:0006486
Tlin10784-RA	GO:0035556
Tlin10784-RA	GO:0009190
Tlin10784-RA	GO:0016849
Tlin10784-RA	GO:0035556
Tlin10784-RA	GO:0009190
Tlin10784-RA	GO:0035556
Tlin10784-RA	GO:0009190
Tlin04857-RA	GO:0005515
Tlin04857-RA	GO:0005515
Tlin04857-RA	GO:0005515
Tlin04857-RA	GO:0005515
Tlin04857-RA	GO:0005515
Tlin04857-RA	GO:0005515
Tlin04857-RA	GO:0005515
Tlin04857-RA	GO:0005515
Tlin04857-RA	GO:0005515
Tlin04857-RA	GO:0005515
Tlin00557-RA	GO:0005515
Tlin00557-RA	GO:0005515
Tlin00557-RA	GO:0005515
Tlin00557-RA	GO:0005515
Tlin00557-RA	GO:0005515
Tlin00557-RA	GO:0005515
Tlin00557-RA	GO:0005515
Tlin00486-RA	GO:0055085
Tlin00486-RA	GO:0022857
Tlin06809-RA	GO:0030008
Tlin06809-RA	GO:0016192
Tlin06809-RA	GO:0030008
Tlin06809-RA	GO:0016192
Tlin08256-RA	GO:0003677
Tlin08256-RA	GO:0003677
Tlin08256-RA	GO:0006355
Tlin08256-RA	GO:0000981
Tlin00137-RA	GO:0022857
Tlin00137-RA	GO:0055085
Tlin00137-RA	GO:0016020
Tlin00137-RA	GO:0022857
Tlin00137-RA	GO:0055085
Tlin00137-RA	GO:0016020
Tlin00137-RA	GO:0022857
Tlin00137-RA	GO:0055085
Tlin00137-RA	GO:0016020
Tlin00137-RA	GO:0022857
Tlin00137-RA	GO:0055085
Tlin00137-RA	GO:0016020
Tlin02223-RA	GO:0005515
Tlin02223-RA	GO:0005515
Tlin02223-RA	GO:0005515
Tlin02223-RA	GO:0005515
Tlin02223-RA	GO:0005515
Tlin07035-RA	GO:0005525
Tlin07035-RA	GO:0003924
Tlin03810-RA	GO:0008612
Tlin03810-RA	GO:0008612
Tlin03810-RA	GO:0008612
Tlin14354-RA	GO:0003676
Tlin10499-RA	GO:0005515
Tlin10499-RA	GO:0006913
Tlin10499-RA	GO:0005515
Tlin10499-RA	GO:0046907
Tlin10499-RA	GO:0046907
Tlin10499-RA	GO:0046907
Tlin10499-RA	GO:0046907
Tlin03739-RA	GO:0006511
Tlin03739-RA	GO:0004843
Tlin03739-RA	GO:0006511
Tlin03739-RA	GO:0004843
Tlin03739-RA	GO:0006511
Tlin03739-RA	GO:0004843
Tlin05020-RA	GO:0007186
Tlin05020-RA	GO:0016020
Tlin05020-RA	GO:0004930
Tlin05020-RA	GO:0007186
Tlin05020-RA	GO:0016020
Tlin05020-RA	GO:0004930
Tlin11353-RA	GO:0006508
Tlin11353-RA	GO:0008236
Tlin11353-RA	GO:0006508
Tlin09671-RA	GO:0006308
Tlin09671-RA	GO:0008821
Tlin09671-RA	GO:0006302
Tlin09671-RA	GO:0004518
Tlin09671-RA	GO:0003677
Tlin05797-RA	GO:0008270
Tlin05797-RA	GO:0005634
Tlin06558-RA	GO:0031011
Tlin06558-RA	GO:0006338
Tlin13916-RA	GO:0003723
Tlin13916-RA	GO:0003676
Tlin06856-RA	GO:0006821
Tlin06856-RA	GO:0016020
Tlin06856-RA	GO:0055085
Tlin06856-RA	GO:0005247
Tlin05033-RA	GO:0005549
Tlin06452-RA	GO:0003824
Tlin11570-RA	GO:0045893
Tlin11570-RA	GO:0003700
Tlin11570-RA	GO:0003700
Tlin11570-RA	GO:0006355
Tlin11570-RA	GO:0000978
Tlin11570-RA	GO:0005634
Tlin11570-RA	GO:0006355
Tlin11570-RA	GO:0003700
Tlin11570-RA	GO:0006355
Tlin11570-RA	GO:0003700
Tlin00140-RA	GO:0005524
Tlin00140-RA	GO:0006164
Tlin00140-RA	GO:0006177
Tlin00140-RA	GO:0003922
Tlin00140-RA	GO:0005524
Tlin00140-RA	GO:0006177
Tlin00140-RA	GO:0003922
Tlin00140-RA	GO:0005524
Tlin00140-RA	GO:0006164
Tlin00140-RA	GO:0006177
Tlin00140-RA	GO:0003922
Tlin13854-RA	GO:0008270
Tlin13854-RA	GO:0005634
Tlin13854-RA	GO:0008270
Tlin13854-RA	GO:0005634
Tlin13854-RA	GO:0008270
Tlin13854-RA	GO:0005634
Tlin13854-RA	GO:0008270
Tlin13854-RA	GO:0005634
Tlin13854-RA	GO:0008270
Tlin13854-RA	GO:0005634
Tlin13854-RA	GO:0008270
Tlin13854-RA	GO:0005634
Tlin13854-RA	GO:0003700
Tlin11988-RA	GO:0006486
Tlin11988-RA	GO:0016020
Tlin11988-RA	GO:0004576
Tlin11988-RA	GO:0006486
Tlin11988-RA	GO:0016020
Tlin11988-RA	GO:0004576
Tlin09204-RA	GO:0003677
Tlin09204-RA	GO:0003677
Tlin06052-RA	GO:0008270
Tlin06052-RA	GO:0003676
Tlin06052-RA	GO:0008270
Tlin06052-RA	GO:0003676
Tlin08385-RA	GO:0005515
Tlin08385-RA	GO:0005515
Tlin08385-RA	GO:0005515
Tlin00526-RA	GO:0005515
Tlin00526-RA	GO:0005515
Tlin00526-RA	GO:0005515
Tlin00526-RA	GO:0005515
Tlin00526-RA	GO:0005515
Tlin00381-RA	GO:0016298
Tlin00381-RA	GO:0006629
Tlin00381-RA	GO:0016298
Tlin12936-RA	GO:0008270
Tlin12936-RA	GO:0004089
Tlin12936-RA	GO:0008270
Tlin12936-RA	GO:0004089
Tlin05032-RA	GO:0005840
Tlin05032-RA	GO:0006412
Tlin05032-RA	GO:0003735
Tlin05032-RA	GO:0005840
Tlin05032-RA	GO:0006412
Tlin05032-RA	GO:0003735
Tlin05032-RA	GO:0005840
Tlin05032-RA	GO:0006412
Tlin05032-RA	GO:0003735
Tlin12161-RA	GO:0043565
Tlin02349-RA	GO:0008270
Tlin02349-RA	GO:0005634
Tlin02025-RA	GO:0006468
Tlin02025-RA	GO:0004672
Tlin03395-RA	GO:0055085
Tlin03395-RA	GO:0022857
Tlin03395-RA	GO:0055085
Tlin03395-RA	GO:0022857
Tlin07347-RA	GO:0016020
Tlin02723-RA	GO:0008168
Tlin02723-RA	GO:0008168
Tlin02723-RA	GO:0032259
Tlin02723-RA	GO:0003676
Tlin02324-RA	GO:0008146
Tlin02324-RA	GO:0008146
Tlin02734-RA	GO:0005525
Tlin02734-RA	GO:0003924
Tlin12012-RA	GO:0010181
Tlin12012-RA	GO:0051539
Tlin12012-RA	GO:0008137
Tlin12012-RA	GO:0051539
Tlin12012-RA	GO:0010181
Tlin12012-RA	GO:0051539
Tlin12012-RA	GO:0008137
Tlin11641-RA	GO:0005634
Tlin11641-RA	GO:0006355
Tlin11641-RA	GO:0003700
Tlin09785-RA	GO:0007165
Tlin09785-RA	GO:0005096
Tlin09785-RA	GO:0050660
Tlin09785-RA	GO:0016614
Tlin09785-RA	GO:0007165
Tlin09785-RA	GO:0005096
Tlin09785-RA	GO:0050660
Tlin09785-RA	GO:0016614
Tlin09785-RA	GO:0016614
Tlin09785-RA	GO:0050660
Tlin09785-RA	GO:0016614
Tlin09785-RA	GO:0007165
Tlin09785-RA	GO:0005096
Tlin09785-RA	GO:0005515
Tlin09785-RA	GO:0005515
Tlin09785-RA	GO:0005515
Tlin09785-RA	GO:0050660
Tlin01513-RA	GO:0006355
Tlin01513-RA	GO:0005634
Tlin01513-RA	GO:0006355
Tlin01513-RA	GO:0005634
Tlin01513-RA	GO:0006355
Tlin01513-RA	GO:0005634
Tlin01513-RA	GO:0006355
Tlin01513-RA	GO:0005634
Tlin07684-RA	GO:0016020
Tlin07684-RA	GO:0016653
Tlin07684-RA	GO:0006784
Tlin07684-RA	GO:0016020
Tlin07684-RA	GO:0016653
Tlin07684-RA	GO:0006784
Tlin13853-RA	GO:0003700
Tlin10085-RA	GO:0006355
Tlin10085-RA	GO:0003677
Tlin10085-RA	GO:0003700
Tlin09621-RA	GO:0005515
Tlin09621-RA	GO:0005515
Tlin09621-RA	GO:0005515
Tlin09621-RA	GO:0005515
Tlin09621-RA	GO:0005515
Tlin05723-RA	GO:0005515
Tlin05723-RA	GO:0005515
Tlin05462-RA	GO:0005524
Tlin05462-RA	GO:0006468
Tlin05462-RA	GO:0004672
Tlin05462-RA	GO:0006468
Tlin05462-RA	GO:0004672
Tlin01231-RA	GO:0004867
Tlin01231-RA	GO:0004867
Tlin01231-RA	GO:0004867
Tlin04118-RA	GO:0005515
Tlin04118-RA	GO:0005515
Tlin04118-RA	GO:0005515
Tlin04118-RA	GO:0005515
Tlin04118-RA	GO:0005515
Tlin04118-RA	GO:0005515
Tlin04118-RA	GO:0005515
Tlin04118-RA	GO:0045292
Tlin04118-RA	GO:0005515
Tlin13312-RA	GO:0005634
Tlin13312-RA	GO:0005634
Tlin13312-RA	GO:0005634
Tlin13312-RA	GO:0005634
Tlin00248-RA	GO:0005515
Tlin00248-RA	GO:0005515
Tlin00248-RA	GO:0007186
Tlin00248-RA	GO:0016020
Tlin00248-RA	GO:0004930
Tlin00248-RA	GO:0007186
Tlin00248-RA	GO:0016020
Tlin00248-RA	GO:0004930
Tlin00248-RA	GO:0005515
Tlin00248-RA	GO:0016791
Tlin00248-RA	GO:0016791
Tlin00248-RA	GO:0005515
Tlin00248-RA	GO:0016791
Tlin14502-RA	GO:0003676
Tlin05461-RA	GO:0005515
Tlin05461-RA	GO:0008270
Tlin05461-RA	GO:0005515
Tlin01971-RA	GO:0007165
Tlin01971-RA	GO:0016020
Tlin01971-RA	GO:0005525
Tlin01971-RA	GO:0005525
Tlin01971-RA	GO:0003924
Tlin04326-RA	GO:0005515
Tlin04326-RA	GO:0005515
Tlin04326-RA	GO:0005515
Tlin04326-RA	GO:0005515
Tlin04326-RA	GO:0005515
Tlin04326-RA	GO:0005515
Tlin04326-RA	GO:0005515
Tlin04326-RA	GO:0005515
Tlin09296-RA	GO:0005515
Tlin09296-RA	GO:0007165
Tlin09296-RA	GO:0005515
Tlin09296-RA	GO:0005515
Tlin12001-RA	GO:0005615
Tlin12001-RA	GO:0004867
Tlin10072-RA	GO:0055085
Tlin10072-RA	GO:0022857
Tlin07033-RA	GO:0016020
Tlin07033-RA	GO:0016020
Tlin01055-RA	GO:0031011
Tlin09811-RA	GO:0005849
Tlin09811-RA	GO:0006378
Tlin09811-RA	GO:0003729
Tlin09811-RA	GO:0005849
Tlin09811-RA	GO:0006378
Tlin09811-RA	GO:0003729
Tlin11578-RA	GO:1990817
Tlin11578-RA	GO:1990817
Tlin08891-RA	GO:0006508
Tlin08891-RA	GO:0004252
Tlin08891-RA	GO:0006508
Tlin08891-RA	GO:0004252
Tlin08891-RA	GO:0006508
Tlin08891-RA	GO:0004252
Tlin06428-RA	GO:0005525
Tlin06428-RA	GO:0003924
Tlin01377-RA	GO:0004045
Tlin01377-RA	GO:0004045
Tlin01377-RA	GO:0005515
Tlin01377-RA	GO:0004045
Tlin14574-RA	GO:0006508
Tlin14574-RA	GO:0004190
Tlin01720-RA	GO:0008270
Tlin01720-RA	GO:0016567
Tlin01720-RA	GO:0004842
Tlin01720-RA	GO:0008270
Tlin01720-RA	GO:0008270
Tlin01720-RA	GO:0008270
Tlin04092-RA	GO:0005525
Tlin04092-RA	GO:0003924
Tlin04327-RA	GO:0006821
Tlin04327-RA	GO:0016020
Tlin04327-RA	GO:0055085
Tlin04327-RA	GO:0005247
Tlin02394-RA	GO:0005515
Tlin02394-RA	GO:0005515
Tlin02394-RA	GO:0005515
Tlin02394-RA	GO:0005515
Tlin02394-RA	GO:0005515
Tlin08943-RA	GO:0055085
Tlin08943-RA	GO:0022857
Tlin08943-RA	GO:0055085
Tlin08943-RA	GO:0022857
Tlin07432-RA	GO:0005515
Tlin07432-RA	GO:0005515
Tlin05687-RA	GO:0007186
Tlin05687-RA	GO:0016020
Tlin05687-RA	GO:0004930
Tlin05687-RA	GO:0007186
Tlin05687-RA	GO:0016020
Tlin05687-RA	GO:0004930
Tlin05959-RA	GO:0016020
Tlin05959-RA	GO:0016020
Tlin11809-RA	GO:0006508
Tlin11809-RA	GO:0004252
Tlin11809-RA	GO:0008236
Tlin11809-RA	GO:0006508
Tlin11809-RA	GO:0006508
Tlin11809-RA	GO:0004252
Tlin11809-RA	GO:0006508
Tlin11809-RA	GO:0004252
Tlin09852-RA	GO:0050684
Tlin09852-RA	GO:0005739
Tlin07778-RA	GO:0046912
Tlin07778-RA	GO:0046912
Tlin07778-RA	GO:0006099
Tlin07778-RA	GO:0046912
Tlin07778-RA	GO:0006099
Tlin07778-RA	GO:0046912
Tlin13346-RA	GO:0006629
Tlin03793-RA	GO:0046872
Tlin03793-RA	GO:0046872
Tlin03793-RA	GO:0015914
Tlin03793-RA	GO:0005548
Tlin03793-RA	GO:0015914
Tlin03793-RA	GO:0005548
Tlin08446-RA	GO:0000398
Tlin03747-RA	GO:0005515
Tlin03747-RA	GO:0005515
Tlin03747-RA	GO:0005515
Tlin03747-RA	GO:0005515
Tlin11212-RA	GO:0006525
Tlin11212-RA	GO:0046872
Tlin11212-RA	GO:0004053
Tlin11212-RA	GO:0046872
Tlin11212-RA	GO:0046872
Tlin11126-RA	GO:0051082
Tlin11126-RA	GO:0006457
Tlin11126-RA	GO:0051082
Tlin11126-RA	GO:0006457
Tlin12520-RA	GO:0031625
Tlin12520-RA	GO:0005783
Tlin12520-RA	GO:0031625
Tlin12520-RA	GO:0005783
Tlin01593-RA	GO:0005544
Tlin12336-RA	GO:0071816
Tlin04082-RA	GO:0016020
Tlin04082-RA	GO:0016020
Tlin05769-RA	GO:0032039
Tlin05769-RA	GO:0016180
Tlin03013-RA	GO:0006122
Tlin03013-RA	GO:0005750
Tlin03013-RA	GO:0006122
Tlin03013-RA	GO:0005750
Tlin08118-RA	GO:0003676
Tlin07009-RA	GO:0051536
Tlin07009-RA	GO:0048038
Tlin07009-RA	GO:0051539
Tlin07009-RA	GO:0008137
Tlin02580-RA	GO:0022857
Tlin02580-RA	GO:0055085
Tlin02580-RA	GO:0016020
Tlin02580-RA	GO:0055085
Tlin02580-RA	GO:0022857
Tlin01284-RA	GO:0070006
Tlin01284-RA	GO:0006508
Tlin01284-RA	GO:0070006
Tlin01284-RA	GO:0006508
Tlin02138-RA	GO:0005515
Tlin02138-RA	GO:0006413
Tlin02138-RA	GO:0003743
Tlin12249-RA	GO:0005515
Tlin12249-RA	GO:0005515
Tlin11025-RA	GO:0005515
Tlin11025-RA	GO:0005515
Tlin04563-RA	GO:0016491
Tlin04563-RA	GO:0050660
Tlin04563-RA	GO:0016491
Tlin04563-RA	GO:0016668
Tlin04563-RA	GO:0050660
Tlin04563-RA	GO:0016491
Tlin03270-RA	GO:0007186
Tlin03270-RA	GO:0016020
Tlin03270-RA	GO:0004930
Tlin03270-RA	GO:0007186
Tlin03270-RA	GO:0016020
Tlin03270-RA	GO:0004930
Tlin10188-RA	GO:0016791
Tlin10188-RA	GO:0046856
Tlin11079-RA	GO:0006468
Tlin11079-RA	GO:0004672
Tlin11079-RA	GO:0006468
Tlin11079-RA	GO:0004672
Tlin12613-RA	GO:0006508
Tlin12613-RA	GO:0004222
Tlin12613-RA	GO:0008237
Tlin04508-RA	GO:0046872
Tlin10100-RA	GO:0032509
Tlin10100-RA	GO:0000813
Tlin10100-RA	GO:0032509
Tlin10100-RA	GO:0000813
Tlin12560-RA	GO:0006366
Tlin12560-RA	GO:0003677
Tlin12560-RA	GO:0003899
Tlin12560-RA	GO:0006351
Tlin12560-RA	GO:0003677
Tlin12560-RA	GO:0006366
Tlin12560-RA	GO:0003677
Tlin12560-RA	GO:0006366
Tlin12560-RA	GO:0003677
Tlin12560-RA	GO:0003899
Tlin12560-RA	GO:0006351
Tlin12560-RA	GO:0003677
Tlin12560-RA	GO:0003899
Tlin12560-RA	GO:0006351
Tlin12560-RA	GO:0003677
Tlin12560-RA	GO:0006366
Tlin12560-RA	GO:0003677
Tlin12560-RA	GO:0003899
Tlin12560-RA	GO:0006351
Tlin12560-RA	GO:0003677
Tlin12560-RA	GO:0003899
Tlin12560-RA	GO:0006351
Tlin12560-RA	GO:0003677
Tlin12560-RA	GO:0006366
Tlin12560-RA	GO:0003677
Tlin12560-RA	GO:0006366
Tlin12560-RA	GO:0003677
Tlin12560-RA	GO:0006366
Tlin12560-RA	GO:0003677
Tlin12560-RA	GO:0006366
Tlin12560-RA	GO:0003677
Tlin12560-RA	GO:0006366
Tlin12560-RA	GO:0003677
Tlin12560-RA	GO:0006366
Tlin12560-RA	GO:0003677
Tlin12560-RA	GO:0006366
Tlin12560-RA	GO:0003677
Tlin12560-RA	GO:0006366
Tlin12560-RA	GO:0003677
Tlin12560-RA	GO:0006366
Tlin12560-RA	GO:0003677
Tlin12560-RA	GO:0006366
Tlin12560-RA	GO:0003677
Tlin12560-RA	GO:0006366
Tlin12560-RA	GO:0003677
Tlin12560-RA	GO:0006366
Tlin12560-RA	GO:0003677
Tlin12560-RA	GO:0006366
Tlin12560-RA	GO:0003677
Tlin12560-RA	GO:0006366
Tlin12560-RA	GO:0003677
Tlin12560-RA	GO:0006366
Tlin12560-RA	GO:0003677
Tlin12560-RA	GO:0006366
Tlin12560-RA	GO:0003677
Tlin12560-RA	GO:0006366
Tlin12560-RA	GO:0003677
Tlin12560-RA	GO:0006366
Tlin12560-RA	GO:0003677
Tlin12560-RA	GO:0006366
Tlin12560-RA	GO:0003677
Tlin12560-RA	GO:0006366
Tlin12560-RA	GO:0003677
Tlin12560-RA	GO:0006366
Tlin12560-RA	GO:0003677
Tlin12560-RA	GO:0006366
Tlin12560-RA	GO:0003677
Tlin12560-RA	GO:0006366
Tlin12560-RA	GO:0003677
Tlin12560-RA	GO:0006366
Tlin12560-RA	GO:0003677
Tlin12560-RA	GO:0006366
Tlin12560-RA	GO:0003677
Tlin12560-RA	GO:0006366
Tlin12560-RA	GO:0003677
Tlin12560-RA	GO:0006366
Tlin12560-RA	GO:0003677
Tlin12560-RA	GO:0006366
Tlin12560-RA	GO:0003677
Tlin12560-RA	GO:0006366
Tlin12560-RA	GO:0003677
Tlin12560-RA	GO:0006366
Tlin12560-RA	GO:0003677
Tlin12560-RA	GO:0006366
Tlin12560-RA	GO:0003677
Tlin12560-RA	GO:0006366
Tlin12560-RA	GO:0003677
Tlin12560-RA	GO:0006366
Tlin12560-RA	GO:0003677
Tlin12560-RA	GO:0006366
Tlin12560-RA	GO:0003677
Tlin12560-RA	GO:0006366
Tlin12560-RA	GO:0003677
Tlin12560-RA	GO:0003899
Tlin12560-RA	GO:0006351
Tlin12560-RA	GO:0003677
Tlin12560-RA	GO:0006366
Tlin12560-RA	GO:0003677
Tlin12560-RA	GO:0006351
Tlin12560-RA	GO:0003899
Tlin12560-RA	GO:0006366
Tlin12560-RA	GO:0003677
Tlin12560-RA	GO:0003899
Tlin12560-RA	GO:0006351
Tlin12560-RA	GO:0003677
Tlin12560-RA	GO:0006366
Tlin12560-RA	GO:0003677
Tlin12560-RA	GO:0006366
Tlin12560-RA	GO:0003677
Tlin12560-RA	GO:0006366
Tlin12560-RA	GO:0003677
Tlin04766-RA	GO:0005739
Tlin04766-RA	GO:0005739
Tlin10134-RA	GO:0005634
Tlin10134-RA	GO:0006302
Tlin10134-RA	GO:0006310
Tlin10134-RA	GO:0003677
Tlin10134-RA	GO:0005634
Tlin10134-RA	GO:0006302
Tlin10134-RA	GO:0006310
Tlin10134-RA	GO:0003677
Tlin09788-RA	GO:0016757
Tlin09788-RA	GO:0016757
Tlin07497-RA	GO:0005515
Tlin07497-RA	GO:0005515
Tlin07497-RA	GO:0006886
Tlin07497-RA	GO:0006886
Tlin01799-RA	GO:0003723
Tlin13575-RA	GO:0043565
Tlin13575-RA	GO:0006313
Tlin13575-RA	GO:0004803
Tlin01962-RA	GO:0016020
Tlin01962-RA	GO:0016020
Tlin09760-RA	GO:0035556
Tlin09760-RA	GO:0009190
Tlin09760-RA	GO:0035556
Tlin09760-RA	GO:0009190
Tlin09760-RA	GO:0016849
Tlin09760-RA	GO:0035556
Tlin09760-RA	GO:0009190
Tlin09760-RA	GO:0016849
Tlin09760-RA	GO:0035556
Tlin09760-RA	GO:0009190
Tlin09760-RA	GO:0035556
Tlin09760-RA	GO:0009190
Tlin09760-RA	GO:0035556
Tlin09760-RA	GO:0009190
Tlin02181-RA	GO:0005525
Tlin02181-RA	GO:0003924
Tlin03400-RA	GO:0004500
Tlin03400-RA	GO:0005507
Tlin03400-RA	GO:0016715
Tlin03400-RA	GO:0004497
Tlin03400-RA	GO:0016715
Tlin03400-RA	GO:0003824
Tlin03400-RA	GO:0005507
Tlin03400-RA	GO:0016715
Tlin03400-RA	GO:0004497
Tlin03400-RA	GO:0003824
Tlin06925-RA	GO:0005975
Tlin06925-RA	GO:0004553
Tlin06925-RA	GO:0008061
Tlin06925-RA	GO:0005975
Tlin06925-RA	GO:0008061
Tlin06925-RA	GO:0008061
Tlin06925-RA	GO:0005576
Tlin06925-RA	GO:0008061
Tlin06925-RA	GO:0005576
Tlin12131-RA	GO:0006914
Tlin00645-RA	GO:0022900
Tlin00645-RA	GO:0005739
Tlin00645-RA	GO:0022900
Tlin00645-RA	GO:0005739
Tlin06131-RA	GO:0005515
Tlin12060-RA	GO:0016020
Tlin12060-RA	GO:0016780
Tlin12060-RA	GO:0008654
Tlin04273-RA	GO:0030544
Tlin08001-RA	GO:0005515
Tlin08001-RA	GO:0005515
Tlin08001-RA	GO:0005515
Tlin09255-RA	GO:0006887
Tlin09255-RA	GO:0000145
Tlin12742-RA	GO:0004843
Tlin12742-RA	GO:0016579
Tlin12742-RA	GO:0004843
Tlin05265-RA	GO:0072546
Tlin08048-RA	GO:0006546
Tlin08048-RA	GO:0004375
Tlin08048-RA	GO:0003824
Tlin08048-RA	GO:0006546
Tlin08048-RA	GO:0004375
Tlin08048-RA	GO:0016829
Tlin08048-RA	GO:0006520
Tlin08048-RA	GO:0003824
Tlin08048-RA	GO:0003824
Tlin08048-RA	GO:0016020
Tlin08048-RA	GO:0015031
Tlin08048-RA	GO:0003824
Tlin08048-RA	GO:0006546
Tlin08048-RA	GO:0004375
Tlin08048-RA	GO:0006546
Tlin08048-RA	GO:0004375
Tlin05339-RA	GO:0006895
Tlin09586-RA	GO:0005886
Tlin09586-RA	GO:0007155
Tlin09586-RA	GO:0007411
Tlin09586-RA	GO:0005515
Tlin05095-RA	GO:0005515
Tlin05095-RA	GO:0005515
Tlin05095-RA	GO:0036265
Tlin05095-RA	GO:0005515
Tlin12145-RA	GO:0005515
Tlin12145-RA	GO:0005515
Tlin12145-RA	GO:0005515
Tlin12145-RA	GO:0005515
Tlin12145-RA	GO:0005515
Tlin12145-RA	GO:0005515
Tlin04970-RA	GO:0006352
Tlin04970-RA	GO:0003677
Tlin04970-RA	GO:0006352
Tlin04970-RA	GO:0003677
Tlin04970-RA	GO:0006352
Tlin04970-RA	GO:0003677
Tlin04970-RA	GO:0006352
Tlin04970-RA	GO:0003677
Tlin04455-RA	GO:0005515
Tlin04455-RA	GO:0005515
Tlin04455-RA	GO:0005515
Tlin04455-RA	GO:0005515
Tlin04455-RA	GO:0005515
Tlin09897-RA	GO:0008270
Tlin09897-RA	GO:0006355
Tlin09897-RA	GO:0006355
Tlin09897-RA	GO:0008270
Tlin09897-RA	GO:0043565
Tlin09897-RA	GO:0003700
Tlin09897-RA	GO:0006355
Tlin09897-RA	GO:0008270
Tlin09897-RA	GO:0043565
Tlin09897-RA	GO:0003700
Tlin14150-RA	GO:0003677
Tlin14150-RA	GO:0030527
Tlin14150-RA	GO:0000786
Tlin14150-RA	GO:0003677
Tlin14150-RA	GO:0030527
Tlin14150-RA	GO:0000786
Tlin14150-RA	GO:0003677
Tlin14150-RA	GO:0046982
Tlin14150-RA	GO:0046982
Tlin07902-RA	GO:0008081
Tlin07902-RA	GO:0007165
Tlin07902-RA	GO:0004114
Tlin07902-RA	GO:0007165
Tlin07902-RA	GO:0004114
Tlin13278-RA	GO:0003676
Tlin12591-RA	GO:0005515
Tlin12591-RA	GO:0042054
Tlin12591-RA	GO:0006338
Tlin12591-RA	GO:0070734
Tlin12591-RA	GO:0046976
Tlin12591-RA	GO:0005515
Tlin03142-RA	GO:0003677
Tlin03142-RA	GO:0005515
Tlin10686-RA	GO:0004672
Tlin02207-RA	GO:0016301
Tlin02207-RA	GO:0007165
Tlin02207-RA	GO:0004143
Tlin02207-RA	GO:0007205
Tlin02207-RA	GO:0004143
Tlin02199-RA	GO:0015165
Tlin02199-RA	GO:0016020
Tlin02199-RA	GO:0090481
Tlin02199-RA	GO:0000139
Tlin02199-RA	GO:0015165
Tlin02199-RA	GO:0016020
Tlin02199-RA	GO:0090481
Tlin02199-RA	GO:0000139
Tlin10093-RA	GO:0005515
Tlin10093-RA	GO:0005515
Tlin10093-RA	GO:0005515
Tlin10093-RA	GO:0005515
Tlin10093-RA	GO:0005515
Tlin10093-RA	GO:0005515
Tlin10093-RA	GO:0005515
Tlin10093-RA	GO:0005515
Tlin10093-RA	GO:0005515
Tlin10093-RA	GO:0005515
Tlin10093-RA	GO:0005515
Tlin09328-RA	GO:0005840
Tlin09328-RA	GO:0006412
Tlin09328-RA	GO:0003735
Tlin09328-RA	GO:0006412
Tlin00358-RA	GO:0008308
Tlin00358-RA	GO:0098656
Tlin00358-RA	GO:0005741
Tlin00358-RA	GO:0055085
Tlin00358-RA	GO:0005741
Tlin00358-RA	GO:0008308
Tlin00358-RA	GO:0098656
Tlin00358-RA	GO:0005741
Tlin03745-RA	GO:0046907
Tlin03745-RA	GO:0009306
Tlin03745-RA	GO:0005788
Tlin03745-RA	GO:0006913
Tlin03745-RA	GO:0005783
Tlin03745-RA	GO:0005783
Tlin10364-RA	GO:0006468
Tlin10364-RA	GO:0004672
Tlin10364-RA	GO:0006468
Tlin10364-RA	GO:0004672
Tlin04760-RA	GO:0043022
Tlin04760-RA	GO:0005743
Tlin07227-RA	GO:0005515
Tlin06324-RA	GO:0016868
Tlin06324-RA	GO:0005975
Tlin06324-RA	GO:0016868
Tlin06324-RA	GO:0005975
Tlin06324-RA	GO:0016868
Tlin06324-RA	GO:0005975
Tlin06324-RA	GO:0000287
Tlin06324-RA	GO:0016868
Tlin06324-RA	GO:0005975
Tlin06324-RA	GO:0016868
Tlin06324-RA	GO:0005975
Tlin06324-RA	GO:0071704
Tlin06324-RA	GO:0016868
Tlin06324-RA	GO:0016868
Tlin06324-RA	GO:0005975
Tlin06324-RA	GO:0004610
Tlin06324-RA	GO:0071704
Tlin06324-RA	GO:0016868
Tlin06324-RA	GO:0016868
Tlin06324-RA	GO:0005975
Tlin03015-RA	GO:0005524
Tlin03015-RA	GO:0003676
Tlin00547-RA	GO:0005576
Tlin00547-RA	GO:0005185
Tlin00547-RA	GO:0005576
Tlin00547-RA	GO:0005185
Tlin00547-RA	GO:0005576
Tlin00547-RA	GO:0005185
Tlin00547-RA	GO:0005576
Tlin00547-RA	GO:0005185
Tlin00547-RA	GO:0005576
Tlin00547-RA	GO:0005185
Tlin00547-RA	GO:0005576
Tlin00547-RA	GO:0005185
Tlin07706-RA	GO:0016020
Tlin07706-RA	GO:0016020
Tlin10449-RA	GO:0005515
Tlin10449-RA	GO:0005515
Tlin10449-RA	GO:0004842
Tlin10449-RA	GO:0004842
Tlin10449-RA	GO:0005515
Tlin10449-RA	GO:0005515
Tlin10449-RA	GO:0005515
Tlin10449-RA	GO:0005515
Tlin10449-RA	GO:0005515
Tlin10449-RA	GO:0005515
Tlin10449-RA	GO:0004842
Tlin10449-RA	GO:0005515
Tlin10449-RA	GO:0005515
Tlin10449-RA	GO:0005515
Tlin10449-RA	GO:0005515
Tlin10449-RA	GO:0005515
Tlin10449-RA	GO:0005515
Tlin10449-RA	GO:0005515
Tlin10449-RA	GO:0005515
Tlin07121-RA	GO:0016192
Tlin07121-RA	GO:0016192
Tlin02958-RA	GO:0006886
Tlin02958-RA	GO:0016020
Tlin02958-RA	GO:0005484
Tlin02958-RA	GO:0016020
Tlin02958-RA	GO:0016192
Tlin02958-RA	GO:0016020
Tlin11770-RA	GO:0003677
Tlin11770-RA	GO:0003677
Tlin11132-RA	GO:0005515
Tlin11132-RA	GO:0005515
Tlin11132-RA	GO:0016592
Tlin11132-RA	GO:0016592
Tlin06139-RA	GO:0016887
Tlin04050-RA	GO:0006468
Tlin04050-RA	GO:0004672
Tlin04050-RA	GO:0006468
Tlin04050-RA	GO:0004672
Tlin04050-RA	GO:0006468
Tlin04050-RA	GO:0004672
Tlin04050-RA	GO:0005524
Tlin05184-RA	GO:0005524
Tlin05184-RA	GO:0003676
Tlin07990-RA	GO:0006355
Tlin07990-RA	GO:0008270
Tlin07990-RA	GO:0005634
Tlin07990-RA	GO:0006355
Tlin07990-RA	GO:0008270
Tlin07990-RA	GO:0005634
Tlin07990-RA	GO:0006355
Tlin07990-RA	GO:0008270
Tlin07990-RA	GO:0005634
Tlin07990-RA	GO:0006355
Tlin07990-RA	GO:0008270
Tlin07990-RA	GO:0005634
Tlin07990-RA	GO:0006355
Tlin07990-RA	GO:0008270
Tlin07990-RA	GO:0005634
Tlin07990-RA	GO:0006355
Tlin07990-RA	GO:0008270
Tlin07990-RA	GO:0005634
Tlin07990-RA	GO:0006355
Tlin07990-RA	GO:0008270
Tlin07990-RA	GO:0005634
Tlin07990-RA	GO:0006355
Tlin07990-RA	GO:0008270
Tlin07990-RA	GO:0005634
Tlin07990-RA	GO:0006355
Tlin07990-RA	GO:0008270
Tlin07990-RA	GO:0005634
Tlin07990-RA	GO:0006355
Tlin07990-RA	GO:0008270
Tlin07990-RA	GO:0005634
Tlin07671-RA	GO:0005515
Tlin07671-RA	GO:0005515
Tlin05397-RA	GO:0016787
Tlin05397-RA	GO:0016810
Tlin05397-RA	GO:0016810
Tlin07578-RA	GO:0003756
Tlin09884-RA	GO:0046983
Tlin09884-RA	GO:0046983
Tlin09884-RA	GO:0046983
Tlin12245-RA	GO:0047631
Tlin04600-RA	GO:0016887
Tlin04600-RA	GO:0005524
Tlin04600-RA	GO:0004252
Tlin04600-RA	GO:0005524
Tlin04600-RA	GO:0030163
Tlin04600-RA	GO:0004176
Tlin04600-RA	GO:0004252
Tlin04600-RA	GO:0006508
Tlin04600-RA	GO:0004176
Tlin04600-RA	GO:0004252
Tlin04600-RA	GO:0006508
Tlin04600-RA	GO:0004176
Tlin02710-RA	GO:0005515
Tlin02710-RA	GO:0005515
Tlin11708-RA	GO:0005515
Tlin07184-RA	GO:0005739
Tlin07184-RA	GO:0045277
Tlin07184-RA	GO:0005739
Tlin07184-RA	GO:0005739
Tlin07184-RA	GO:0045277
Tlin07184-RA	GO:0005739
Tlin07184-RA	GO:0005739
Tlin00516-RA	GO:0007186
Tlin00516-RA	GO:0019001
Tlin00516-RA	GO:0031683
Tlin00516-RA	GO:0003924
Tlin00516-RA	GO:0007165
Tlin00516-RA	GO:0007186
Tlin00516-RA	GO:0019001
Tlin00516-RA	GO:0031683
Tlin00516-RA	GO:0003924
Tlin04995-RA	GO:0033177
Tlin04995-RA	GO:1902600
Tlin04995-RA	GO:0015078
Tlin04995-RA	GO:0033177
Tlin04995-RA	GO:1902600
Tlin04995-RA	GO:0015078
Tlin02852-RA	GO:0044237
Tlin00517-RA	GO:0006468
Tlin00517-RA	GO:0004672
Tlin04557-RA	GO:0006468
Tlin04557-RA	GO:0004672
Tlin04557-RA	GO:0005524
Tlin04557-RA	GO:0006468
Tlin04557-RA	GO:0046777
Tlin04557-RA	GO:0004712
Tlin04557-RA	GO:0005524
Tlin04557-RA	GO:0006468
Tlin04557-RA	GO:0004672
Tlin02543-RA	GO:0003779
Tlin02543-RA	GO:0003779
Tlin02543-RA	GO:0003779
Tlin02543-RA	GO:0005549
Tlin02543-RA	GO:0007608
Tlin02543-RA	GO:0016020
Tlin02543-RA	GO:0004984
Tlin00621-RA	GO:0008484
Tlin06502-RA	GO:0016020
Tlin06502-RA	GO:0071805
Tlin06502-RA	GO:0005267
Tlin02489-RA	GO:0140662
Tlin02489-RA	GO:0006457
Tlin02489-RA	GO:0016887
Tlin02489-RA	GO:0051082
Tlin02489-RA	GO:0005524
Tlin02489-RA	GO:0006457
Tlin02489-RA	GO:0016887
Tlin02489-RA	GO:0051082
Tlin02489-RA	GO:0005524
Tlin02489-RA	GO:0005524
Tlin08042-RA	GO:0042254
Tlin08042-RA	GO:0042254
Tlin08042-RA	GO:0005634
Tlin08042-RA	GO:0061608
Tlin08042-RA	GO:0006606
Tlin00520-RA	GO:0006633
Tlin01216-RA	GO:0003676
Tlin01216-RA	GO:0006261
Tlin01216-RA	GO:0003887
Tlin01216-RA	GO:0005524
Tlin01216-RA	GO:0003676
Tlin01216-RA	GO:0003887
Tlin01216-RA	GO:0006260
Tlin01216-RA	GO:0003677
Tlin01216-RA	GO:0003887
Tlin01216-RA	GO:0006260
Tlin01216-RA	GO:0003677
Tlin12737-RA	GO:0050660
Tlin12737-RA	GO:0016614
Tlin12737-RA	GO:0016614
Tlin12737-RA	GO:0050660
Tlin12737-RA	GO:0016614
Tlin12737-RA	GO:0050660
Tlin12737-RA	GO:0016614
Tlin12737-RA	GO:0050660
Tlin12737-RA	GO:0016614
Tlin12737-RA	GO:0050660
Tlin12737-RA	GO:0016614
Tlin12737-RA	GO:0050660
Tlin12737-RA	GO:0016614
Tlin12737-RA	GO:0050660
Tlin12737-RA	GO:0016614
Tlin00664-RA	GO:0006814
Tlin00664-RA	GO:0016020
Tlin00664-RA	GO:0005272
Tlin00664-RA	GO:0006814
Tlin00664-RA	GO:0016020
Tlin00664-RA	GO:0005272
Tlin04370-RA	GO:0022857
Tlin04370-RA	GO:0055085
Tlin04370-RA	GO:0016020
Tlin08478-RA	GO:0050660
Tlin08478-RA	GO:0050660
Tlin08478-RA	GO:0016614
Tlin08478-RA	GO:0050660
Tlin08478-RA	GO:0016614
Tlin07051-RA	GO:0005886
Tlin07051-RA	GO:0007155
Tlin07051-RA	GO:0007411
Tlin07051-RA	GO:0005515
Tlin00475-RA	GO:0005515
Tlin00475-RA	GO:0005515
Tlin00475-RA	GO:0005515
Tlin02103-RA	GO:0003824
Tlin02103-RA	GO:0003824
Tlin02103-RA	GO:0008775
Tlin02103-RA	GO:0006083
Tlin02103-RA	GO:0003824
Tlin02103-RA	GO:0008410
Tlin09361-RA	GO:0016020
Tlin09361-RA	GO:0016020
Tlin02491-RA	GO:0022857
Tlin02491-RA	GO:0055085
Tlin02491-RA	GO:0016020
Tlin02773-RA	GO:0033177
Tlin02773-RA	GO:1902600
Tlin02773-RA	GO:0015078
Tlin02773-RA	GO:0033177
Tlin02773-RA	GO:1902600
Tlin02773-RA	GO:0015078
Tlin11921-RA	GO:0000166
Tlin11921-RA	GO:0000166
Tlin00239-RA	GO:0016757
Tlin00239-RA	GO:0005975
Tlin09843-RA	GO:0019799
Tlin09843-RA	GO:0019799
Tlin09843-RA	GO:0071929
Tlin09843-RA	GO:0005874
Tlin05281-RA	GO:0006629
Tlin05281-RA	GO:0016298
Tlin05281-RA	GO:0016298
Tlin05243-RA	GO:0005515
Tlin05243-RA	GO:0005085
Tlin05243-RA	GO:0005515
Tlin05243-RA	GO:0005515
Tlin05243-RA	GO:0005515
Tlin05243-RA	GO:0005515
Tlin05243-RA	GO:0005515
Tlin05243-RA	GO:0005515
Tlin05243-RA	GO:0005515
Tlin05243-RA	GO:0005085
Tlin05243-RA	GO:0005515
Tlin05243-RA	GO:0005515
Tlin05243-RA	GO:0005515
Tlin05243-RA	GO:0005515
Tlin01724-RA	GO:0003824
Tlin01724-RA	GO:0005507
Tlin01724-RA	GO:0016715
Tlin01724-RA	GO:0004497
Tlin01724-RA	GO:0005507
Tlin01724-RA	GO:0016715
Tlin01724-RA	GO:0004497
Tlin01724-RA	GO:0003824
Tlin01724-RA	GO:0016715
Tlin01724-RA	GO:0016715
Tlin14108-RA	GO:0043565
Tlin05655-RA	GO:0016491
Tlin13340-RA	GO:0016788
Tlin13340-RA	GO:0016788
Tlin00222-RA	GO:0051536
Tlin00222-RA	GO:0048038
Tlin00222-RA	GO:0051539
Tlin00222-RA	GO:0008137
Tlin01328-RA	GO:0005975
Tlin01328-RA	GO:1904380
Tlin01328-RA	GO:1904382
Tlin01328-RA	GO:0004571
Tlin01328-RA	GO:0005509
Tlin01328-RA	GO:0016020
Tlin01328-RA	GO:0004571
Tlin01328-RA	GO:0005509
Tlin01328-RA	GO:0016020
Tlin01328-RA	GO:0004571
Tlin12333-RA	GO:0006508
Tlin12333-RA	GO:0004222
Tlin12333-RA	GO:0008237
Tlin12333-RA	GO:0006508
Tlin12333-RA	GO:0004222
Tlin06593-RA	GO:0140658
Tlin06593-RA	GO:0005524
Tlin13833-RA	GO:0003676
Tlin14869-RA	GO:0035494
Tlin14869-RA	GO:0016887
Tlin14869-RA	GO:0016887
Tlin14869-RA	GO:0005524
Tlin14869-RA	GO:0016887
Tlin14869-RA	GO:0005524
Tlin14869-RA	GO:0016887
Tlin14869-RA	GO:0005524
Tlin12925-RA	GO:1901031
Tlin12925-RA	GO:0005634
Tlin12925-RA	GO:1901031
Tlin12925-RA	GO:0005634
Tlin07410-RA	GO:0007186
Tlin07410-RA	GO:0016020
Tlin07410-RA	GO:0004930
Tlin07410-RA	GO:0007186
Tlin07410-RA	GO:0016020
Tlin07410-RA	GO:0004930
Tlin00100-RA	GO:0008061
Tlin00100-RA	GO:0005576
Tlin00100-RA	GO:0005515
Tlin00100-RA	GO:0008061
Tlin00100-RA	GO:0005515
Tlin00100-RA	GO:0005515
Tlin00100-RA	GO:0005975
Tlin04791-RA	GO:0005515
Tlin06542-RA	GO:0003676
Tlin06542-RA	GO:0003676
Tlin06542-RA	GO:0003723
Tlin06542-RA	GO:0003723
Tlin06542-RA	GO:0003723
Tlin06369-RA	GO:0016020
Tlin06369-RA	GO:0004970
Tlin05753-RA	GO:0005634
Tlin11043-RA	GO:0016887
Tlin11043-RA	GO:0005524
Tlin11043-RA	GO:0005524
Tlin11043-RA	GO:0016020
Tlin11043-RA	GO:0005524
Tlin11043-RA	GO:0140359
Tlin11043-RA	GO:0016887
Tlin11043-RA	GO:0005524
Tlin11043-RA	GO:0005524
Tlin11043-RA	GO:0140359
Tlin11043-RA	GO:0016020
Tlin11043-RA	GO:0005524
Tlin11043-RA	GO:0016020
Tlin11043-RA	GO:0005524
Tlin11043-RA	GO:0016020
Tlin11043-RA	GO:0005524
Tlin11043-RA	GO:0016020
Tlin11043-RA	GO:0055085
Tlin11043-RA	GO:0140359
Tlin11043-RA	GO:0005524
Tlin11043-RA	GO:0016020
Tlin11043-RA	GO:0055085
Tlin11043-RA	GO:0140359
Tlin11043-RA	GO:0005524
Tlin05584-RA	GO:0003824
Tlin11145-RA	GO:0050660
Tlin11145-RA	GO:0009055
Tlin06619-RA	GO:0000139
Tlin09502-RA	GO:0005761
Tlin09502-RA	GO:0005761
Tlin08269-RA	GO:0003910
Tlin08269-RA	GO:0005524
Tlin08269-RA	GO:0006281
Tlin08269-RA	GO:0051103
Tlin08269-RA	GO:0003677
Tlin08269-RA	GO:0003910
Tlin08269-RA	GO:0003909
Tlin08269-RA	GO:0006281
Tlin08269-RA	GO:0006310
Tlin08269-RA	GO:0003910
Tlin08269-RA	GO:0005524
Tlin08269-RA	GO:0005524
Tlin08269-RA	GO:0006281
Tlin08269-RA	GO:0006310
Tlin08269-RA	GO:0003910
Tlin08269-RA	GO:0003910
Tlin08269-RA	GO:0006281
Tlin08269-RA	GO:0006310
Tlin08269-RA	GO:0003677
Tlin08269-RA	GO:0003910
Tlin08269-RA	GO:0006281
Tlin08269-RA	GO:0006310
Tlin08269-RA	GO:0003677
Tlin08269-RA	GO:0003910
Tlin08269-RA	GO:0006281
Tlin08269-RA	GO:0006310
Tlin08269-RA	GO:0003677
Tlin07709-RA	GO:0005524
Tlin07709-RA	GO:0005524
Tlin07709-RA	GO:0006468
Tlin07709-RA	GO:0004672
Tlin07709-RA	GO:0006468
Tlin07709-RA	GO:0004672
Tlin04989-RA	GO:0003824
Tlin09184-RA	GO:0055085
Tlin09184-RA	GO:0022857
Tlin04171-RA	GO:0003723
Tlin04171-RA	GO:0003676
Tlin04171-RA	GO:0003676
Tlin06277-RA	GO:0008270
Tlin06277-RA	GO:0008237
Tlin01329-RA	GO:0005515
Tlin01329-RA	GO:0005509
Tlin01329-RA	GO:0005615
Tlin04470-RA	GO:0008528
Tlin03770-RA	GO:0008484
Tlin09849-RA	GO:0003676
Tlin09849-RA	GO:0006388
Tlin06632-RA	GO:0006355
Tlin06632-RA	GO:0003700
Tlin06632-RA	GO:0003700
Tlin06632-RA	GO:0006357
Tlin06632-RA	GO:0003677
Tlin06632-RA	GO:0006355
Tlin06632-RA	GO:0003700
Tlin06632-RA	GO:0006355
Tlin06632-RA	GO:0003700
Tlin08293-RA	GO:0006470
Tlin08293-RA	GO:0004722
Tlin08293-RA	GO:0043169
Tlin05254-RA	GO:0019773
Tlin05254-RA	GO:0006511
Tlin05254-RA	GO:0019773
Tlin05254-RA	GO:0051603
Tlin05254-RA	GO:0005839
Tlin07462-RA	GO:0006468
Tlin07462-RA	GO:0004672
Tlin07462-RA	GO:0005524
Tlin07462-RA	GO:0006468
Tlin07462-RA	GO:0004672
Tlin07462-RA	GO:0005524
Tlin07462-RA	GO:0006468
Tlin07462-RA	GO:0004672
Tlin07462-RA	GO:0005524
Tlin11389-RA	GO:0005515
Tlin05111-RA	GO:0004045
Tlin05111-RA	GO:0004045
Tlin05111-RA	GO:0004045
Tlin08661-RA	GO:0003677
Tlin03072-RA	GO:0005515
Tlin12678-RA	GO:0006468
Tlin12678-RA	GO:0004672
Tlin12678-RA	GO:0005524
Tlin12678-RA	GO:0005515
Tlin12678-RA	GO:0005524
Tlin12678-RA	GO:0006468
Tlin12678-RA	GO:0004672
Tlin13209-RA	GO:0055085
Tlin13209-RA	GO:0055085
Tlin13209-RA	GO:0055085
Tlin06869-RA	GO:0043666
Tlin06869-RA	GO:0019903
Tlin06869-RA	GO:0043666
Tlin06869-RA	GO:0019903
Tlin06869-RA	GO:0043666
Tlin06869-RA	GO:0019903
Tlin08412-RA	GO:0006629
Tlin07447-RA	GO:0005524
Tlin01114-RA	GO:0006269
Tlin01114-RA	GO:0006269
Tlin02669-RA	GO:0022857
Tlin02669-RA	GO:0055085
Tlin02669-RA	GO:0016020
Tlin02669-RA	GO:0022857
Tlin02669-RA	GO:0055085
Tlin02669-RA	GO:0016020
Tlin02669-RA	GO:0022857
Tlin02669-RA	GO:0055085
Tlin02669-RA	GO:0016020
Tlin05431-RA	GO:0006357
Tlin05431-RA	GO:0000981
Tlin05431-RA	GO:0046983
Tlin05431-RA	GO:0046983
Tlin05431-RA	GO:0046983
Tlin12671-RA	GO:0016020
Tlin12671-RA	GO:0006488
Tlin12671-RA	GO:0016020
Tlin12671-RA	GO:0006488
Tlin07853-RA	GO:0140662
Tlin07853-RA	GO:0005524
Tlin07853-RA	GO:0140662
Tlin07853-RA	GO:0005524
Tlin08998-RA	GO:0005509
Tlin08998-RA	GO:0006508
Tlin08998-RA	GO:0004222
Tlin08998-RA	GO:0005509
Tlin08998-RA	GO:0008237
Tlin08998-RA	GO:0009058
Tlin08998-RA	GO:0005509
Tlin08998-RA	GO:0005509
Tlin03301-RA	GO:0035556
Tlin03301-RA	GO:0009190
Tlin03301-RA	GO:0035556
Tlin03301-RA	GO:0009190
Tlin03301-RA	GO:0016849
Tlin03301-RA	GO:0035556
Tlin03301-RA	GO:0009190
Tlin03301-RA	GO:0035556
Tlin03301-RA	GO:0009190
Tlin03301-RA	GO:0035556
Tlin03301-RA	GO:0009190
Tlin04784-RA	GO:0007264
Tlin04784-RA	GO:0005092
Tlin04784-RA	GO:0007264
Tlin04784-RA	GO:0005092
Tlin04784-RA	GO:0007264
Tlin04784-RA	GO:0005092
Tlin01212-RA	GO:0006508
Tlin01212-RA	GO:0004252
Tlin01212-RA	GO:0006508
Tlin01212-RA	GO:0004252
Tlin01212-RA	GO:0006508
Tlin01212-RA	GO:0004252
Tlin01212-RA	GO:0016627
Tlin01212-RA	GO:0006207
Tlin01212-RA	GO:0006207
Tlin01212-RA	GO:0016020
Tlin01212-RA	GO:0004152
Tlin01212-RA	GO:0016627
Tlin01212-RA	GO:0005737
Tlin05549-RA	GO:0003700
Tlin13846-RA	GO:0032418
Tlin13846-RA	GO:0032418
Tlin00535-RA	GO:0008146
Tlin00535-RA	GO:0008146
Tlin04781-RA	GO:0006122
Tlin04781-RA	GO:0005750
Tlin04781-RA	GO:0006122
Tlin04781-RA	GO:0005750
Tlin04781-RA	GO:0006122
Tlin04781-RA	GO:0005750
Tlin04781-RA	GO:0006122
Tlin04781-RA	GO:0005750
Tlin02398-RA	GO:0005975
Tlin02398-RA	GO:0030246
Tlin02398-RA	GO:0003824
Tlin02398-RA	GO:0016853
Tlin02398-RA	GO:0005975
Tlin02398-RA	GO:0016853
Tlin02398-RA	GO:0030246
Tlin01748-RA	GO:0016627
Tlin01748-RA	GO:0006629
Tlin04292-RA	GO:0051087
Tlin11584-RA	GO:0016791
Tlin11584-RA	GO:0016311
Tlin11584-RA	GO:0006470
Tlin11584-RA	GO:0004725
Tlin11584-RA	GO:0006470
Tlin11584-RA	GO:0004725
Tlin01842-RA	GO:0005515
Tlin01842-RA	GO:0005634
Tlin01842-RA	GO:0005634
Tlin00274-RA	GO:0016567
Tlin00274-RA	GO:0007219
Tlin11091-RA	GO:0030015
Tlin11091-RA	GO:0017148
Tlin12034-RA	GO:0005085
Tlin12034-RA	GO:0005085
Tlin08650-RA	GO:0001227
Tlin05307-RA	GO:0016788
Tlin05307-RA	GO:0006397
Tlin05307-RA	GO:0016787
Tlin04485-RA	GO:0007095
Tlin04485-RA	GO:0030870
Tlin04485-RA	GO:0006302
Tlin04485-RA	GO:0005515
Tlin04485-RA	GO:0005515
Tlin11169-RA	GO:0016887
Tlin11169-RA	GO:0005524
Tlin11169-RA	GO:0016020
Tlin11169-RA	GO:0005524
Tlin11169-RA	GO:0016020
Tlin11169-RA	GO:0055085
Tlin11169-RA	GO:0140359
Tlin11169-RA	GO:0005524
Tlin11169-RA	GO:0005524
Tlin11169-RA	GO:0016020
Tlin11169-RA	GO:0005524
Tlin12518-RA	GO:0016020
Tlin09303-RA	GO:0005506
Tlin09303-RA	GO:0016705
Tlin09303-RA	GO:0020037
Tlin09303-RA	GO:0004497
Tlin09303-RA	GO:0005506
Tlin09303-RA	GO:0016705
Tlin09303-RA	GO:0020037
Tlin09303-RA	GO:0004497
Tlin09303-RA	GO:0005506
Tlin09303-RA	GO:0016705
Tlin09303-RA	GO:0020037
Tlin09303-RA	GO:0004497
Tlin13051-RA	GO:0006508
Tlin13051-RA	GO:0004252
Tlin03273-RA	GO:0006120
Tlin06412-RA	GO:0035556
Tlin06412-RA	GO:0035556
Tlin10147-RA	GO:0005524
Tlin10147-RA	GO:0003676
Tlin08990-RA	GO:0016491
Tlin08990-RA	GO:0016491
Tlin08990-RA	GO:0016491
Tlin09284-RA	GO:0016627
Tlin09284-RA	GO:0005777
Tlin09284-RA	GO:0006635
Tlin09284-RA	GO:0003997
Tlin09284-RA	GO:0016627
Tlin09284-RA	GO:0016627
Tlin09284-RA	GO:0016627
Tlin09284-RA	GO:0005777
Tlin09284-RA	GO:0006631
Tlin09284-RA	GO:0071949
Tlin09284-RA	GO:0003997
Tlin09284-RA	GO:0016627
Tlin04671-RA	GO:0005515
Tlin04671-RA	GO:0046983
Tlin04671-RA	GO:0046983
Tlin04671-RA	GO:0046983
Tlin04671-RA	GO:0006355
Tlin00643-RA	GO:0005515
Tlin00643-RA	GO:0005515
Tlin00643-RA	GO:0005515
Tlin00643-RA	GO:0016020
Tlin00643-RA	GO:0007166
Tlin01256-RA	GO:0006355
Tlin01256-RA	GO:0003700
Tlin01256-RA	GO:0006357
Tlin01256-RA	GO:0003700
Tlin01256-RA	GO:0006355
Tlin01256-RA	GO:0003700
Tlin02771-RA	GO:0003824
Tlin02771-RA	GO:0004767
Tlin12443-RA	GO:0045333
Tlin12443-RA	GO:0048039
Tlin12443-RA	GO:0006744
Tlin12443-RA	GO:0045333
Tlin12443-RA	GO:0048039
Tlin12443-RA	GO:0006744
Tlin12369-RA	GO:0034474
Tlin12369-RA	GO:0032039
Tlin02092-RA	GO:0006508
Tlin02092-RA	GO:0004252
Tlin02092-RA	GO:0006508
Tlin02092-RA	GO:0004252
Tlin09302-RA	GO:0005524
Tlin09302-RA	GO:0006468
Tlin09302-RA	GO:0004672
Tlin09302-RA	GO:0005524
Tlin09302-RA	GO:0006468
Tlin09302-RA	GO:0004672
Tlin03045-RA	GO:0005524
Tlin03045-RA	GO:0005524
Tlin03045-RA	GO:1902600
Tlin03045-RA	GO:0046034
Tlin03045-RA	GO:0046961
Tlin03045-RA	GO:0046034
Tlin03045-RA	GO:1902600
Tlin03045-RA	GO:0046034
Tlin12144-RA	GO:0006470
Tlin12144-RA	GO:0004725
Tlin12144-RA	GO:0005515
Tlin12144-RA	GO:0005515
Tlin12144-RA	GO:0005515
Tlin12144-RA	GO:0016791
Tlin12144-RA	GO:0016311
Tlin06290-RA	GO:0007275
Tlin06290-RA	GO:0006511
Tlin03135-RA	GO:0008270
Tlin03135-RA	GO:0005634
Tlin01222-RA	GO:0006508
Tlin01222-RA	GO:0004252
Tlin01222-RA	GO:0006508
Tlin01222-RA	GO:0004252
Tlin01222-RA	GO:0006508
Tlin01222-RA	GO:0004252
Tlin07877-RA	GO:0004518
Tlin07877-RA	GO:0016788
Tlin07877-RA	GO:0004518
Tlin07877-RA	GO:0016788
Tlin00213-RA	GO:0005524
Tlin00213-RA	GO:0016459
Tlin00213-RA	GO:0003774
Tlin00213-RA	GO:0005524
Tlin00213-RA	GO:0016459
Tlin00213-RA	GO:0003774
Tlin00213-RA	GO:0005524
Tlin00213-RA	GO:0016459
Tlin00213-RA	GO:0003774
Tlin00213-RA	GO:0005524
Tlin00213-RA	GO:0016459
Tlin00213-RA	GO:0003774
Tlin00213-RA	GO:0005524
Tlin00213-RA	GO:0016459
Tlin00213-RA	GO:0003774
Tlin00213-RA	GO:0005524
Tlin00213-RA	GO:0016459
Tlin00213-RA	GO:0003774
Tlin00213-RA	GO:0005515
Tlin00213-RA	GO:0016459
Tlin00213-RA	GO:0005524
Tlin00213-RA	GO:0051015
Tlin00213-RA	GO:0003774
Tlin07165-RA	GO:0005524
Tlin07165-RA	GO:0016787
Tlin07165-RA	GO:0003677
Tlin02677-RA	GO:0016020
Tlin02677-RA	GO:1901642
Tlin02677-RA	GO:0005337
Tlin02677-RA	GO:0016020
Tlin02677-RA	GO:1901642
Tlin02677-RA	GO:0005337
Tlin13715-RA	GO:0006468
Tlin13715-RA	GO:0004672
Tlin13715-RA	GO:0005524
Tlin13715-RA	GO:0006468
Tlin13715-RA	GO:0004672
Tlin07901-RA	GO:0005515
Tlin07901-RA	GO:0030880
Tlin07901-RA	GO:0006352
Tlin07901-RA	GO:0044237
Tlin07901-RA	GO:0000166
Tlin12310-RA	GO:0016702
Tlin01729-RA	GO:0006779
Tlin01729-RA	GO:0004853
Tlin01729-RA	GO:0006779
Tlin01729-RA	GO:0004853
Tlin01729-RA	GO:0006779
Tlin01729-RA	GO:0004853
Tlin01729-RA	GO:0006779
Tlin01729-RA	GO:0004853
Tlin09694-RA	GO:0003677
Tlin09694-RA	GO:0003677
Tlin09694-RA	GO:0006355
Tlin09694-RA	GO:0000981
Tlin04351-RA	GO:0005515
Tlin04351-RA	GO:0005515
Tlin04351-RA	GO:0005515
Tlin00456-RA	GO:0005524
Tlin00456-RA	GO:0006000
Tlin00456-RA	GO:0003873
Tlin00456-RA	GO:0005524
Tlin00456-RA	GO:0006003
Tlin00456-RA	GO:0003824
Tlin05907-RA	GO:0016706
Tlin05907-RA	GO:0031418
Tlin05907-RA	GO:0005506
Tlin05216-RA	GO:0035556
Tlin06761-RA	GO:0004842
Tlin06761-RA	GO:0004842
Tlin06761-RA	GO:0061630
Tlin06761-RA	GO:0006511
Tlin06761-RA	GO:0005515
Tlin06761-RA	GO:0046872
Tlin06761-RA	GO:0004842
Tlin06761-RA	GO:0004842
Tlin06761-RA	GO:0016567
Tlin06761-RA	GO:0046872
Tlin06761-RA	GO:0004842
Tlin07284-RA	GO:0004527
Tlin07284-RA	GO:0003676
Tlin06586-RA	GO:0007010
Tlin06586-RA	GO:0003779
Tlin06586-RA	GO:0007010
Tlin06586-RA	GO:0003779
Tlin08259-RA	GO:0005515
Tlin08259-RA	GO:0031146
Tlin08259-RA	GO:0019005
Tlin08259-RA	GO:0005515
Tlin01338-RA	GO:0022857
Tlin01338-RA	GO:0055085
Tlin01338-RA	GO:0016020
Tlin01338-RA	GO:0055085
Tlin01338-RA	GO:0022857
Tlin08598-RA	GO:0006629
Tlin08598-RA	GO:0006629
Tlin12717-RA	GO:0006313
Tlin12717-RA	GO:0004803
Tlin12717-RA	GO:0043565
Tlin03463-RA	GO:0005524
Tlin03463-RA	GO:0032508
Tlin03463-RA	GO:0003677
Tlin03463-RA	GO:0005524
Tlin03463-RA	GO:0032508
Tlin03463-RA	GO:0003677
Tlin03463-RA	GO:0005524
Tlin03463-RA	GO:0006260
Tlin03463-RA	GO:0003677
Tlin01420-RA	GO:0003723
Tlin12839-RA	GO:0005515
Tlin05185-RA	GO:0005524
Tlin05185-RA	GO:0003676
Tlin02369-RA	GO:0005509
Tlin02369-RA	GO:0005509
Tlin02369-RA	GO:0005509
Tlin09816-RA	GO:0015986
Tlin09816-RA	GO:0046933
Tlin09816-RA	GO:0000275
Tlin09816-RA	GO:0015986
Tlin09816-RA	GO:0046933
Tlin09816-RA	GO:0000275
Tlin09816-RA	GO:0015986
Tlin09816-RA	GO:0046933
Tlin09816-RA	GO:0000275
Tlin09816-RA	GO:0015986
Tlin09816-RA	GO:0046933
Tlin09816-RA	GO:0000275
Tlin03406-RA	GO:0005515
Tlin12834-RA	GO:0046983
Tlin12834-RA	GO:0046983
Tlin12834-RA	GO:0046983
Tlin00235-RA	GO:0005509
Tlin10906-RA	GO:0005515
Tlin10906-RA	GO:0003723
Tlin10906-RA	GO:0005515
Tlin10906-RA	GO:0003723
Tlin10906-RA	GO:0003743
Tlin09908-RA	GO:0005525
Tlin09908-RA	GO:0005794
Tlin09908-RA	GO:0005802
Tlin09908-RA	GO:0016192
Tlin09908-RA	GO:0031982
Tlin09908-RA	GO:0003924
Tlin09908-RA	GO:0005525
Tlin09908-RA	GO:0003924
Tlin05542-RA	GO:0006516
Tlin05542-RA	GO:0005737
Tlin05542-RA	GO:0005975
Tlin05542-RA	GO:0004553
Tlin05542-RA	GO:0005975
Tlin05542-RA	GO:0004563
Tlin06319-RA	GO:0007186
Tlin06319-RA	GO:0016020
Tlin06319-RA	GO:0004930
Tlin12043-RA	GO:0006914
Tlin13322-RA	GO:0005515
Tlin13322-RA	GO:0003755
Tlin13322-RA	GO:0000413
Tlin13322-RA	GO:0006457
Tlin13322-RA	GO:0003755
Tlin08537-RA	GO:0003723
Tlin08537-RA	GO:0003723
Tlin08537-RA	GO:0003676
Tlin08537-RA	GO:0003676
Tlin12489-RA	GO:0005549
Tlin12489-RA	GO:0007608
Tlin12489-RA	GO:0016020
Tlin12489-RA	GO:0004984
Tlin12489-RA	GO:0005549
Tlin12489-RA	GO:0007608
Tlin12489-RA	GO:0016020
Tlin12489-RA	GO:0004984
Tlin13173-RA	GO:0003676
Tlin13173-RA	GO:0015074
Tlin12693-RA	GO:0003676
Tlin12693-RA	GO:0015074
Tlin06573-RA	GO:0005525
Tlin06573-RA	GO:0005525
Tlin06573-RA	GO:0003924
Tlin06190-RA	GO:0005840
Tlin06190-RA	GO:0006412
Tlin06190-RA	GO:0003735
Tlin06190-RA	GO:0005840
Tlin06190-RA	GO:0006412
Tlin06190-RA	GO:0003735
Tlin02351-RA	GO:0048040
Tlin02351-RA	GO:0070403
Tlin02351-RA	GO:0042732
Tlin04330-RA	GO:0005549
Tlin04330-RA	GO:0007608
Tlin04330-RA	GO:0016020
Tlin04330-RA	GO:0004984
Tlin04330-RA	GO:0005549
Tlin04330-RA	GO:0007608
Tlin04330-RA	GO:0016020
Tlin04330-RA	GO:0004984
Tlin02952-RA	GO:0006465
Tlin02952-RA	GO:0004252
Tlin02952-RA	GO:0006465
Tlin02952-RA	GO:0004252
Tlin02952-RA	GO:0006465
Tlin02952-RA	GO:0004252
Tlin03446-RA	GO:0043565
Tlin08681-RA	GO:0005515
Tlin08681-RA	GO:0005515
Tlin08681-RA	GO:0005515
Tlin08681-RA	GO:0005515
Tlin08681-RA	GO:0005515
Tlin08681-RA	GO:0005515
Tlin08681-RA	GO:0005515
Tlin08681-RA	GO:0005515
Tlin08681-RA	GO:0016575
Tlin08681-RA	GO:0003714
Tlin00032-RA	GO:0036211
Tlin13361-RA	GO:0034066
Tlin13361-RA	GO:0006886
Tlin13361-RA	GO:0005515
Tlin12681-RA	GO:0042803
Tlin12681-RA	GO:0045450
Tlin12681-RA	GO:0003723
Tlin09325-RA	GO:0016020
Tlin09325-RA	GO:0005509
Tlin09325-RA	GO:0016020
Tlin09325-RA	GO:0005509
Tlin09325-RA	GO:0007155
Tlin09325-RA	GO:0005886
Tlin09325-RA	GO:0007155
Tlin09325-RA	GO:0005886
Tlin09325-RA	GO:0016020
Tlin09325-RA	GO:0005509
Tlin09325-RA	GO:0016020
Tlin09325-RA	GO:0005509
Tlin09325-RA	GO:0007156
Tlin09325-RA	GO:0016020
Tlin09325-RA	GO:0005509
Tlin09325-RA	GO:0007156
Tlin09325-RA	GO:0016020
Tlin09325-RA	GO:0005509
Tlin09325-RA	GO:0007156
Tlin09325-RA	GO:0016020
Tlin09325-RA	GO:0005509
Tlin09325-RA	GO:0007156
Tlin09325-RA	GO:0016020
Tlin09325-RA	GO:0005509
Tlin09325-RA	GO:0007156
Tlin09325-RA	GO:0016020
Tlin09325-RA	GO:0005509
Tlin09325-RA	GO:0007156
Tlin09325-RA	GO:0016020
Tlin09325-RA	GO:0005509
Tlin09325-RA	GO:0007156
Tlin09325-RA	GO:0016020
Tlin09325-RA	GO:0005509
Tlin09325-RA	GO:0016020
Tlin09325-RA	GO:0005509
Tlin09325-RA	GO:0016020
Tlin09325-RA	GO:0005509
Tlin09325-RA	GO:0016020
Tlin09325-RA	GO:0005509
Tlin09325-RA	GO:0007155
Tlin09325-RA	GO:0005886
Tlin09325-RA	GO:0016020
Tlin09325-RA	GO:0005509
Tlin09325-RA	GO:0016020
Tlin09325-RA	GO:0005509
Tlin09325-RA	GO:0007155
Tlin09325-RA	GO:0005886
Tlin09325-RA	GO:0016020
Tlin09325-RA	GO:0005509
Tlin09325-RA	GO:0007155
Tlin09325-RA	GO:0005886
Tlin09325-RA	GO:0007155
Tlin09325-RA	GO:0005886
Tlin09325-RA	GO:0016020
Tlin09325-RA	GO:0005509
Tlin09325-RA	GO:0016020
Tlin09325-RA	GO:0005509
Tlin03576-RA	GO:0008236
Tlin03576-RA	GO:0006508
Tlin03576-RA	GO:0008236
Tlin03576-RA	GO:0006508
Tlin13563-RA	GO:0043565
Tlin11958-RA	GO:0006508
Tlin11958-RA	GO:0006508
Tlin11958-RA	GO:0004222
Tlin11958-RA	GO:0006508
Tlin11958-RA	GO:0004222
Tlin11958-RA	GO:0008237
Tlin11958-RA	GO:0008237
Tlin11958-RA	GO:0006508
Tlin11958-RA	GO:0004222
Tlin06531-RA	GO:0006913
Tlin06531-RA	GO:0008139
Tlin06531-RA	GO:0017056
Tlin06531-RA	GO:0005643
Tlin07538-RA	GO:0003677
Tlin07538-RA	GO:0006355
Tlin07538-RA	GO:0003700
Tlin07538-RA	GO:0006355
Tlin07538-RA	GO:0003700
Tlin07538-RA	GO:0006355
Tlin07538-RA	GO:0003700
Tlin06276-RA	GO:0003677
Tlin06276-RA	GO:0003677
Tlin06276-RA	GO:0003677
Tlin06276-RA	GO:0003677
Tlin10908-RA	GO:0030001
Tlin10908-RA	GO:0046873
Tlin10908-RA	GO:0055085
Tlin10908-RA	GO:0016020
Tlin11019-RA	GO:0005515
Tlin11019-RA	GO:0005515
Tlin12221-RA	GO:0005515
Tlin12221-RA	GO:0046872
Tlin06555-RA	GO:0006355
Tlin06555-RA	GO:0043565
Tlin06555-RA	GO:0003700
Tlin06555-RA	GO:0006355
Tlin06555-RA	GO:0043565
Tlin06555-RA	GO:0003700
Tlin06555-RA	GO:0006357
Tlin06555-RA	GO:0003700
Tlin06555-RA	GO:0006355
Tlin06555-RA	GO:0043565
Tlin06555-RA	GO:0003700
Tlin06555-RA	GO:0043565
Tlin08628-RA	GO:0016020
Tlin09061-RA	GO:0005549
Tlin09061-RA	GO:0007608
Tlin09061-RA	GO:0016020
Tlin09061-RA	GO:0004984
Tlin09061-RA	GO:0005549
Tlin09061-RA	GO:0007608
Tlin09061-RA	GO:0016020
Tlin09061-RA	GO:0004984
Tlin12427-RA	GO:0003676
Tlin09138-RA	GO:0006814
Tlin09138-RA	GO:0016020
Tlin09138-RA	GO:0005272
Tlin09138-RA	GO:0005515
Tlin09138-RA	GO:0005515
Tlin09138-RA	GO:0005515
Tlin07259-RA	GO:0003779
Tlin07259-RA	GO:0030042
Tlin07259-RA	GO:0015629
Tlin07259-RA	GO:0030042
Tlin07259-RA	GO:0015629
Tlin14149-RA	GO:0003677
Tlin14149-RA	GO:0046982
Tlin14149-RA	GO:0046982
Tlin14149-RA	GO:0003677
Tlin14149-RA	GO:0030527
Tlin14149-RA	GO:0000786
Tlin09572-RA	GO:0005515
Tlin09572-RA	GO:0005515
Tlin09572-RA	GO:0005515
Tlin09572-RA	GO:0005515
Tlin09572-RA	GO:0005515
Tlin09572-RA	GO:0005515
Tlin09572-RA	GO:0005515
Tlin09572-RA	GO:0005515
Tlin09894-RA	GO:0008270
Tlin09894-RA	GO:0008270
Tlin04322-RA	GO:0016491
Tlin03657-RA	GO:0005840
Tlin03657-RA	GO:0006412
Tlin03657-RA	GO:0003735
Tlin03657-RA	GO:0005840
Tlin03657-RA	GO:0006412
Tlin03657-RA	GO:0003735
Tlin03657-RA	GO:0005840
Tlin03657-RA	GO:0006412
Tlin03657-RA	GO:0003735
Tlin05385-RA	GO:0005524
Tlin05385-RA	GO:0016887
Tlin05385-RA	GO:0004017
Tlin00200-RA	GO:0016020
Tlin00200-RA	GO:0016020
Tlin00200-RA	GO:0016020
Tlin00200-RA	GO:0016020
Tlin06066-RA	GO:0042765
Tlin06066-RA	GO:0016020
Tlin06066-RA	GO:0042765
Tlin06066-RA	GO:0016020
Tlin03665-RA	GO:0008061
Tlin03665-RA	GO:0008061
Tlin03665-RA	GO:0005576
Tlin12990-RA	GO:0008270
Tlin12990-RA	GO:0006355
Tlin12990-RA	GO:0004879
Tlin12990-RA	GO:0003677
Tlin12990-RA	GO:0006355
Tlin12990-RA	GO:0008270
Tlin12990-RA	GO:0043565
Tlin12990-RA	GO:0003700
Tlin12990-RA	GO:0006355
Tlin12990-RA	GO:0008270
Tlin12990-RA	GO:0043565
Tlin12990-RA	GO:0003700
Tlin03234-RA	GO:0006355
Tlin03234-RA	GO:0043565
Tlin03234-RA	GO:0003700
Tlin03234-RA	GO:0019904
Tlin03234-RA	GO:0008134
Tlin03234-RA	GO:0006355
Tlin03234-RA	GO:0043565
Tlin03234-RA	GO:0003700
Tlin03234-RA	GO:0006355
Tlin03234-RA	GO:0043565
Tlin03234-RA	GO:0003700
Tlin07506-RA	GO:0016409
Tlin09656-RA	GO:0006508
Tlin09656-RA	GO:0004252
Tlin09656-RA	GO:0006508
Tlin09656-RA	GO:0004252
Tlin09656-RA	GO:0006508
Tlin09656-RA	GO:0004252
Tlin11152-RA	GO:0007155
Tlin11152-RA	GO:0005509
Tlin11152-RA	GO:0007155
Tlin11152-RA	GO:0005509
Tlin11152-RA	GO:0007155
Tlin11152-RA	GO:0005509
Tlin11152-RA	GO:0007155
Tlin11152-RA	GO:0005509
Tlin11152-RA	GO:0007155
Tlin11152-RA	GO:0005509
Tlin11152-RA	GO:0007155
Tlin11152-RA	GO:0005509
Tlin11152-RA	GO:0005509
Tlin11152-RA	GO:0005509
Tlin11152-RA	GO:0005509
Tlin11152-RA	GO:0005509
Tlin11152-RA	GO:0005509
Tlin11152-RA	GO:0005509
Tlin11152-RA	GO:0005509
Tlin11152-RA	GO:0005509
Tlin11152-RA	GO:0005509
Tlin11152-RA	GO:0005509
Tlin11152-RA	GO:0005576
Tlin11152-RA	GO:0007155
Tlin11152-RA	GO:0005509
Tlin06014-RA	GO:0030286
Tlin06014-RA	GO:0007017
Tlin06014-RA	GO:0030286
Tlin06014-RA	GO:0007017
Tlin06014-RA	GO:0030286
Tlin06014-RA	GO:0007017
Tlin06014-RA	GO:0030286
Tlin06014-RA	GO:0007017
Tlin06700-RA	GO:0016043
Tlin06700-RA	GO:0003779
Tlin06700-RA	GO:0030036
Tlin06700-RA	GO:0031267
Tlin06700-RA	GO:0003779
Tlin08063-RA	GO:0016020
Tlin08063-RA	GO:0005515
Tlin08063-RA	GO:0005515
Tlin08063-RA	GO:0005515
Tlin08063-RA	GO:0005515
Tlin08063-RA	GO:0005515
Tlin08063-RA	GO:0005515
Tlin02900-RA	GO:0070403
Tlin04207-RA	GO:0006468
Tlin04207-RA	GO:0004672
Tlin04207-RA	GO:0005524
Tlin04207-RA	GO:0006468
Tlin04207-RA	GO:0004672
Tlin00115-RA	GO:0005515
Tlin00115-RA	GO:0005515
Tlin00115-RA	GO:0005515
Tlin00647-RA	GO:0090266
Tlin00647-RA	GO:0005680
Tlin00647-RA	GO:0090266
Tlin00647-RA	GO:0005680
Tlin11934-RA	GO:0006367
Tlin11934-RA	GO:0005672
Tlin11934-RA	GO:0006367
Tlin11934-RA	GO:0005672
Tlin11934-RA	GO:0006367
Tlin11934-RA	GO:0005672
Tlin11934-RA	GO:0006367
Tlin11934-RA	GO:0005672
Tlin12123-RA	GO:0005840
Tlin12123-RA	GO:0006412
Tlin12123-RA	GO:0003735
Tlin12123-RA	GO:0005840
Tlin12123-RA	GO:0006412
Tlin12123-RA	GO:0003735
Tlin12123-RA	GO:0005840
Tlin12123-RA	GO:0006412
Tlin12123-RA	GO:0003735
Tlin02346-RA	GO:0042981
Tlin02346-RA	GO:0042981
Tlin02346-RA	GO:0042981
Tlin02346-RA	GO:0042981
Tlin09036-RA	GO:0006355
Tlin09036-RA	GO:0043565
Tlin09036-RA	GO:0003700
Tlin09036-RA	GO:0006355
Tlin09036-RA	GO:0043565
Tlin09036-RA	GO:0003700
Tlin09036-RA	GO:0006355
Tlin09036-RA	GO:0043565
Tlin09036-RA	GO:0003700
Tlin07307-RA	GO:0070403
Tlin11751-RA	GO:0008168
Tlin11751-RA	GO:0032259
Tlin11751-RA	GO:0003676
Tlin14031-RA	GO:0006396
Tlin14031-RA	GO:0005634
Tlin14031-RA	GO:0005515
Tlin14031-RA	GO:0000398
Tlin14031-RA	GO:0005515
Tlin14031-RA	GO:0005515
Tlin14031-RA	GO:0005515
Tlin14031-RA	GO:0005515
Tlin14031-RA	GO:0005515
Tlin14031-RA	GO:0005515
Tlin14031-RA	GO:0005515
Tlin14031-RA	GO:0005515
Tlin14031-RA	GO:0005515
Tlin11548-RA	GO:0005515
Tlin00223-RA	GO:1902600
Tlin00223-RA	GO:0000221
Tlin00223-RA	GO:0046961
Tlin00223-RA	GO:1902600
Tlin00223-RA	GO:0000221
Tlin00223-RA	GO:0046961
Tlin00223-RA	GO:1902600
Tlin00223-RA	GO:0000221
Tlin12947-RA	GO:0008235
Tlin12947-RA	GO:0006508
Tlin10029-RA	GO:0003676
Tlin10029-RA	GO:0006139
Tlin10029-RA	GO:0008408
Tlin10029-RA	GO:0003676
Tlin14833-RA	GO:0003676
Tlin14833-RA	GO:0006139
Tlin14833-RA	GO:0008408
Tlin14833-RA	GO:0003676
Tlin08706-RA	GO:0032511
Tlin01193-RA	GO:0003723
Tlin01193-RA	GO:0003676
Tlin04617-RA	GO:0005507
Tlin04617-RA	GO:0005507
Tlin04617-RA	GO:0016491
Tlin04617-RA	GO:0005507
Tlin13387-RA	GO:0003824
Tlin13387-RA	GO:0006807
Tlin13387-RA	GO:0006807
Tlin08212-RA	GO:0005509
Tlin08212-RA	GO:0005509
Tlin08212-RA	GO:0005509
Tlin03947-RA	GO:0005509
Tlin03947-RA	GO:0005509
Tlin03947-RA	GO:0005509
Tlin03947-RA	GO:0005509
Tlin11947-RA	GO:0003677
Tlin11947-RA	GO:0046983
Tlin06585-RA	GO:0033617
Tlin06585-RA	GO:0005739
Tlin03396-RA	GO:0055085
Tlin03396-RA	GO:0022857
Tlin03396-RA	GO:0055085
Tlin03396-RA	GO:0022857
Tlin08630-RA	GO:0006813
Tlin08630-RA	GO:0006814
Tlin08630-RA	GO:0005890
Tlin08630-RA	GO:0006813
Tlin08630-RA	GO:0006814
Tlin08630-RA	GO:0005890
Tlin06501-RA	GO:0033617
Tlin07786-RA	GO:0016020
Tlin07786-RA	GO:0004970
Tlin07786-RA	GO:0016020
Tlin07786-RA	GO:0015276
Tlin07841-RA	GO:0005524
Tlin07841-RA	GO:0015937
Tlin07841-RA	GO:0004594
Tlin01141-RA	GO:0031369
Tlin01141-RA	GO:0005085
Tlin01141-RA	GO:0005515
Tlin05384-RA	GO:0005515
Tlin05384-RA	GO:0005515
Tlin01350-RA	GO:0005515
Tlin01350-RA	GO:0005515
Tlin01350-RA	GO:0005515
Tlin01350-RA	GO:0005515
Tlin01350-RA	GO:0005515
Tlin01350-RA	GO:0005515
Tlin01350-RA	GO:0005515
Tlin03313-RA	GO:0006811
Tlin03313-RA	GO:0016020
Tlin03313-RA	GO:0055085
Tlin03313-RA	GO:0005216
Tlin02622-RA	GO:0005515
Tlin04677-RA	GO:0008410
Tlin04677-RA	GO:0008410
Tlin04677-RA	GO:0008410
Tlin04677-RA	GO:0008410
Tlin09180-RA	GO:0016192
Tlin09180-RA	GO:0016192
Tlin09180-RA	GO:0016192
Tlin13933-RA	GO:0006313
Tlin13933-RA	GO:0004803
Tlin01774-RA	GO:0005515
Tlin01774-RA	GO:0071526
Tlin01774-RA	GO:0017154
Tlin01774-RA	GO:0005515
Tlin12640-RA	GO:0070006
Tlin10402-RA	GO:0004500
Tlin10402-RA	GO:0003824
Tlin10402-RA	GO:0003824
Tlin10402-RA	GO:0005507
Tlin10402-RA	GO:0016715
Tlin10402-RA	GO:0004497
Tlin10402-RA	GO:0005507
Tlin10402-RA	GO:0016715
Tlin10402-RA	GO:0004497
Tlin10402-RA	GO:0016715
Tlin10402-RA	GO:0016715
Tlin09346-RA	GO:0000062
Tlin09346-RA	GO:0000062
Tlin09346-RA	GO:0000062
Tlin11242-RA	GO:0005525
Tlin11242-RA	GO:0003924
Tlin11242-RA	GO:0007165
Tlin11242-RA	GO:0016020
Tlin11242-RA	GO:0005525
Tlin13567-RA	GO:0006508
Tlin13567-RA	GO:0004185
Tlin13567-RA	GO:0006508
Tlin13567-RA	GO:0004185
Tlin13567-RA	GO:0006508
Tlin13567-RA	GO:0004185
Tlin12502-RA	GO:0003676
Tlin14799-RA	GO:0032456
Tlin03727-RA	GO:0005975
Tlin03727-RA	GO:0004553
Tlin10869-RA	GO:0060271
Tlin10869-RA	GO:0036064
Tlin02213-RA	GO:0000139
Tlin11796-RA	GO:0005975
Tlin11796-RA	GO:0004553
Tlin11796-RA	GO:0005975
Tlin11796-RA	GO:0004553
Tlin12117-RA	GO:0006139
Tlin12117-RA	GO:0019205
Tlin12117-RA	GO:0005524
Tlin09606-RA	GO:0006397
Tlin09606-RA	GO:0006406
Tlin09606-RA	GO:0000347
Tlin00103-RA	GO:0005506
Tlin00103-RA	GO:0016705
Tlin00103-RA	GO:0020037
Tlin00103-RA	GO:0004497
Tlin00103-RA	GO:0016705
Tlin00103-RA	GO:0005506
Tlin00103-RA	GO:0005506
Tlin00103-RA	GO:0016705
Tlin00103-RA	GO:0020037
Tlin00103-RA	GO:0004497
Tlin00103-RA	GO:0005506
Tlin00103-RA	GO:0016705
Tlin00103-RA	GO:0020037
Tlin00103-RA	GO:0004497
Tlin04564-RA	GO:0006807
Tlin04564-RA	GO:0016758
Tlin04564-RA	GO:0016811
Tlin04564-RA	GO:0003824
Tlin07140-RA	GO:0008168
Tlin07140-RA	GO:0009452
Tlin07140-RA	GO:0001510
Tlin06041-RA	GO:0005515
Tlin06041-RA	GO:0005515
Tlin06041-RA	GO:0004867
Tlin09845-RA	GO:0003677
Tlin09845-RA	GO:0006355
Tlin09845-RA	GO:0003700
Tlin09845-RA	GO:0006355
Tlin09845-RA	GO:0003700
Tlin09845-RA	GO:0003677
Tlin09845-RA	GO:0003677
Tlin09845-RA	GO:0003677
Tlin09845-RA	GO:0006355
Tlin09845-RA	GO:0003700
Tlin09845-RA	GO:0006355
Tlin09845-RA	GO:0000981
Tlin05777-RA	GO:0006529
Tlin05777-RA	GO:0004066
Tlin05777-RA	GO:0006529
Tlin05777-RA	GO:0004066
Tlin02297-RA	GO:0009058
Tlin00978-RA	GO:0008168
Tlin00978-RA	GO:0008168
Tlin14680-RA	GO:0005739
Tlin14680-RA	GO:0005739
Tlin13735-RA	GO:0005739
Tlin13735-RA	GO:0005739
Tlin09129-RA	GO:0045216
Tlin08689-RA	GO:0015631
Tlin08689-RA	GO:0008017
Tlin08689-RA	GO:0015631
Tlin08689-RA	GO:0015631
Tlin08689-RA	GO:0015631
Tlin08689-RA	GO:0015631
Tlin07267-RA	GO:0016787
Tlin02563-RA	GO:0008289
Tlin13191-RA	GO:0003824
Tlin13191-RA	GO:0003824
Tlin01650-RA	GO:0007186
Tlin01650-RA	GO:0016020
Tlin01650-RA	GO:0004930
Tlin01650-RA	GO:0007186
Tlin01650-RA	GO:0016020
Tlin01650-RA	GO:0004930
Tlin13678-RA	GO:0043565
Tlin02194-RA	GO:0006979
Tlin02194-RA	GO:0020037
Tlin02194-RA	GO:0004601
Tlin07398-RA	GO:0003755
Tlin07398-RA	GO:0005515
Tlin07398-RA	GO:0003755
Tlin07398-RA	GO:0005515
Tlin07029-RA	GO:0005524
Tlin07029-RA	GO:0005524
Tlin07029-RA	GO:0006468
Tlin07029-RA	GO:0004672
Tlin07029-RA	GO:0006468
Tlin07029-RA	GO:0004672
Tlin09603-RA	GO:0016020
Tlin14629-RA	GO:0016887
Tlin14629-RA	GO:0005524
Tlin14629-RA	GO:0016887
Tlin14629-RA	GO:0005524
Tlin14629-RA	GO:0016887
Tlin14629-RA	GO:0005524
Tlin14629-RA	GO:0016887
Tlin14629-RA	GO:0005524
Tlin14629-RA	GO:0016887
Tlin14629-RA	GO:0005524
Tlin14629-RA	GO:0016887
Tlin14629-RA	GO:0005524
Tlin14629-RA	GO:0035494
Tlin14629-RA	GO:0016887
Tlin05498-RA	GO:0005515
Tlin05498-RA	GO:0005515
Tlin05498-RA	GO:0005515
Tlin05498-RA	GO:0005515
Tlin04269-RA	GO:0005515
Tlin04269-RA	GO:0005515
Tlin06692-RA	GO:0005515
Tlin06692-RA	GO:0005515
Tlin06692-RA	GO:0005515
Tlin07525-RA	GO:0016020
Tlin07525-RA	GO:0006811
Tlin07525-RA	GO:0006811
Tlin07525-RA	GO:0016020
Tlin07525-RA	GO:0005230
Tlin07525-RA	GO:0005216
Tlin07525-RA	GO:0016020
Tlin07525-RA	GO:0034220
Tlin07525-RA	GO:0004888
Tlin07525-RA	GO:0006811
Tlin07525-RA	GO:0016020
Tlin07525-RA	GO:0005230
Tlin07525-RA	GO:0006811
Tlin07525-RA	GO:0016020
Tlin07525-RA	GO:0005230
Tlin07525-RA	GO:0016020
Tlin07525-RA	GO:0006811
Tlin07352-RA	GO:0016462
Tlin07352-RA	GO:0005737
Tlin08288-RA	GO:0006355
Tlin08288-RA	GO:0008270
Tlin08288-RA	GO:0043565
Tlin08288-RA	GO:0003700
Tlin08288-RA	GO:0008270
Tlin08288-RA	GO:0006355
Tlin08288-RA	GO:0006355
Tlin08288-RA	GO:0008270
Tlin08288-RA	GO:0043565
Tlin08288-RA	GO:0003700
Tlin09497-RA	GO:0016671
Tlin09497-RA	GO:0016671
Tlin05662-RA	GO:0005874
Tlin05662-RA	GO:0007017
Tlin05662-RA	GO:0005525
Tlin05662-RA	GO:0005525
Tlin05662-RA	GO:0007017
Tlin05662-RA	GO:0005874
Tlin06891-RA	GO:0003677
Tlin06891-RA	GO:0006355
Tlin06891-RA	GO:0000981
Tlin06891-RA	GO:0003677
Tlin01039-RA	GO:0000062
Tlin01039-RA	GO:0000062
Tlin03408-RA	GO:0004527
Tlin03408-RA	GO:0003676
Tlin03055-RA	GO:0005549
Tlin03055-RA	GO:0007608
Tlin03055-RA	GO:0016020
Tlin03055-RA	GO:0004984
Tlin03055-RA	GO:0005549
Tlin03055-RA	GO:0007608
Tlin03055-RA	GO:0016020
Tlin03055-RA	GO:0004984
Tlin01549-RA	GO:0006396
Tlin01549-RA	GO:0004525
Tlin01549-RA	GO:0006396
Tlin01549-RA	GO:0004525
Tlin01549-RA	GO:0005515
Tlin01549-RA	GO:0006396
Tlin01549-RA	GO:0004525
Tlin01549-RA	GO:0006396
Tlin01549-RA	GO:0004525
Tlin01549-RA	GO:0006396
Tlin01549-RA	GO:0004525
Tlin01549-RA	GO:0006396
Tlin01549-RA	GO:0004525
Tlin01549-RA	GO:0006396
Tlin01549-RA	GO:0004525
Tlin01549-RA	GO:0006396
Tlin01549-RA	GO:0004525
Tlin01549-RA	GO:0005515
Tlin01549-RA	GO:0005524
Tlin01549-RA	GO:0016787
Tlin01549-RA	GO:0003677
Tlin04466-RA	GO:0140658
Tlin04466-RA	GO:0005524
Tlin07052-RA	GO:0005515
Tlin07052-RA	GO:0005515
Tlin07052-RA	GO:0005515
Tlin06221-RA	GO:0036211
Tlin12468-RA	GO:0045333
Tlin12468-RA	GO:0048039
Tlin12468-RA	GO:0006744
Tlin12468-RA	GO:0045333
Tlin12468-RA	GO:0048039
Tlin12468-RA	GO:0006744
Tlin02078-RA	GO:0032981
Tlin02078-RA	GO:0016020
Tlin12463-RA	GO:0005525
Tlin08128-RA	GO:0006355
Tlin08128-RA	GO:0008270
Tlin08128-RA	GO:0043565
Tlin08128-RA	GO:0003700
Tlin08128-RA	GO:0006355
Tlin08128-RA	GO:0008270
Tlin08128-RA	GO:0043565
Tlin08128-RA	GO:0003700
Tlin08128-RA	GO:0008270
Tlin08128-RA	GO:0006355
Tlin02218-RA	GO:0005515
Tlin02218-RA	GO:0005515
Tlin02218-RA	GO:0005515
Tlin02218-RA	GO:0005515
Tlin02218-RA	GO:0005515
Tlin09802-RA	GO:0005525
Tlin09802-RA	GO:0003924
Tlin06617-RA	GO:0008324
Tlin06617-RA	GO:0016020
Tlin06617-RA	GO:0055085
Tlin06617-RA	GO:0006812
Tlin05973-RA	GO:0008146
Tlin05973-RA	GO:0008146
Tlin07643-RA	GO:0008324
Tlin07643-RA	GO:0008324
Tlin07643-RA	GO:0006812
Tlin07643-RA	GO:0008324
Tlin07643-RA	GO:0006812
Tlin07643-RA	GO:0008324
Tlin07643-RA	GO:0006812
Tlin07643-RA	GO:0008324
Tlin07643-RA	GO:0006812
Tlin07643-RA	GO:0008324
Tlin07643-RA	GO:0006812
Tlin07643-RA	GO:0008324
Tlin07643-RA	GO:0006812
Tlin08944-RA	GO:0051260
Tlin08944-RA	GO:0006811
Tlin08944-RA	GO:0016020
Tlin08944-RA	GO:0055085
Tlin08944-RA	GO:0005216
Tlin02090-RA	GO:0022857
Tlin02090-RA	GO:0055085
Tlin02090-RA	GO:0016020
Tlin02090-RA	GO:0055085
Tlin02090-RA	GO:0022857
Tlin12663-RA	GO:0005096
Tlin09916-RA	GO:0006541
Tlin09916-RA	GO:0004359
Tlin09916-RA	GO:0005515
Tlin09916-RA	GO:0006541
Tlin09916-RA	GO:0004359
Tlin05357-RA	GO:0005737
Tlin05357-RA	GO:0005852
Tlin05357-RA	GO:0003743
Tlin05357-RA	GO:0005737
Tlin05357-RA	GO:0005852
Tlin05357-RA	GO:0003743
Tlin07228-RA	GO:0003677
Tlin07228-RA	GO:0003677
Tlin02139-RA	GO:0046294
Tlin02139-RA	GO:0018738
Tlin02139-RA	GO:0005840
Tlin02139-RA	GO:0006412
Tlin02139-RA	GO:0008097
Tlin02139-RA	GO:0003735
Tlin12268-RA	GO:0006506
Tlin12268-RA	GO:0005789
Tlin12268-RA	GO:0015297
Tlin12268-RA	GO:0016020
Tlin12268-RA	GO:0055085
Tlin12268-RA	GO:1902600
Tlin12268-RA	GO:0006812
Tlin12268-RA	GO:0015385
Tlin12268-RA	GO:0016020
Tlin12268-RA	GO:1902600
Tlin12268-RA	GO:0006812
Tlin04249-RA	GO:0016614
Tlin04249-RA	GO:0050660
Tlin04249-RA	GO:0016614
Tlin04249-RA	GO:0050660
Tlin04249-RA	GO:0016614
Tlin04249-RA	GO:0050660
Tlin04249-RA	GO:0050660
Tlin04249-RA	GO:0016614
Tlin11551-RA	GO:0004402
Tlin11551-RA	GO:0005515
Tlin11551-RA	GO:0005515
Tlin11551-RA	GO:0005634
Tlin11551-RA	GO:0006355
Tlin11551-RA	GO:0004402
Tlin11551-RA	GO:0016747
Tlin11551-RA	GO:0005515
Tlin01456-RA	GO:0006164
Tlin01456-RA	GO:0004639
Tlin01456-RA	GO:0006189
Tlin01456-RA	GO:0006164
Tlin01456-RA	GO:0004639
Tlin03274-RA	GO:0003676
Tlin03164-RA	GO:0003700
Tlin03164-RA	GO:0006355
Tlin03164-RA	GO:0003677
Tlin03164-RA	GO:0006355
Tlin03164-RA	GO:0003700
Tlin03164-RA	GO:0005737
Tlin03164-RA	GO:0006355
Tlin03164-RA	GO:0003700
Tlin03164-RA	GO:0003700
Tlin03164-RA	GO:0006355
Tlin03164-RA	GO:0003677
Tlin07086-RA	GO:0097250
Tlin08460-RA	GO:0046872
Tlin08460-RA	GO:0046872
Tlin14805-RA	GO:0140359
Tlin14805-RA	GO:0016020
Tlin07843-RA	GO:0051082
Tlin07843-RA	GO:0006457
Tlin07843-RA	GO:0051082
Tlin07843-RA	GO:0006457
Tlin04187-RA	GO:0016868
Tlin04187-RA	GO:0005975
Tlin04187-RA	GO:0016868
Tlin04187-RA	GO:0005975
Tlin04187-RA	GO:0071704
Tlin04187-RA	GO:0016868
Tlin04187-RA	GO:0005975
Tlin04187-RA	GO:0004614
Tlin04187-RA	GO:0016868
Tlin04187-RA	GO:0005975
Tlin04187-RA	GO:0016868
Tlin04187-RA	GO:0005975
Tlin04187-RA	GO:0000287
Tlin04187-RA	GO:0005975
Tlin04187-RA	GO:0016868
Tlin04187-RA	GO:0005975
Tlin03376-RA	GO:0005681
Tlin03376-RA	GO:0000398
Tlin03376-RA	GO:0005681
Tlin03376-RA	GO:0000398
